#
# A fatal error has been detected by the Java Runtime Environment:
#
#  SIGSEGV (0xb) at pc=0x00007f674fe16260, pid=131997, tid=132000
#
# JRE version: OpenJDK Runtime Environment (26.0.1) (build 26.0.1)
# Java VM: OpenJDK 64-Bit Server VM (26.0.1, mixed mode, sharing, tiered, compressed oops, compressed class ptrs, g1 gc, linux-amd64)
# Problematic frame:
# C  [libwayland-client.so.0+0x3260]
#
# Core dump will be written. Default location: Determined by the following: "/usr/lib/systemd/systemd-coredump %P %u %g %s %t %c %h %d %F" (alternatively, falling back to /home/ferrium/Code/PepeTrace/core.131997)
#
# If you would like to submit a bug report, please visit:
#   https://bugreport.java.com/bugreport/crash.jsp
# The crash happened outside the Java Virtual Machine in native code.
# See problematic frame for where to report the bug.
#

---------------  S U M M A R Y ------------

Command Line: -Dfile.encoding=UTF-8 -Duser.country=US -Duser.language=en -Duser.variant org.pepetrace.Main

Host: AMD Ryzen 7 5800U with Radeon Graphics, 16 cores, 15G, Arch Linux
Time: Thu May 14 12:42:36 2026 MSK elapsed time: 3.195656 seconds (0d 0h 0m 3s)

---------------  T H R E A D  ---------------

Current thread (0x00007f675001a1d0):  JavaThread "main"             [_thread_in_native, id=132000, stack(0x00007f6759100000,0x00007f6759200000) (1024K)]

Stack: [0x00007f6759100000,0x00007f6759200000],  sp=0x00007f67591fdeb8,  free space=1015k
Native frames: (J=compiled Java code, j=interpreted, Vv=VM code, C=native code)
C  [libwayland-client.so.0+0x3260]
v  ~RuntimeStub::nep_invoker_blob 0x00007f673f68d320
j  java.lang.invoke.LambdaForm$MH+0x00000000340a4000.invoke(Ljava/lang/Object;JJII)V+14 java.base@26.0.1
j  java.lang.invoke.LambdaForm$MH+0x00000000340a6c00.invokeExact_MT(Ljava/lang/Object;JJIILjava/lang/Object;)V+25 java.base@26.0.1
j  jdk.internal.foreign.abi.DowncallStub+0x00000000340a4400.invoke(Ljava/lang/foreign/SegmentAllocator;Ljava/lang/foreign/MemorySegment;JII)V+58 java.base@26.0.1
j  java.lang.invoke.LambdaForm$DMH+0x00000000340a4800.invokeStatic(Ljava/lang/Object;Ljava/lang/Object;Ljava/lang/Object;JII)V+18 java.base@26.0.1
j  java.lang.invoke.LambdaForm$MH+0x00000000340a6000.invoke(Ljava/lang/Object;Ljava/lang/Object;JII)V+45 java.base@26.0.1
j  java.lang.invoke.LambdaForm$MH+0x00000000340a6400.invokeExact_MT(Ljava/lang/Object;Ljava/lang/Object;JIILjava/lang/Object;)V+25 java.base@26.0.1
j  org.lwjgl.system.JNIBindingsImpl+0x0000000034084000.invokePV(Ljava/lang/foreign/MemorySegment;JII)V+8
j  org.lwjgl.system.JNI.invokePV(JIIJ)V+11
j  org.lwjgl.glfw.GLFW.glfwSetWindowAttrib(JII)V+21
j  imgui.glfw.ImGuiImplGlfw.updateMouseData()V+281
j  imgui.glfw.ImGuiImplGlfw.newFrame()V+232
j  org.pepetrace.Drawers.ViewportDrawer.renderFrame()V+332
j  org.pepetrace.Main.main()V+494
v  ~StubRoutines::Stub Generator call_stub_stub 0x00007f673f2605a2
V  [libjvm.so+0x72936b]
V  [libjvm.so+0x7b3730]
V  [libjvm.so+0x7b89d1]
C  [libjli.so+0x54f1]
C  [libjli.so+0x572d]
C  [libc.so.6+0x981b9]
Java frames: (J=compiled Java code, j=interpreted, Vv=VM code)
v  ~RuntimeStub::nep_invoker_blob 0x00007f673f68d2e4
j  java.lang.invoke.LambdaForm$MH+0x00000000340a4000.invoke(Ljava/lang/Object;JJII)V+14 java.base@26.0.1
j  java.lang.invoke.LambdaForm$MH+0x00000000340a6c00.invokeExact_MT(Ljava/lang/Object;JJIILjava/lang/Object;)V+25 java.base@26.0.1
j  jdk.internal.foreign.abi.DowncallStub+0x00000000340a4400.invoke(Ljava/lang/foreign/SegmentAllocator;Ljava/lang/foreign/MemorySegment;JII)V+58 java.base@26.0.1
j  java.lang.invoke.LambdaForm$DMH+0x00000000340a4800.invokeStatic(Ljava/lang/Object;Ljava/lang/Object;Ljava/lang/Object;JII)V+18 java.base@26.0.1
j  java.lang.invoke.LambdaForm$MH+0x00000000340a6000.invoke(Ljava/lang/Object;Ljava/lang/Object;JII)V+45 java.base@26.0.1
j  java.lang.invoke.LambdaForm$MH+0x00000000340a6400.invokeExact_MT(Ljava/lang/Object;Ljava/lang/Object;JIILjava/lang/Object;)V+25 java.base@26.0.1
j  org.lwjgl.system.JNIBindingsImpl+0x0000000034084000.invokePV(Ljava/lang/foreign/MemorySegment;JII)V+8
j  org.lwjgl.system.JNI.invokePV(JIIJ)V+11
j  org.lwjgl.glfw.GLFW.glfwSetWindowAttrib(JII)V+21
j  imgui.glfw.ImGuiImplGlfw.updateMouseData()V+281
j  imgui.glfw.ImGuiImplGlfw.newFrame()V+232
j  org.pepetrace.Drawers.ViewportDrawer.renderFrame()V+332
j  org.pepetrace.Main.main()V+494
v  ~StubRoutines::Stub Generator call_stub_stub 0x00007f673f2605a2

siginfo: si_signo: 11 (SIGSEGV), si_code: 1 (SEGV_MAPERR), si_addr: 0x0000000000000000

Registers:
RAX=0x00007f67591fdef0, RBX=0x0000000000000005, RCX=0x0000000000000000, RDX=0x00007f67591fdef0
RSP=0x00007f67591fdeb8, RBP=0x00007f67591fe070, RSI=0x00007f67591fded0, RDI=0x0000000000000000
R8 =0x00007f674fe1d000, R9 =0x00000000001461a1, R10=0x00007f67591fdf90, R11=0x00007f67513c8cd0
R12=0x0000000000000000, R13=0x00007f67591fe098, R14=0x00007f67591fe160, R15=0x00007f675001a1d0
RIP=0x00007f674fe16260, EFLAGS=0x0000000000010246, CSGSFS=0x002b000000000033, ERR=0x0000000000000004
  TRAPNO=0x000000000000000e

XMM[0]=0x0000000000000000 0x0000000000000000
XMM[1]=0x0000000000000000 0x4004d2b5520f74f1
XMM[2]=0x0000000000000000 0x41e36f1d88000000
XMM[3]=0x0000000000000000 0x0000000000000000
XMM[4]=0x0000000000000000 0x3fe8066b9a5552de
XMM[5]=0x0000000000000000 0x3f91f043644588a0
XMM[6]=0xbf3f171c504edc80 0xbf3f171c504edc80
XMM[7]=0x0000000000000000 0xbf73495acecc0f16
XMM[8]=0x0662a674a586143f 0x621f4ff69b5b6777
XMM[9]=0x5089456250894562 0x508945620f2501bc
XMM[10]=0x0000000000000000 0x00000000be9bbc5a
XMM[11]=0xa994f4bba994f4bb 0xa994f4bbb8b9f677
XMM[12]=0x0000000000000000 0x000000000f2501bc
XMM[13]=0x0000000000000000 0x00000000436d0000
XMM[14]=0x0000000000000000 0x4100000041000000
XMM[15]=0x0000000000000000 0x0000000000000000
  MXCSR=0x00001fa2


Register to memory mapping:

RAX=0x00007f67591fdef0 is pointing into the stack for thread: 0x00007f675001a1d0
RBX=0x0000000000000005 is an unknown value
RCX=0x0 is null
RDX=0x00007f67591fdef0 is pointing into the stack for thread: 0x00007f675001a1d0
RSP=0x00007f67591fdeb8 is pointing into the stack for thread: 0x00007f675001a1d0
RBP=0x00007f67591fe070 is pointing into the stack for thread: 0x00007f675001a1d0
RSI=0x00007f67591fded0 is pointing into the stack for thread: 0x00007f675001a1d0
RDI=0x0 is null
R8 =0x00007f674fe1d000: <offset 0x000000000000a000> in /usr/lib/libwayland-client.so.0 at 0x00007f674fe13000
R9 =0x00000000001461a1 is an unknown value
R10=0x00007f67591fdf90 is pointing into the stack for thread: 0x00007f675001a1d0
R11=0x00007f67513c8cd0 points into unknown readable memory: 0x00007f67513cb160 | 60 b1 3c 51 67 7f 00 00
R12=0x0 is null
R13=0x00007f67591fe098 is pointing into the stack for thread: 0x00007f675001a1d0
R14=0x00007f67591fe160 is pointing into the stack for thread: 0x00007f675001a1d0
R15=0x00007f675001a1d0 is a thread

Top of Stack: (sp=0x00007f67591fdeb8)
0x00007f67591fdeb8:   00007f674fe1a3e1 00007f66fc422760   ...Og...`'B.f...
0x00007f67591fdec8:   0000000300000000 0000003000000028   ........(...0...
0x00007f67591fded8:   00007f67591fe080 00007f67591fdfa0   ...Yg......Yg...
0x00007f67591fdee8:   00007f673f267738 00007f673f267738   8w&?g...8w&?g...
0x00007f67591fdef8:   00007f6751553070 0000000000000000   p0UQg...........
0x00007f67591fdf08:   00007f6750b59428 00007f67591fdf80   (..Pg......Yg...
0x00007f67591fdf18:   00007f673f267880 00007f673f267880   .x&?g....x&?g...
0x00007f67591fdf28:   0000000710f2c0b0 0000000710697b50   ........P{i.....
0x00007f67591fdf38:   fffffffffffffff7 00007f66fc69f902   ..........i.f...
0x00007f67591fdf48:   0000000000000003 00007f66fc69fda0   ..........i.f...
0x00007f67591fdf58:   00007f66fca50848 0000000710693338   H...f...83i.....
0x00007f67591fdf68:   00007f66fc69f948 0000000000000000   H.i.f...........
0x00007f67591fdf78:   00007f67591fdfa0 00007f67591fe730   ...Yg...0..Yg...
0x00007f67591fdf88:   00007f67381fa734 0000000710f27890   4..8g....x......
0x00007f67591fdf98:   266b763c95807900 0000000000000001   .y..<vk&........
0x00007f67591fdfa8:   00007f6750985b40 00007f67591fe020   @[.Pg... ..Yg...
0x00007f67591fdfb8:   00007f66c0cc9041 0000000000000002   A...f...........
0x00007f67591fdfc8:   0000000000000000 00007f67591fdfe0   ...........Yg...
0x00007f67591fdfd8:   00007f67591fdfe4 0000000100000111   ...Yg...........
0x00007f67591fdfe8:   266b763c95807900 00007f67591fe190   .y..<vk&...Yg...
0x00007f67591fdff8:   266b763c95807900 00007f6750994b98   .y..<vk&.K.Pg...
0x00007f67591fe008:   00007f6750985b40 00007f6750994b98   @[.Pg....K.Pg...
0x00007f67591fe018:   00007f6750732420 00007f67591fe140    $sPg...@..Yg...
0x00007f67591fe028:   00007f66c0cc9399 0000020000000000   ....f...........
0x00007f67591fe038:   00007f6750994b98 00007f675400c2a0   .K.Pg......Tg...
0x00007f67591fe048:   01017f6700000002 00007f67591fe090   ....g......Yg...
0x00007f67591fe058:   00007f66fc2f7738 0000000000000000   8w/.f...........
0x00007f67591fe068:   00007f67591fe098 00007f67591fe080   ...Yg......Yg...
0x00007f67591fe078:   00007f673f68d320 00007f67591fe118    .h?g......Yg...
0x00007f67591fe088:   00007f673f267738 00007f673f267738   8w&?g...8w&?g...
0x00007f67591fe098:   000000071065b4a8 0000000000000000   ..e.............
0x00007f67591fe0a8:   000000000002000d 00007f67513d1cb0   ..........=Qg...

Instructions: (pc=0x00007f674fe16260)
  0x00007f674fe16160:   ba 01 00 00 00 48 d3 e2 4c 85 c2 75 23 83 e2 01
  0x00007f674fe16170:   74 07 c7 46 04 01 00 00 00 0f b6 47 01 48 83 c7
  0x00007f674fe16180:   01 84 c0 75 d3 31 d2 48 89 f8 89 16 c3 0f 1f 00
  0x00007f674fe16190:   0f be d0 48 8d 47 01 89 16 c3 66 0f 1f 44 00 00
  0x00007f674fe161a0:   f3 0f 1e fa 48 8b 17 31 c0 48 85 d2 74 03 8b 42
  0x00007f674fe161b0:   10 c3 0f 1f 00 66 66 2e 0f 1f 84 00 00 00 00 00
  0x00007f674fe161c0:   0f b6 17 31 c0 84 d2 74 5f 41 b8 a1 61 14 00 0f
  0x00007f674fe161d0:   1f 44 00 00 66 66 2e 0f 1f 84 00 00 00 00 00 66
  0x00007f674fe161e0:   66 2e 0f 1f 84 00 00 00 00 00 66 66 2e 0f 1f 84
  0x00007f674fe161f0:   00 00 00 00 00 66 66 2e 0f 1f 84 00 00 00 00 00
  0x00007f674fe16200:   83 ea 61 31 c9 89 c6 49 0f a3 d0 0f 92 c1 01 c8
  0x00007f674fe16210:   80 fa 15 0f 43 c6 0f b6 57 01 48 83 c7 01 84 d2
  0x00007f674fe16220:   75 de c3 0f 1f 44 00 00 c3 0f 1f 80 00 00 00 00
  0x00007f674fe16230:   48 89 f0 48 89 f9 48 89 d6 41 b9 a1 61 14 00 48
  0x00007f674fe16240:   89 c2 4c 8d 90 a0 00 00 00 4c 8d 05 b0 6d 00 00
  0x00007f674fe16250:   0f 1f 44 00 00 66 66 2e 0f 1f 84 00 00 00 00 00
=>0x00007f674fe16260:   0f b6 01 84 c0 74 39 83 e8 61 48 83 c1 01 3c 14
  0x00007f674fe16270:   77 ee 49 0f a3 c1 0f b6 f8 73 e5 49 63 04 b8 4c
  0x00007f674fe16280:   01 c0 3e ff e0 0f 1f 00 8b 06 83 f8 2f 77 61 89
  0x00007f674fe16290:   c7 83 c0 08 48 03 7e 10 89 06 48 8b 07 48 89 02
  0x00007f674fe162a0:   48 83 c2 08 49 39 d2 75 b7 c3 66 0f 1f 44 00 00
  0x00007f674fe162b0:   8b 06 83 f8 2f 77 21 89 c7 83 c0 08 48 03 7e 10
  0x00007f674fe162c0:   89 06 8b 07 48 83 c2 08 89 42 f8 49 39 d2 75 90
  0x00007f674fe162d0:   c3 0f 1f 80 00 00 00 00 48 8b 7e 08 48 8d 47 08
  0x00007f674fe162e0:   48 89 46 08 eb dc 66 2e 0f 1f 84 00 00 00 00 00
  0x00007f674fe162f0:   48 8b 7e 08 48 8d 47 08 48 89 46 08 eb 9c 66 90
  0x00007f674fe16300:   f3 0f 1e fa 83 e2 01 75 07 b8 01 00 00 00 c3 90
  0x00007f674fe16310:   55 48 89 e5 ff 15 46 ba 00 00 b8 01 00 00 00 5d
  0x00007f674fe16320:   c3 0f 1f 40 00 66 66 2e 0f 1f 84 00 00 00 00 00
  0x00007f674fe16330:   55 48 89 e5 41 54 49 89 fc 49 83 e4 f8 53 49 01
  0x00007f674fe16340:   f4 48 c1 ef 03 74 49 48 89 f3 eb 1d 66 0f 1f 84
  0x00007f674fe16350:   00 00 00 00 00 66 66 2e 0f 1f 84 00 00 00 00 00


Stack slot to memory mapping:

stack at sp + 0 slots: 0x00007f674fe1a3e1: wl_proxy_marshal_flags+0x00000000000000c1 in /usr/lib/libwayland-client.so.0 at 0x00007f674fe13000
stack at sp + 1 slots: 0x00007f66fc422760 is pointing into metadata
stack at sp + 2 slots: 0x0000000300000000 is an unknown value
stack at sp + 3 slots: 0x0000003000000028 is an unknown value
stack at sp + 4 slots: 0x00007f67591fe080 is pointing into the stack for thread: 0x00007f675001a1d0
stack at sp + 5 slots: 0x00007f67591fdfa0 is pointing into the stack for thread: 0x00007f675001a1d0
stack at sp + 6 slots: 0x00007f673f267738 is at code_begin+1272 in an Interpreter codelet
return entry points  [0x00007f673f267240, 0x00007f673f267eb8]  3192 bytes
stack at sp + 7 slots: 0x00007f673f267738 is at code_begin+1272 in an Interpreter codelet
return entry points  [0x00007f673f267240, 0x00007f673f267eb8]  3192 bytes

Lock stack of current Java thread (top to bottom):

--------------------------------------------------------------------------------
Decoding CodeBlob, name: nep_invoker_blob, at  [0x00007f673f68d2e0, 0x00007f673f68d3c8]  232 bytes

Loading hsdis library failed, undisassembled code is shown in MachCode section
[MachCode]
  0x00007f673f68d2e0: 5548 8bec | c5f8 7749 | 89af 7804 | 0000 49ba | e4d2 683f | 677f 0000 | 4d89 9770 | 0400 0049 
  0x00007f673f68d300: 89a7 6804 | 0000 41c7 | 8704 0500 | 0004 0000 | 004c 8bd6 | 488b f148 | 8bfa 498b | d041 ffd2 
  0x00007f673f68d320: c5f8 7741 | c787 0405 | 0000 0500 | 0000 f083 | 4424 c000 | 493b 6f28 | 0f87 4d00 | 0000 4183 
  0x00007f673f68d340: bf00 0500 | 0000 0f85 | 3f00 0000 | 41c7 8704 | 0500 0008 | 0000 0041 | 83bf 8805 | 0000 020f 
  0x00007f673f68d360: 8444 0000 | 0049 c787 | 6804 0000 | 0000 0000 | 49c7 8778 | 0400 0000 | 0000 0049 | c787 7004 
  0x00007f673f68d380: 0000 0000 | 0000 c5f8 | 77c9 c349 | 8bff c5f8 | 774c 8be4 | 4883 ec00 | 4883 e4f0 | e8af b0ea 
  0x00007f673f68d3a0: 1849 8be4 | 4d33 e4eb | a3c5 f877 | 4c8b e448 | 83ec 0048 | 83e4 f0e8 | d471 2d19 | 498b e44d 
  0x00007f673f68d3c0: 33e4 eba1 | f4f4 f4f4 
[/MachCode]
--------------------------------------------------------------------------------


---------------  P R O C E S S  ---------------

Threads class SMR info:
_java_thread_list=0x00007f66dc04b400, length=14, elements={
0x00007f675001a1d0, 0x00007f675010b470, 0x00007f675010c430, 0x00007f675010d8a0,
0x00007f675010efb0, 0x00007f6750110800, 0x00007f6750112a60, 0x00007f6750114430,
0x00007f67501209f0, 0x00007f6750123270, 0x00007f66f00b6d30, 0x00007f66e03a64e0,
0x00007f675028c360, 0x00007f66d801a260
}

Java Threads: ( => current thread )
=>0x00007f675001a1d0 JavaThread "main"                              [_thread_in_native, id=132000, stack(0x00007f6759100000,0x00007f6759200000) (1024K)]
  0x00007f675010b470 JavaThread "Reference Handler"          daemon [_thread_blocked, id=132013, stack(0x00007f67340ef000,0x00007f67341ef000) (1024K)]
  0x00007f675010c430 JavaThread "Finalizer"                  daemon [_thread_blocked, id=132014, stack(0x00007f6729f00000,0x00007f672a000000) (1024K)]
  0x00007f675010d8a0 JavaThread "Signal Dispatcher"          daemon [_thread_blocked, id=132015, stack(0x00007f6729b00000,0x00007f6729c00000) (1024K)]
  0x00007f675010efb0 JavaThread "Service Thread"             daemon [_thread_blocked, id=132016, stack(0x00007f67299ff000,0x00007f6729aff000) (1024K)]
  0x00007f6750110800 JavaThread "Monitor Deflation Thread"   daemon [_thread_blocked, id=132017, stack(0x00007f67298fe000,0x00007f67299fe000) (1024K)]
  0x00007f6750112a60 JavaThread "C2 CompilerThread0"         daemon [_thread_blocked, id=132018, stack(0x00007f67297fd000,0x00007f67298fd000) (1024K)]
  0x00007f6750114430 JavaThread "C1 CompilerThread0"         daemon [_thread_blocked, id=132019, stack(0x00007f67296fc000,0x00007f67297fc000) (1024K)]
  0x00007f67501209f0 JavaThread "Notification Thread"        daemon [_thread_blocked, id=132020, stack(0x00007f67295fb000,0x00007f67296fb000) (1024K)]
  0x00007f6750123270 JavaThread "Common-Cleaner"             daemon [_thread_blocked, id=132021, stack(0x00007f67294fa000,0x00007f67295fa000) (1024K)]
  0x00007f66f00b6d30 JavaThread "C1 CompilerThread1"         daemon [_thread_blocked, id=132023, stack(0x00007f67292f8000,0x00007f67293f8000) (1024K)]
  0x00007f66e03a64e0 JavaThread "C1 CompilerThread2"         daemon [_thread_blocked, id=132025, stack(0x00007f67290f6000,0x00007f67291f6000) (1024K)]
  0x00007f675028c360 JavaThread "InnocuousThread-1"          daemon [_thread_blocked, id=132026, stack(0x00007f6728ff5000,0x00007f67290f5000) (1024K)]
  0x00007f66d801a260 JavaThread "C1 CompilerThread3"         daemon [_thread_blocked, id=132027, stack(0x00007f6728ef4000,0x00007f6728ff4000) (1024K)]
Total: 14

Other Threads:
  0x00007f6750101600 VMThread "VM Thread"                           [id=132012, stack(0x00007f675403e000,0x00007f675413e000) (1024K)]
  0x00007f67500efed0 WatcherThread "VM Periodic Task Thread"        [id=132011, stack(0x00007f674ff00000,0x00007f6750000000) (1024K)]
  0x00007f6750068780 WorkerThread "GC Thread#0"                     [id=132001, stack(0x00007f6755351000,0x00007f6755451000) (1024K)]
  0x00007f671000a0c0 WorkerThread "GC Thread#1"                     [id=132024, stack(0x00007f67291f7000,0x00007f67292f7000) (1024K)]
  0x00007f67100115a0 WorkerThread "GC Thread#2"                     [id=132028, stack(0x00007f6728df3000,0x00007f6728ef3000) (1024K)]
  0x00007f67100147e0 WorkerThread "GC Thread#3"                     [id=132042, stack(0x00007f66c0b00000,0x00007f66c0c00000) (1024K)]
  0x00007f6710010d90 WorkerThread "GC Thread#4"                     [id=132043, stack(0x00007f66b6500000,0x00007f66b6600000) (1024K)]
  0x00007f6710016210 WorkerThread "GC Thread#5"                     [id=132044, stack(0x00007f66b40fc000,0x00007f66b41fc000) (1024K)]
  0x00007f6710016f60 WorkerThread "GC Thread#6"                     [id=132045, stack(0x00007f669d4c8000,0x00007f669d5c8000) (1024K)]
  0x00007f6750080850 ConcurrentGCThread "G1 Main Marker"            [id=132002, stack(0x00007f6755250000,0x00007f6755350000) (1024K)]
  0x00007f67500819e0 WorkerThread "G1 Conc#0"                       [id=132003, stack(0x00007f675514f000,0x00007f675524f000) (1024K)]
  0x00007f67500d81f0 WorkerThread "G1 Refinement Workers#0"         [id=132005, stack(0x00007f6754240000,0x00007f6754340000) (1024K)]
  0x00007f67500d6f90 ConcurrentGCThread "G1 Refine Control"         [id=132004, stack(0x00007f6754341000,0x00007f6754441000) (1024K)]
  0x00007f67500d92f0 ConcurrentGCThread "G1 Service"                [id=132006, stack(0x00007f675413f000,0x00007f675423f000) (1024K)]
Total: 14

Threads with active compile tasks:
Total: 0

VM state: not at safepoint (normal execution)

VM Mutex/Monitor currently owned by a thread: None

Heap address: 0x000000070fc00000, size: 3844 MB, Compressed Oops mode: Zero based, Oop shift amount: 3

CDS archive(s) mapped at: [0x0000000033000000-0x0000000033da6000-0x0000000033da6000), size 14311424, SharedBaseAddress: 0x0000000033000000, ArchiveRelocationMode: 1.
Compressed class space mapped at: 0x0000000034000000-0x0000000074000000, reserved size: 1073741824
UseCompressedClassPointers 1, UseCompactObjectHeaders 0
Narrow klass pointer bits 32, Max shift 3
Narrow klass base: 0x0000000033000000, Narrow klass shift: 0
Encoding Range: [0x0000000033000000 - 0x0000000133000000), (4294967296 bytes)
Klass Range:    [0x0000000033000000 - 0x0000000074000000), (1090519040 bytes)
Klass ID Range:  [8 - 1090519033) (1090519025)
Protection zone: [0x0000000033000000 - 0x0000000033001000), (4096 bytes)

GC Precious Log:
 CardTable entry size: 512
 Card Set container configuration: InlinePtr #cards 4 size 8 Array Of Cards #cards 16 size 48 Howl #buckets 8 coarsen threshold 3686 Howl Bitmap #cards 512 size 80 coarsen threshold 460 Card regions per heap region 1 cards per card region 4096
 CPUs: 16 total, 16 available
 Memory: 15370M
 Large Page Support: Disabled
 NUMA Support: Disabled
 Compressed Oops: Enabled (Zero based)
 Heap Region Size: 2M
 Heap Min Capacity: 8M
 Heap Initial Capacity: 8M
 Heap Max Capacity: 3844M
 Pre-touch: Disabled
 Parallel Workers: 13
 Concurrent Workers: 3
 Concurrent Refinement Workers: 13
 Periodic GC: Disabled

Heap:
 garbage-first heap   total reserved 3936256K, committed 30720K, used 12157K [0x000000070fc00000, 0x0000000800000000)
  region size 2M, 5 eden (10M), 1 survivor (2M), 2 old (4M), 0 humongous (0M), 7 free (14M)

Heap Regions: E=young(eden), S=young(survivor), O=old, HS=humongous(starts), HC=humongous(continues), CS=collection set, F=free, TAMS=top-at-mark-start, PB=parsable bottom
|    0|0x000000070fc00000, 0x000000070fcdcf60, 0x000000070fe00000| 43%| O|  |TAMS 0x000000070fc00000| PB 0x000000070fc00000| Untracked |  0
|    1|0x000000070fe00000, 0x000000070fe00000, 0x0000000710000000|  0%| F|  |TAMS 0x000000070fe00000| PB 0x000000070fe00000| Untracked |  0
|    2|0x0000000710000000, 0x0000000710000000, 0x0000000710200000|  0%| F|  |TAMS 0x0000000710000000| PB 0x0000000710000000| Untracked |  0
|    3|0x0000000710200000, 0x0000000710200000, 0x0000000710400000|  0%| F|  |TAMS 0x0000000710200000| PB 0x0000000710200000| Untracked |  0
|    4|0x0000000710400000, 0x0000000710400000, 0x0000000710600000|  0%| F|  |TAMS 0x0000000710400000| PB 0x0000000710400000| Untracked |  0
|    5|0x0000000710600000, 0x00000007107de620, 0x0000000710800000| 93%| S|CS|TAMS 0x0000000710600000| PB 0x0000000710600000| Complete  |  0
|    6|0x0000000710800000, 0x0000000710800000, 0x0000000710a00000|  0%| F|  |TAMS 0x0000000710800000| PB 0x0000000710800000| Untracked |  0
|    7|0x0000000710a00000, 0x0000000710a00000, 0x0000000710c00000|  0%| F|  |TAMS 0x0000000710a00000| PB 0x0000000710a00000| Untracked |  0
|    8|0x0000000710c00000, 0x0000000710c00000, 0x0000000710e00000|  0%| F|  |TAMS 0x0000000710c00000| PB 0x0000000710c00000| Untracked |  0
|    9|0x0000000710e00000, 0x0000000710f46430, 0x0000000711000000| 63%| E|CS|TAMS 0x0000000710e00000| PB 0x0000000710e00000| Complete  |  0
|   10|0x0000000711000000, 0x0000000711200000, 0x0000000711200000|100%| E|CS|TAMS 0x0000000711000000| PB 0x0000000711000000| Complete  |  0
|   11|0x0000000711200000, 0x0000000711400000, 0x0000000711400000|100%| E|CS|TAMS 0x0000000711200000| PB 0x0000000711200000| Complete  |  0
|   12|0x0000000711400000, 0x0000000711600000, 0x0000000711600000|100%| E|CS|TAMS 0x0000000711400000| PB 0x0000000711400000| Complete  |  0
|   13|0x0000000711600000, 0x0000000711800000, 0x0000000711800000|100%| E|CS|TAMS 0x0000000711600000| PB 0x0000000711600000| Complete  |  0
| 1921|0x00000007ffe00000, 0x00000007fff24170, 0x0000000800000000| 57%| O|  |TAMS 0x00000007ffe00000| PB 0x00000007ffe00000| Untracked |  0

Card table byte_map: [0x00007f6755451000,0x00007f6755bd3000] _byte_map_base: 0x00007f6751bd3000
Refinement table byte_map: [0x00007f6755bd3000,0x00007f6756355000] _byte_map_base: 0x00007f6752355000

Marking Bits: (CMBitMap*) 0x00007f6750069490
 Bits: [0x00007f67341ef000, 0x00007f6737dff000)

Polling page: 0x00007f6759569000

Metaspace:
Metaspace        used 10964K, committed 11648K, reserved 1114112K
 class space     used 835K, committed 1088K, reserved 1048576K

Usage:
  Non-class:      9.89 MB used.
      Class:    835.50 KB used.
       Both:     10.71 MB used.

Virtual space:
  Non-class space:       64.00 MB reserved,      10.31 MB ( 16%) committed,  1 nodes.
      Class space:        1.00 GB reserved,       1.06 MB ( <1%) committed,  1 nodes.
             Both:        1.06 GB reserved,      11.38 MB (  1%) committed. 

Chunk freelists:
   Non-Class:  5.41 MB
       Class:  14.77 MB
        Both:  20.18 MB

MaxMetaspaceSize: unlimited
CompressedClassSpaceSize: 1.00 GB
Initial GC threshold: 21.00 MB
Current GC threshold: 21.00 MB
CDS: on
 - commit_granule_bytes: 65536.
 - commit_granule_words: 8192.
 - virtual_space_node_default_size: 8388608.
 - enlarge_chunks_in_place: 1.
UseCompressedClassPointers 1, UseCompactObjectHeaders 0
Narrow klass pointer bits 32, Max shift 3
Narrow klass base: 0x0000000033000000, Narrow klass shift: 0
Encoding Range: [0x0000000033000000 - 0x0000000133000000), (4294967296 bytes)
Klass Range:    [0x0000000033000000 - 0x0000000074000000), (1090519040 bytes)
Klass ID Range:  [8 - 1090519033) (1090519025)
Protection zone: [0x0000000033000000 - 0x0000000033001000), (4096 bytes)


Internal statistics:

num_allocs_failed_limit: 0.
num_arena_births: 914.
num_arena_deaths: 0.
num_vsnodes_births: 2.
num_vsnodes_deaths: 0.
num_space_committed: 179.
num_space_uncommitted: 0.
num_chunks_returned_to_freelist: 0.
num_chunks_taken_from_freelist: 1414.
num_chunk_merges: 0.
num_chunk_splits: 952.
num_chunks_enlarged: 548.
num_inconsistent_stats: 0.

CodeHeap 'non-profiled nmethods': size=119168Kb used=919Kb max_used=919Kb free=118248Kb
 bounds [0x00007f673f9a0000, 0x00007f673fc10000, 0x00007f6746e00000]
CodeHeap 'profiled nmethods': size=119168Kb used=4279Kb max_used=4279Kb free=114888Kb
 bounds [0x00007f6737dff000, 0x00007f673822f000, 0x00007f673f25f000]
CodeHeap 'non-nmethods': size=7428Kb used=4752Kb max_used=4784Kb free=2675Kb
 bounds [0x00007f673f25f000, 0x00007f673f70f000, 0x00007f673f9a0000]
CodeCache: size=245764Kb, used=9950Kb, max_used=9982Kb, free=235811Kb
 total_blobs=4784, nmethods=2862, adapters=1785, full_count=0
Compilation: enabled, stopped_count=0, restarted_count=0

Compilation events (20 events):
Event: 2.792 Thread 0x00007f66e03a64e0 nmethod 2850 0x00007f673822a388 code [0x00007f673822a480, 0x00007f673822a5a0]
Event: 2.792 Thread 0x00007f66e03a64e0 2854       3       org.lwjgl.opengl.GL20C::glVertexAttribPointer (12 bytes)
Event: 2.792 Thread 0x00007f66d801a260 nmethod 2851 0x00007f673822a688 code [0x00007f673822a780, 0x00007f673822a8a0]
Event: 2.792 Thread 0x00007f66e03a64e0 nmethod 2854 0x00007f673822a988 code [0x00007f673822aa80, 0x00007f673822ab80]
Event: 2.792 Thread 0x00007f6750114430 nmethod 2853 0x00007f673822ac88 code [0x00007f673822ad80, 0x00007f673822ae80]
Event: 2.792 Thread 0x00007f66f00b6d30 nmethod 2852 0x00007f673822af88 code [0x00007f673822b080, 0x00007f673822b180]
Event: 2.925 Thread 0x00007f66e03a64e0 2855       3       org.lwjgl.system.Pointer$Default::<init> (30 bytes)
Event: 2.925 Thread 0x00007f66e03a64e0 nmethod 2855 0x00007f673822b288 code [0x00007f673822b380, 0x00007f673822b5d8]
Event: 2.955 Thread 0x00007f6750112a60 2856       4       java.lang.AbstractStringBuilder::append (100 bytes)
Event: 2.958 Thread 0x00007f6750112a60 nmethod 2856 0x00007f673fa85308 code [0x00007f673fa85400, 0x00007f673fa85880]
Event: 2.991 Thread 0x00007f66d801a260 2857       3       java.lang.AbstractStringBuilder::repeat (71 bytes)
Event: 2.991 Thread 0x00007f66d801a260 nmethod 2857 0x00007f673822b608 code [0x00007f673822b700, 0x00007f673822c248]
Event: 3.007 Thread 0x00007f66d801a260 2859       3       jdk.internal.math.FormattedFPDecimal::plainCharsPureInteger (47 bytes)
Event: 3.007 Thread 0x00007f66d801a260 nmethod 2859 0x00007f673822c288 code [0x00007f673822c380, 0x00007f673822c6d8]
Event: 3.090 Thread 0x00007f66f00b6d30 2860       3       jdk.internal.math.FormattedFPDecimal::plainCharsMixed (71 bytes)
Event: 3.091 Thread 0x00007f66f00b6d30 nmethod 2860 0x00007f673822c708 code [0x00007f673822c800, 0x00007f673822cab0]
Event: 3.124 Thread 0x00007f66f00b6d30 2861       3       java.lang.String::newStringWithLatin1Bytes (42 bytes)
Event: 3.124 Thread 0x00007f66f00b6d30 nmethod 2861 0x00007f673822cb08 code [0x00007f673822cc00, 0x00007f673822ceb8]
Event: 3.174 Thread 0x00007f6750112a60 2862       4       java.lang.StringBuilder::charAt (6 bytes)
Event: 3.176 Thread 0x00007f6750112a60 nmethod 2862 0x00007f673fa85b88 code [0x00007f673fa85c80, 0x00007f673fa85da8]

GC Heap Usage History (14 events):
Event: 0.195 {heap Before GC invocations=0 (full 0):
 garbage-first heap   total reserved 3936256K, committed 10240K, used 5264K [0x000000070fc00000, 0x0000000800000000)
  region size 2M, 2 eden (4M), 0 survivor (0M), 1 old (2M), 0 humongous (0M), 2 free (4M)
}
Event: 0.198 {heap After GC invocations=1 (full 0):
 garbage-first heap   total reserved 3936256K, committed 10240K, used 2208K [0x000000070fc00000, 0x0000000800000000)
  region size 2M, 0 eden (0M), 1 survivor (2M), 1 old (2M), 0 humongous (0M), 3 free (6M)
}
Event: 0.249 {heap Before GC invocations=1 (full 0):
 garbage-first heap   total reserved 3936256K, committed 10240K, used 2208K [0x000000070fc00000, 0x0000000800000000)
  region size 2M, 1 eden (2M), 1 survivor (2M), 1 old (2M), 0 humongous (0M), 2 free (4M)
}
Event: 0.251 {heap After GC invocations=2 (full 0):
 garbage-first heap   total reserved 3936256K, committed 10240K, used 2229K [0x000000070fc00000, 0x0000000800000000)
  region size 2M, 0 eden (0M), 1 survivor (2M), 1 old (2M), 0 humongous (0M), 3 free (6M)
}
Event: 0.301 {heap Before GC invocations=2 (full 0):
 garbage-first heap   total reserved 3936256K, committed 10240K, used 2229K [0x000000070fc00000, 0x0000000800000000)
  region size 2M, 1 eden (2M), 1 survivor (2M), 1 old (2M), 0 humongous (0M), 2 free (4M)
}
Event: 0.303 {heap After GC invocations=3 (full 0):
 garbage-first heap   total reserved 3936256K, committed 10240K, used 2403K [0x000000070fc00000, 0x0000000800000000)
  region size 2M, 0 eden (0M), 1 survivor (2M), 1 old (2M), 0 humongous (0M), 3 free (6M)
}
Event: 0.343 {heap Before GC invocations=3 (full 0):
 garbage-first heap   total reserved 3936256K, committed 10240K, used 4451K [0x000000070fc00000, 0x0000000800000000)
  region size 2M, 1 eden (2M), 1 survivor (2M), 1 old (2M), 0 humongous (0M), 2 free (4M)
}
Event: 0.346 {heap After GC invocations=4 (full 0):
 garbage-first heap   total reserved 3936256K, committed 30720K, used 2549K [0x000000070fc00000, 0x0000000800000000)
  region size 2M, 0 eden (0M), 1 survivor (2M), 2 old (4M), 0 humongous (0M), 12 free (24M)
}
Event: 0.741 {heap Before GC invocations=4 (full 0):
 garbage-first heap   total reserved 3936256K, committed 30720K, used 16885K [0x000000070fc00000, 0x0000000800000000)
  region size 2M, 7 eden (14M), 1 survivor (2M), 2 old (4M), 0 humongous (0M), 5 free (10M)
}
Event: 0.744 {heap After GC invocations=5 (full 0):
 garbage-first heap   total reserved 3936256K, committed 30720K, used 3363K [0x000000070fc00000, 0x0000000800000000)
  region size 2M, 0 eden (0M), 1 survivor (2M), 2 old (4M), 0 humongous (0M), 12 free (24M)
}
Event: 1.032 {heap Before GC invocations=5 (full 0):
 garbage-first heap   total reserved 3936256K, committed 30720K, used 19747K [0x000000070fc00000, 0x0000000800000000)
  region size 2M, 8 eden (16M), 1 survivor (2M), 2 old (4M), 0 humongous (0M), 4 free (8M)
}
Event: 1.036 {heap After GC invocations=6 (full 0):
 garbage-first heap   total reserved 3936256K, committed 30720K, used 4042K [0x000000070fc00000, 0x0000000800000000)
  region size 2M, 0 eden (0M), 1 survivor (2M), 2 old (4M), 0 humongous (0M), 12 free (24M)
}
Event: 2.222 {heap Before GC invocations=6 (full 0):
 garbage-first heap   total reserved 3936256K, committed 30720K, used 20426K [0x000000070fc00000, 0x0000000800000000)
  region size 2M, 8 eden (16M), 1 survivor (2M), 2 old (4M), 0 humongous (0M), 4 free (8M)
}
Event: 2.225 {heap After GC invocations=7 (full 0):
 garbage-first heap   total reserved 3936256K, committed 30720K, used 3965K [0x000000070fc00000, 0x0000000800000000)
  region size 2M, 0 eden (0M), 1 survivor (2M), 2 old (4M), 0 humongous (0M), 12 free (24M)
}

Metaspace Usage History (14 events):
Event: 0.195 {metaspace Before GC invocations=0 (full 0):
 Metaspace       used 1932K, committed 2176K, reserved 1114112K
  class space    used 154K, committed 256K, reserved 1048576K
}
Event: 0.198 {metaspace After GC invocations=1 (full 0):
 Metaspace       used 1932K, committed 2176K, reserved 1114112K
  class space    used 154K, committed 256K, reserved 1048576K
}
Event: 0.249 {metaspace Before GC invocations=1 (full 0):
 Metaspace       used 2628K, committed 2880K, reserved 1114112K
  class space    used 232K, committed 320K, reserved 1048576K
}
Event: 0.251 {metaspace After GC invocations=2 (full 0):
 Metaspace       used 2628K, committed 2880K, reserved 1114112K
  class space    used 232K, committed 320K, reserved 1048576K
}
Event: 0.301 {metaspace Before GC invocations=2 (full 0):
 Metaspace       used 3335K, committed 3520K, reserved 1114112K
  class space    used 318K, committed 384K, reserved 1048576K
}
Event: 0.303 {metaspace After GC invocations=3 (full 0):
 Metaspace       used 3335K, committed 3520K, reserved 1114112K
  class space    used 318K, committed 384K, reserved 1048576K
}
Event: 0.343 {metaspace Before GC invocations=3 (full 0):
 Metaspace       used 4063K, committed 4288K, reserved 1114112K
  class space    used 422K, committed 512K, reserved 1048576K
}
Event: 0.346 {metaspace After GC invocations=4 (full 0):
 Metaspace       used 4063K, committed 4288K, reserved 1114112K
  class space    used 422K, committed 512K, reserved 1048576K
}
Event: 0.741 {metaspace Before GC invocations=4 (full 0):
 Metaspace       used 6301K, committed 6784K, reserved 1114112K
  class space    used 589K, committed 768K, reserved 1048576K
}
Event: 0.744 {metaspace After GC invocations=5 (full 0):
 Metaspace       used 6301K, committed 6784K, reserved 1114112K
  class space    used 589K, committed 768K, reserved 1048576K
}
Event: 1.032 {metaspace Before GC invocations=5 (full 0):
 Metaspace       used 10040K, committed 10624K, reserved 1114112K
  class space    used 781K, committed 1024K, reserved 1048576K
}
Event: 1.036 {metaspace After GC invocations=6 (full 0):
 Metaspace       used 10040K, committed 10624K, reserved 1114112K
  class space    used 781K, committed 1024K, reserved 1048576K
}
Event: 2.222 {metaspace Before GC invocations=6 (full 0):
 Metaspace       used 10910K, committed 11648K, reserved 1114112K
  class space    used 833K, committed 1088K, reserved 1048576K
}
Event: 2.225 {metaspace After GC invocations=7 (full 0):
 Metaspace       used 10910K, committed 11648K, reserved 1114112K
  class space    used 833K, committed 1088K, reserved 1048576K
}

Dll operation events (20 events):
Event: 0.026 Attempting to load shared library /usr/lib/jvm/java-26-openjdk/lib/libsimdsort.so
Event: 0.026 Loaded shared library /usr/lib/jvm/java-26-openjdk/lib/libsimdsort.so
Event: 0.035 Attempting to load shared library /usr/lib/jvm/java-26-openjdk/lib/libnio.so
Event: 0.035 Loaded shared library /usr/lib/jvm/java-26-openjdk/lib/libnio.so
Event: 0.039 Attempting to load shared library /usr/lib/jvm/java-26-openjdk/lib/libzip.so
Event: 0.039 Loaded shared library /usr/lib/jvm/java-26-openjdk/lib/libzip.so
Event: 0.107 Attempting to load shared library /usr/lib/jvm/java-26-openjdk/lib/libjimage.so
Event: 0.107 Loaded shared library /usr/lib/jvm/java-26-openjdk/lib/libjimage.so
Event: 0.113 Attempting to load shared library /usr/lib/jvm/java-26-openjdk/lib/libnet.so
Event: 0.113 Loaded shared library /usr/lib/jvm/java-26-openjdk/lib/libnet.so
Event: 0.123 Attempting to load shared library /tmp/lwjgl_ferrium/3.4.1+2/x64/liblwjgl.so
Event: 0.124 Loaded shared library /tmp/lwjgl_ferrium/3.4.1+2/x64/liblwjgl.so
Event: 0.719 Attempting to load shared library /tmp/lwjgl_ferrium/3.4.1+2/x64/liblwjgl_opengl.so
Event: 0.719 Loaded shared library /tmp/lwjgl_ferrium/3.4.1+2/x64/liblwjgl_opengl.so
Event: 0.842 Attempting to load shared library /tmp/lwjgl_ferrium/3.4.1+2/x64/liblwjgl_stb.so
Event: 0.842 Loaded shared library /tmp/lwjgl_ferrium/3.4.1+2/x64/liblwjgl_stb.so
Event: 0.920 Attempting to load shared library /tmp/imgui-java-natives/1.90.0/libimgui-java64.so
Event: 0.921 Loaded shared library /tmp/imgui-java-natives/1.90.0/libimgui-java64.so
Event: 1.065 Attempting to load shared library /usr/lib/jvm/java-26-openjdk/lib/libverify.so
Event: 1.066 Loaded shared library /usr/lib/jvm/java-26-openjdk/lib/libverify.so

Deoptimization events (20 events):
Event: 1.441 Thread 0x00007f675001a1d0 Uncommon trap: trap_request=0xffffffbe fr.pc=0x00007f673fa5faf8 relative=0x0000000000000478
Event: 1.441 Thread 0x00007f675001a1d0 Uncommon trap: reason=profile_predicate action=maybe_recompile pc=0x00007f673fa5faf8 method=org.lwjgl.system.MemoryUtil.encodeASCIIUnsafe(Ljava/lang/CharSequence;ZJ)I @ 15 c2
Event: 1.441 Thread 0x00007f675001a1d0 DEOPT PACKING pc=0x00007f673fa5faf8 sp=0x00007f67591fe320
Event: 1.441 Thread 0x00007f675001a1d0 DEOPT UNPACKING pc=0x00007f673f383af9 sp=0x00007f67591fe260 mode 2
Event: 1.441 Thread 0x00007f675001a1d0 Uncommon trap: trap_request=0xffffffbe fr.pc=0x00007f673fa5faf8 relative=0x0000000000000478
Event: 1.441 Thread 0x00007f675001a1d0 Uncommon trap: reason=profile_predicate action=maybe_recompile pc=0x00007f673fa5faf8 method=org.lwjgl.system.MemoryUtil.encodeASCIIUnsafe(Ljava/lang/CharSequence;ZJ)I @ 15 c2
Event: 1.441 Thread 0x00007f675001a1d0 DEOPT PACKING pc=0x00007f673fa5faf8 sp=0x00007f67591fe320
Event: 1.441 Thread 0x00007f675001a1d0 DEOPT UNPACKING pc=0x00007f673f383af9 sp=0x00007f67591fe260 mode 2
Event: 1.441 Thread 0x00007f675001a1d0 Uncommon trap: trap_request=0xffffffbe fr.pc=0x00007f673fa5faf8 relative=0x0000000000000478
Event: 1.441 Thread 0x00007f675001a1d0 Uncommon trap: reason=profile_predicate action=maybe_recompile pc=0x00007f673fa5faf8 method=org.lwjgl.system.MemoryUtil.encodeASCIIUnsafe(Ljava/lang/CharSequence;ZJ)I @ 15 c2
Event: 1.441 Thread 0x00007f675001a1d0 DEOPT PACKING pc=0x00007f673fa5faf8 sp=0x00007f67591fe320
Event: 1.441 Thread 0x00007f675001a1d0 DEOPT UNPACKING pc=0x00007f673f383af9 sp=0x00007f67591fe260 mode 2
Event: 1.460 Thread 0x00007f675001a1d0 Uncommon trap: trap_request=0xffffffbe fr.pc=0x00007f673fa61410 relative=0x0000000000000790
Event: 1.460 Thread 0x00007f675001a1d0 Uncommon trap: reason=profile_predicate action=maybe_recompile pc=0x00007f673fa61410 method=org.lwjgl.system.MemoryUtil.encodeASCIIUnsafe(Ljava/lang/CharSequence;ZJ)I @ 15 c2
Event: 1.460 Thread 0x00007f675001a1d0 DEOPT PACKING pc=0x00007f673fa61410 sp=0x00007f67591fe540
Event: 1.460 Thread 0x00007f675001a1d0 DEOPT UNPACKING pc=0x00007f673f383af9 sp=0x00007f67591fe390 mode 2
Event: 1.756 Thread 0x00007f675001a1d0 DEOPT PACKING pc=0x00007f67381a325e sp=0x00007f67591fe4d0
Event: 1.756 Thread 0x00007f675001a1d0 DEOPT UNPACKING pc=0x00007f673f2b02ef sp=0x00007f67591fd9b0 mode 0
Event: 1.759 Thread 0x00007f675001a1d0 DEOPT PACKING pc=0x00007f67381a3d30 sp=0x00007f67591fe470
Event: 1.760 Thread 0x00007f675001a1d0 DEOPT UNPACKING pc=0x00007f673f2b02ef sp=0x00007f67591fd970 mode 0

Classes loaded (20 events):
Event: 1.320 Loading class java/util/concurrent/ConcurrentHashMap$TreeBin
Event: 1.320 Loading class java/util/concurrent/ConcurrentHashMap$TreeBin done
Event: 1.355 Loading class java/util/stream/ReferencePipeline$4
Event: 1.355 Loading class java/util/stream/IntPipeline$StatelessOp
Event: 1.355 Loading class java/util/stream/IntPipeline$StatelessOp done
Event: 1.355 Loading class java/util/stream/ReferencePipeline$4 done
Event: 1.356 Loading class java/util/stream/Nodes$IntFixedNodeBuilder
Event: 1.356 Loading class java/util/stream/Node$Builder$OfInt
Event: 1.356 Loading class java/util/stream/Node$Builder$OfInt done
Event: 1.356 Loading class java/util/stream/Nodes$IntArrayNode
Event: 1.356 Loading class java/util/stream/Nodes$IntArrayNode done
Event: 1.356 Loading class java/util/stream/Nodes$IntFixedNodeBuilder done
Event: 1.356 Loading class java/util/stream/ReferencePipeline$4$1
Event: 1.356 Loading class java/util/stream/ReferencePipeline$4$1 done
Event: 1.373 Loading class java/util/Formatter$FormatSpecifierParser
Event: 1.374 Loading class java/util/Formatter$FormatSpecifierParser done
Event: 1.374 Loading class jdk/internal/math/FormattedFPDecimal
Event: 1.374 Loading class jdk/internal/math/FormattedFPDecimal done
Event: 1.404 Loading class jdk/internal/access/foreign/UnmapperProxy
Event: 1.404 Loading class jdk/internal/access/foreign/UnmapperProxy done

Classes unloaded (0 events):
No events

Classes redefined (0 events):
No events

Internal exceptions (20 events):
Event: 0.969 Thread 0x00007f675001a1d0 Exception <a 'java/lang/NoSuchMethodError'{0x0000000710a55778}: 'java.lang.Object java.lang.invoke.DelegatingMethodHandle$Holder.delegate(java.lang.Object, java.lang.Object, long, int, int, int)'> (0x0000000710a55778) 
thrown [/usr/src/debug/java-openjdk/jdk26u-jdk-26.0.1-8/src/hotspot/share/interpreter/linkResolver.cpp, line 803]
Event: 0.971 Thread 0x00007f675001a1d0 Exception <a 'java/lang/NoSuchMethodError'{0x0000000710a8b8e8}: 'void java.lang.invoke.DirectMethodHandle$Holder.invokeStatic(java.lang.Object, java.lang.Object, long, int, int, int)'> (0x0000000710a8b8e8) 
thrown [/usr/src/debug/java-openjdk/jdk26u-jdk-26.0.1-8/src/hotspot/share/interpreter/linkResolver.cpp, line 803]
Event: 0.972 Thread 0x00007f675001a1d0 Exception <a 'java/lang/NoSuchMethodError'{0x0000000710a902e8}: 'void java.lang.invoke.DirectMethodHandle$Holder.invokeSpecial(java.lang.Object, java.lang.Object, long, int, int, int)'> (0x0000000710a902e8) 
thrown [/usr/src/debug/java-openjdk/jdk26u-jdk-26.0.1-8/src/hotspot/share/interpreter/linkResolver.cpp, line 803]
Event: 0.972 Thread 0x00007f675001a1d0 Exception <a 'java/lang/NoSuchMethodError'{0x0000000710a9ca18}: 'void java.lang.invoke.Invokers$Holder.exactInvoker(java.lang.Object, java.lang.Object, long, int, int, int)'> (0x0000000710a9ca18) 
thrown [/usr/src/debug/java-openjdk/jdk26u-jdk-26.0.1-8/src/hotspot/share/interpreter/linkResolver.cpp, line 803]
Event: 0.973 Thread 0x00007f675001a1d0 Exception <a 'java/lang/NoSuchMethodError'{0x0000000710aa4f18}: 'void java.lang.invoke.DelegatingMethodHandle$Holder.delegate(java.lang.Object, java.lang.Object, long, int, int, int)'> (0x0000000710aa4f18) 
thrown [/usr/src/debug/java-openjdk/jdk26u-jdk-26.0.1-8/src/hotspot/share/interpreter/linkResolver.cpp, line 803]
Event: 0.978 Thread 0x00007f675001a1d0 Exception <a 'java/lang/NoSuchMethodError'{0x0000000710adbbe0}: 'void java.lang.invoke.DirectMethodHandle$Holder.invokeInterface(java.lang.Object, java.lang.Object, long, int, int, int, int)'> (0x0000000710adbbe0) 
thrown [/usr/src/debug/java-openjdk/jdk26u-jdk-26.0.1-8/src/hotspot/share/interpreter/linkResolver.cpp, line 803]
Event: 0.979 Thread 0x00007f675001a1d0 Exception <a 'java/lang/NoSuchMethodError'{0x0000000710af5978}: 'void java.lang.invoke.DelegatingMethodHandle$Holder.reinvoke_L(java.lang.Object, java.lang.Object, long, int, int, int, int)'> (0x0000000710af5978) 
thrown [/usr/src/debug/java-openjdk/jdk26u-jdk-26.0.1-8/src/hotspot/share/interpreter/linkResolver.cpp, line 803]
Event: 0.980 Thread 0x00007f675001a1d0 Exception <a 'java/lang/NoSuchMethodError'{0x0000000710b1ddc0}: 'java.lang.Object java.lang.invoke.DelegatingMethodHandle$Holder.delegate(java.lang.Object, java.lang.Object, long, int, int, int, int)'> (0x0000000710b1ddc0) 
thrown [/usr/src/debug/java-openjdk/jdk26u-jdk-26.0.1-8/src/hotspot/share/interpreter/linkResolver.cpp, line 803]
Event: 0.982 Thread 0x00007f675001a1d0 Exception <a 'java/lang/NoSuchMethodError'{0x0000000710b552e8}: 'void java.lang.invoke.DirectMethodHandle$Holder.invokeStatic(java.lang.Object, java.lang.Object, long, int, int, int, int)'> (0x0000000710b552e8) 
thrown [/usr/src/debug/java-openjdk/jdk26u-jdk-26.0.1-8/src/hotspot/share/interpreter/linkResolver.cpp, line 803]
Event: 0.983 Thread 0x00007f675001a1d0 Exception <a 'java/lang/NoSuchMethodError'{0x0000000710b5dd80}: 'void java.lang.invoke.DirectMethodHandle$Holder.invokeSpecial(java.lang.Object, java.lang.Object, long, int, int, int, int)'> (0x0000000710b5dd80) 
thrown [/usr/src/debug/java-openjdk/jdk26u-jdk-26.0.1-8/src/hotspot/share/interpreter/linkResolver.cpp, line 803]
Event: 0.983 Thread 0x00007f675001a1d0 Exception <a 'java/lang/NoSuchMethodError'{0x0000000710b65e00}: 'void java.lang.invoke.Invokers$Holder.exactInvoker(java.lang.Object, java.lang.Object, long, int, int, int, int)'> (0x0000000710b65e00) 
thrown [/usr/src/debug/java-openjdk/jdk26u-jdk-26.0.1-8/src/hotspot/share/interpreter/linkResolver.cpp, line 803]
Event: 0.983 Thread 0x00007f675001a1d0 Exception <a 'java/lang/NoSuchMethodError'{0x0000000710b6e5c0}: 'void java.lang.invoke.DelegatingMethodHandle$Holder.delegate(java.lang.Object, java.lang.Object, long, int, int, int, int)'> (0x0000000710b6e5c0) 
thrown [/usr/src/debug/java-openjdk/jdk26u-jdk-26.0.1-8/src/hotspot/share/interpreter/linkResolver.cpp, line 803]
Event: 0.984 Thread 0x00007f675001a1d0 Exception <a 'java/lang/NoSuchMethodError'{0x0000000710b88fe0}: 'void java.lang.invoke.DirectMethodHandle$Holder.invokeInterface(java.lang.Object, java.lang.Object, long, int)'> (0x0000000710b88fe0) 
thrown [/usr/src/debug/java-openjdk/jdk26u-jdk-26.0.1-8/src/hotspot/share/interpreter/linkResolver.cpp, line 803]
Event: 1.349 Thread 0x00007f675001a1d0 Exception <a 'java/lang/NoSuchMethodError'{0x00000007115126b8}: 'int java.lang.invoke.DirectMethodHandle$Holder.invokeStaticInit(java.lang.Object, java.lang.Object, java.lang.Object, long, int)'> (0x00000007115126b8) 
thrown [/usr/src/debug/java-openjdk/jdk26u-jdk-26.0.1-8/src/hotspot/share/interpreter/linkResolver.cpp, line 803]
Event: 1.350 Thread 0x00007f675001a1d0 Exception <a 'java/lang/NoSuchMethodError'{0x0000000711522b28}: 'int java.lang.invoke.DelegatingMethodHandle$Holder.reinvoke_L(java.lang.Object, java.lang.Object, java.lang.Object, long, int)'> (0x0000000711522b28) 
thrown [/usr/src/debug/java-openjdk/jdk26u-jdk-26.0.1-8/src/hotspot/share/interpreter/linkResolver.cpp, line 803]
Event: 1.351 Thread 0x00007f675001a1d0 Exception <a 'java/lang/NoSuchMethodError'{0x000000071153fd48}: 'int java.lang.invoke.DirectMethodHandle$Holder.invokeSpecial(java.lang.Object, java.lang.Object, java.lang.Object, long, int)'> (0x000000071153fd48) 
thrown [/usr/src/debug/java-openjdk/jdk26u-jdk-26.0.1-8/src/hotspot/share/interpreter/linkResolver.cpp, line 803]
Event: 1.366 Thread 0x00007f675001a1d0 Exception <a 'java/lang/NoSuchMethodError'{0x00000007115ada58}: 'double java.lang.invoke.DirectMethodHandle$Holder.invokeStaticInit(java.lang.Object, java.lang.Object, java.lang.Object)'> (0x00000007115ada58) 
thrown [/usr/src/debug/java-openjdk/jdk26u-jdk-26.0.1-8/src/hotspot/share/interpreter/linkResolver.cpp, line 803]
Event: 1.366 Thread 0x00007f675001a1d0 Exception <a 'java/lang/NoSuchMethodError'{0x00000007115bdc90}: 'double java.lang.invoke.DelegatingMethodHandle$Holder.reinvoke_L(java.lang.Object, java.lang.Object, java.lang.Object)'> (0x00000007115bdc90) 
thrown [/usr/src/debug/java-openjdk/jdk26u-jdk-26.0.1-8/src/hotspot/share/interpreter/linkResolver.cpp, line 803]
Event: 1.367 Thread 0x00007f675001a1d0 Exception <a 'java/lang/NoSuchMethodError'{0x00000007115de620}: 'double java.lang.invoke.DirectMethodHandle$Holder.invokeSpecial(java.lang.Object, java.lang.Object, java.lang.Object)'> (0x00000007115de620) 
thrown [/usr/src/debug/java-openjdk/jdk26u-jdk-26.0.1-8/src/hotspot/share/interpreter/linkResolver.cpp, line 803]
Event: 1.367 Thread 0x00007f675001a1d0 Exception <a 'java/lang/NoSuchMethodError'{0x00000007115e62c8}: 'double java.lang.invoke.Invokers$Holder.invokeExact_MT(java.lang.Object, java.lang.Object, java.lang.Object)'> (0x00000007115e62c8) 
thrown [/usr/src/debug/java-openjdk/jdk26u-jdk-26.0.1-8/src/hotspot/share/interpreter/linkResolver.cpp, line 803]

VM Operations (20 events):
Event: 0.284 Executing non-safepoint VM operation: HandshakeAllThreads (Deoptimize)
Event: 0.284 Executing non-safepoint VM operation: HandshakeAllThreads (Deoptimize) done
Event: 0.301 Executing safepoint VM operation: G1CollectForAllocation (G1 Evacuation Pause)
Event: 0.303 Executing safepoint VM operation: G1CollectForAllocation (G1 Evacuation Pause) done
Event: 0.318 Executing non-safepoint VM operation: HandshakeAllThreads (Deoptimize)
Event: 0.318 Executing non-safepoint VM operation: HandshakeAllThreads (Deoptimize) done
Event: 0.343 Executing safepoint VM operation: G1CollectForAllocation (G1 Evacuation Pause)
Event: 0.346 Executing safepoint VM operation: G1CollectForAllocation (G1 Evacuation Pause) done
Event: 0.507 Executing non-safepoint VM operation: HandshakeAllThreads (Deoptimize)
Event: 0.507 Executing non-safepoint VM operation: HandshakeAllThreads (Deoptimize) done
Event: 0.741 Executing safepoint VM operation: G1CollectForAllocation (G1 Evacuation Pause)
Event: 0.744 Executing safepoint VM operation: G1CollectForAllocation (G1 Evacuation Pause) done
Event: 1.032 Executing safepoint VM operation: G1CollectForAllocation (G1 Evacuation Pause)
Event: 1.036 Executing safepoint VM operation: G1CollectForAllocation (G1 Evacuation Pause) done
Event: 1.071 Executing non-safepoint VM operation: HandshakeAllThreads (Deoptimize)
Event: 1.071 Executing non-safepoint VM operation: HandshakeAllThreads (Deoptimize) done
Event: 1.072 Executing non-safepoint VM operation: HandshakeAllThreads (Deoptimize)
Event: 1.072 Executing non-safepoint VM operation: HandshakeAllThreads (Deoptimize) done
Event: 2.222 Executing safepoint VM operation: G1CollectForAllocation (G1 Evacuation Pause)
Event: 2.225 Executing safepoint VM operation: G1CollectForAllocation (G1 Evacuation Pause) done

Memory protections (20 events):
Event: 0.002 Protecting memory [0x00007f6759100000,0x00007f6759104000] with protection modes 0
Event: 0.012 Protecting memory [0x0000000033000000,0x0000000033001000] with protection modes 0
Event: 0.023 Protecting memory [0x00007f67340ef000,0x00007f67340f3000] with protection modes 0
Event: 0.023 Protecting memory [0x00007f6729f00000,0x00007f6729f04000] with protection modes 0
Event: 0.024 Protecting memory [0x00007f6729b00000,0x00007f6729b04000] with protection modes 0
Event: 0.024 Protecting memory [0x00007f67299ff000,0x00007f6729a03000] with protection modes 0
Event: 0.024 Protecting memory [0x00007f67298fe000,0x00007f6729902000] with protection modes 0
Event: 0.025 Protecting memory [0x00007f67297fd000,0x00007f6729801000] with protection modes 0
Event: 0.025 Protecting memory [0x00007f67296fc000,0x00007f6729700000] with protection modes 0
Event: 0.030 Protecting memory [0x00007f67295fb000,0x00007f67295ff000] with protection modes 0
Event: 0.032 Protecting memory [0x00007f67294fa000,0x00007f67294fe000] with protection modes 0
Event: 0.062 Protecting memory [0x00007f67293f9000,0x00007f67293fd000] with protection modes 0
Event: 0.082 Protecting memory [0x00007f67292f8000,0x00007f67292fc000] with protection modes 0
Event: 0.203 Protecting memory [0x00007f67290f6000,0x00007f67290fa000] with protection modes 0
Event: 0.240 Protecting memory [0x00007f6728ff5000,0x00007f6728ff9000] with protection modes 0
Event: 0.326 Protecting memory [0x00007f6728ef4000,0x00007f6728ef8000] with protection modes 0
Event: 0.465 Protecting memory [0x00007f6728c54000,0x00007f6728c58000] with protection modes 0
Event: 0.858 Protecting memory [0x00007f674fe04000,0x00007f674fe05000] with protection modes 1
Event: 1.391 Protecting memory [0x00007f67293f9000,0x00007f67293fd000] with protection modes 0
Event: 1.391 Protecting memory [0x00007f6728c54000,0x00007f6728c58000] with protection modes 0

Nmethod flushes (0 events):
No events

Events (20 events):
Event: 0.023 Thread 0x00007f675001a1d0 Thread added: 0x00007f675010c430
Event: 0.024 Thread 0x00007f675001a1d0 Thread added: 0x00007f675010d8a0
Event: 0.024 Thread 0x00007f675001a1d0 Thread added: 0x00007f675010efb0
Event: 0.024 Thread 0x00007f675001a1d0 Thread added: 0x00007f6750110800
Event: 0.025 Thread 0x00007f675001a1d0 Thread added: 0x00007f6750112a60
Event: 0.025 Thread 0x00007f675001a1d0 Thread added: 0x00007f6750114430
Event: 0.030 Thread 0x00007f675001a1d0 Thread added: 0x00007f67501209f0
Event: 0.032 Thread 0x00007f675001a1d0 Thread added: 0x00007f6750123270
Event: 0.062 Thread 0x00007f6750114430 Thread added: 0x00007f66f0080660
Event: 0.081 Thread 0x00007f6750114430 Thread added: 0x00007f66f00b6d30
Event: 0.203 Thread 0x00007f66f00b6d30 Thread added: 0x00007f66e03a64e0
Event: 0.240 Thread 0x00007f675001a1d0 Thread added: 0x00007f675028c360
Event: 0.326 Thread 0x00007f66e03a64e0 Thread added: 0x00007f66d801a260
Event: 0.465 Thread 0x00007f66e03a64e0 Thread added: 0x00007f66d8033480
Event: 1.320 Thread 0x00007f66d8033480 Thread exited: 0x00007f66d8033480
Event: 1.320 Thread 0x00007f66f0080660 Thread exited: 0x00007f66f0080660
Event: 1.391 Thread 0x00007f6750112a60 Thread added: 0x00007f66ec111bd0
Event: 1.391 Thread 0x00007f6750112a60 Thread added: 0x00007f66ec112c30
Event: 1.841 Thread 0x00007f66ec112c30 Thread exited: 0x00007f66ec112c30
Event: 1.890 Thread 0x00007f66ec111bd0 Thread exited: 0x00007f66ec111bd0


Dynamic libraries:
33000000-33001000 ---p 00000000 00:00 0 
33001000-33da6000 rw-p 00001000 103:03 6718800                           /usr/lib/jvm/java-26-openjdk/lib/server/classes.jsa
33da6000-34000000 ---p 00000000 00:00 0 
34000000-34040000 rw-p 00000000 00:00 0 
34040000-340c0000 rw-p 00000000 00:00 0 
340c0000-340d0000 rw-p 00000000 00:00 0 
340d0000-34100000 ---p 00000000 00:00 0 
34100000-34140000 rw-p 00000000 00:00 0 
34140000-74000000 ---p 00000000 00:00 0 
70fc00000-711800000 rw-p 00000000 00:00 0 
711800000-7ffe00000 ---p 00000000 00:00 0 
7ffe00000-7fff25000 rw-p 00ddb000 103:03 6718800                         /usr/lib/jvm/java-26-openjdk/lib/server/classes.jsa
7fff25000-800000000 rw-p 00000000 00:00 0 
55f2456e6000-55f2456e7000 r--p 00000000 103:03 6555783                   /usr/lib/jvm/java-26-openjdk/bin/java
55f2456e7000-55f2456e8000 r-xp 00001000 103:03 6555783                   /usr/lib/jvm/java-26-openjdk/bin/java
55f2456e8000-55f2456e9000 r--p 00002000 103:03 6555783                   /usr/lib/jvm/java-26-openjdk/bin/java
55f2456e9000-55f2456ea000 r--p 00002000 103:03 6555783                   /usr/lib/jvm/java-26-openjdk/bin/java
55f2456ea000-55f2456eb000 rw-p 00003000 103:03 6555783                   /usr/lib/jvm/java-26-openjdk/bin/java
55f25d683000-55f25d6cb000 rw-p 00000000 00:00 0                          [heap]
7f665c000000-7f665c02f000 rw-p 00000000 00:00 0 
7f665c02f000-7f6660000000 ---p 00000000 00:00 0 
7f6664000000-7f6664021000 rw-p 00000000 00:00 0 
7f6664021000-7f6668000000 ---p 00000000 00:00 0 
7f666c000000-7f666c021000 rw-p 00000000 00:00 0 
7f666c021000-7f6670000000 ---p 00000000 00:00 0 
7f6670000000-7f6670021000 rw-p 00000000 00:00 0 
7f6670021000-7f6674000000 ---p 00000000 00:00 0 
7f66741fd000-7f66743fd000 rw-s 1429b8000 00:07 481                       /dev/dri/renderD128
7f66743fd000-7f66745fd000 rw-s 1427b8000 00:07 481                       /dev/dri/renderD128
7f66745fd000-7f66747fd000 rw-s 1425b8000 00:07 481                       /dev/dri/renderD128
7f66747fd000-7f66749fd000 rw-s 1423b8000 00:07 481                       /dev/dri/renderD128
7f66749fd000-7f6674bfd000 rw-s 1421b8000 00:07 481                       /dev/dri/renderD128
7f6674bfd000-7f6674dfd000 rw-s 141fb8000 00:07 481                       /dev/dri/renderD128
7f6674dfd000-7f6674ffd000 rw-s 141db8000 00:07 481                       /dev/dri/renderD128
7f6674ffd000-7f66751fd000 rw-s 141bb8000 00:07 481                       /dev/dri/renderD128
7f66751fd000-7f66753fd000 rw-s 1419b8000 00:07 481                       /dev/dri/renderD128
7f66753fd000-7f66755fd000 rw-s 143d38000 00:07 481                       /dev/dri/renderD128
7f66755fd000-7f66757fd000 rw-s 143218000 00:07 481                       /dev/dri/renderD128
7f66757fd000-7f66759fd000 rw-s 134c11000 00:07 481                       /dev/dri/renderD128
7f66759fd000-7f6677200000 rw-p 00000000 00:00 0 
7f6677a00000-7f6677c00000 rw-s 1353bd000 00:07 481                       /dev/dri/renderD128
7f6677e00000-7f6678000000 rw-s 140d28000 00:07 481                       /dev/dri/renderD128
7f6678000000-7f6678021000 rw-p 00000000 00:00 0 
7f6678021000-7f667c000000 ---p 00000000 00:00 0 
7f667c000000-7f667c021000 rw-p 00000000 00:00 0 
7f667c021000-7f6680000000 ---p 00000000 00:00 0 
7f6680000000-7f6680077000 rw-p 00000000 00:00 0 
7f6680077000-7f6684000000 ---p 00000000 00:00 0 
7f6684000000-7f6684021000 rw-p 00000000 00:00 0 
7f6684021000-7f6688000000 ---p 00000000 00:00 0 
7f6688000000-7f6688021000 rw-p 00000000 00:00 0 
7f6688021000-7f668c000000 ---p 00000000 00:00 0 
7f668c000000-7f668c21c000 rw-p 00000000 00:00 0 
7f668c21c000-7f6690000000 ---p 00000000 00:00 0 
7f6690000000-7f6690021000 rw-p 00000000 00:00 0 
7f6690021000-7f6694000000 ---p 00000000 00:00 0 
7f6694000000-7f6694021000 rw-p 00000000 00:00 0 
7f6694021000-7f6698000000 ---p 00000000 00:00 0 
7f6698000000-7f6698021000 rw-p 00000000 00:00 0 
7f6698021000-7f669c000000 ---p 00000000 00:00 0 
7f669c000000-7f669c200000 rw-s 145c2b000 00:07 481                       /dev/dri/renderD128
7f669c200000-7f669c2d3000 r--p 00000000 00:2c 1817                       /tmp/imgui-java-natives/1.90.0/libimgui-java64.so
7f669c2d3000-7f669c747000 r-xp 000d3000 00:2c 1817                       /tmp/imgui-java-natives/1.90.0/libimgui-java64.so
7f669c747000-7f669c832000 r--p 00547000 00:2c 1817                       /tmp/imgui-java-natives/1.90.0/libimgui-java64.so
7f669c832000-7f669c83b000 r--p 00632000 00:2c 1817                       /tmp/imgui-java-natives/1.90.0/libimgui-java64.so
7f669c83b000-7f669c847000 rw-p 0063b000 00:2c 1817                       /tmp/imgui-java-natives/1.90.0/libimgui-java64.so
7f669c847000-7f669ca19000 rw-p 00000000 00:00 0 
7f669cbff000-7f669d400000 rw-p 00000000 00:00 0 
7f669d4c7000-7f669d5c8000 rw-p 00000000 00:00 0 
7f669d5c8000-7f669d7fb000 rw-s 1459f8000 00:07 481                       /dev/dri/renderD128
7f669d7fb000-7f66a0000000 rw-p 00000000 00:00 0 
7f66a0000000-7f66a0061000 rw-p 00000000 00:00 0 
7f66a0061000-7f66a4000000 ---p 00000000 00:00 0 
7f66a4000000-7f66a4021000 rw-p 00000000 00:00 0 
7f66a4021000-7f66a8000000 ---p 00000000 00:00 0 
7f66a8000000-7f66a8021000 rw-p 00000000 00:00 0 
7f66a8021000-7f66ac000000 ---p 00000000 00:00 0 
7f66ac000000-7f66ac10f000 rw-p 00000000 00:00 0 
7f66ac10f000-7f66b0000000 ---p 00000000 00:00 0 
7f66b0000000-7f66b0021000 rw-p 00000000 00:00 0 
7f66b0021000-7f66b4000000 ---p 00000000 00:00 0 
7f66b40fb000-7f66b6200000 rw-p 00000000 00:00 0 
7f66b6200000-7f66b6401000 rw-s 00000000 103:03 9830425                   /home/ferrium/.cache/mesa_shader_cache/index
7f66b64ff000-7f66b6600000 rw-p 00000000 00:00 0 
7f66b6600000-7f66b6b5b000 r--p 00000000 103:03 6162747                   /usr/lib/libLLVM.so.22.1
7f66b6b5b000-7f66bc809000 r-xp 0055b000 103:03 6162747                   /usr/lib/libLLVM.so.22.1
7f66bc809000-7f66c0757000 r--p 06209000 103:03 6162747                   /usr/lib/libLLVM.so.22.1
7f66c0757000-7f66c0973000 r--p 0a157000 103:03 6162747                   /usr/lib/libLLVM.so.22.1
7f66c0973000-7f66c097d000 rw-p 0a373000 103:03 6162747                   /usr/lib/libLLVM.so.22.1
7f66c097d000-7f66c0a4d000 rw-p 00000000 00:00 0 
7f66c0aff000-7f66c0c00000 rw-p 00000000 00:00 0 
7f66c0c00000-7f66c0c1a000 r--p 00000000 103:03 6213423                   /usr/lib/libgallium-26.0.6-arch1.1.so
7f66c0c1a000-7f66c2aa3000 r-xp 0001a000 103:03 6213423                   /usr/lib/libgallium-26.0.6-arch1.1.so
7f66c2aa3000-7f66c3bf9000 r--p 01ea3000 103:03 6213423                   /usr/lib/libgallium-26.0.6-arch1.1.so
7f66c3bf9000-7f66c3d57000 r--p 02ff9000 103:03 6213423                   /usr/lib/libgallium-26.0.6-arch1.1.so
7f66c3d57000-7f66c3d8b000 rw-p 03157000 103:03 6213423                   /usr/lib/libgallium-26.0.6-arch1.1.so
7f66c3d8b000-7f66c3f58000 rw-p 00000000 00:00 0 
7f66c4000000-7f66c4021000 rw-p 00000000 00:00 0 
7f66c4021000-7f66c8000000 ---p 00000000 00:00 0 
7f66c8000000-7f66c86cb000 rw-p 00000000 00:00 0 
7f66c86cb000-7f66cc000000 ---p 00000000 00:00 0 
7f66cc000000-7f66cc021000 rw-p 00000000 00:00 0 
7f66cc021000-7f66d0000000 ---p 00000000 00:00 0 
7f66d0000000-7f66d01a0000 rw-p 00000000 00:00 0 
7f66d01a0000-7f66d4000000 ---p 00000000 00:00 0 
7f66d4000000-7f66d4021000 rw-p 00000000 00:00 0 
7f66d4021000-7f66d8000000 ---p 00000000 00:00 0 
7f66d8000000-7f66d80b8000 rw-p 00000000 00:00 0 
7f66d80b8000-7f66dc000000 ---p 00000000 00:00 0 
7f66dc000000-7f66dcbaf000 rw-p 00000000 00:00 0 
7f66dcbaf000-7f66e0000000 ---p 00000000 00:00 0 
7f66e0000000-7f66e045c000 rw-p 00000000 00:00 0 
7f66e045c000-7f66e4000000 ---p 00000000 00:00 0 
7f66e4000000-7f66e4021000 rw-p 00000000 00:00 0 
7f66e4021000-7f66e8000000 ---p 00000000 00:00 0 
7f66e8000000-7f66e8021000 rw-p 00000000 00:00 0 
7f66e8021000-7f66ec000000 ---p 00000000 00:00 0 
7f66ec000000-7f66ec87d000 rw-p 00000000 00:00 0 
7f66ec87d000-7f66f0000000 ---p 00000000 00:00 0 
7f66f0000000-7f66f034a000 rw-p 00000000 00:00 0 
7f66f034a000-7f66f4000000 ---p 00000000 00:00 0 
7f66f4000000-7f66f4021000 rw-p 00000000 00:00 0 
7f66f4021000-7f66f8000000 ---p 00000000 00:00 0 
7f66f8000000-7f66f8021000 rw-p 00000000 00:00 0 
7f66f8021000-7f66fc000000 ---p 00000000 00:00 0 
7f66fc000000-7f66fc3c0000 rw-p 00000000 00:00 0 
7f66fc3c0000-7f66fc400000 ---p 00000000 00:00 0 
7f66fc400000-7f66fc6e0000 rw-p 00000000 00:00 0 
7f66fc6e0000-7f66fca60000 rw-p 00000000 00:00 0 
7f66fca60000-7f66fca80000 ---p 00000000 00:00 0 
7f66fca80000-7f66fcab0000 rw-p 00000000 00:00 0 
7f66fcab0000-7f6700000000 ---p 00000000 00:00 0 
7f6700000000-7f6700021000 rw-p 00000000 00:00 0 
7f6700021000-7f6704000000 ---p 00000000 00:00 0 
7f6704000000-7f6704021000 rw-p 00000000 00:00 0 
7f6704021000-7f6708000000 ---p 00000000 00:00 0 
7f6708000000-7f6708021000 rw-p 00000000 00:00 0 
7f6708021000-7f670c000000 ---p 00000000 00:00 0 
7f670c02f000-7f670c0b2000 r-xp 00000000 00:2c 1693                       /tmp/lwjgl_ferrium/3.4.1+2/x64/liblwjgl_stb.so
7f670c0b2000-7f670c0c7000 r--p 00083000 00:2c 1693                       /tmp/lwjgl_ferrium/3.4.1+2/x64/liblwjgl_stb.so
7f670c0c7000-7f670c0c8000 r--p 00097000 00:2c 1693                       /tmp/lwjgl_ferrium/3.4.1+2/x64/liblwjgl_stb.so
7f670c0c8000-7f670c0c9000 rw-p 00098000 00:2c 1693                       /tmp/lwjgl_ferrium/3.4.1+2/x64/liblwjgl_stb.so
7f670c0c9000-7f670c164000 r--p 00000000 103:03 6709913                   /usr/share/fonts/noto/NotoSans-Bold.ttf
7f670c164000-7f670c1ff000 r--p 00000000 103:03 6709913                   /usr/share/fonts/noto/NotoSans-Bold.ttf
7f670c1ff000-7f670c3ff000 rw-s 124111000 00:07 481                       /dev/dri/renderD128
7f670c3ff000-7f670cc00000 rw-p 00000000 00:00 0 
7f670cc00000-7f670eb94000 r--p 00000000 103:03 6179224                   /usr/lib/libicudata.so.78.3
7f670eb94000-7f670eb95000 r--p 01f93000 103:03 6179224                   /usr/lib/libicudata.so.78.3
7f670ec2c000-7f670ec31000 r--p 00000000 103:03 6167943                   /usr/lib/libblkid.so.1.1.0
7f670ec31000-7f670ec58000 r-xp 00005000 103:03 6167943                   /usr/lib/libblkid.so.1.1.0
7f670ec58000-7f670ec61000 r--p 0002c000 103:03 6167943                   /usr/lib/libblkid.so.1.1.0
7f670ec61000-7f670ec67000 r--p 00035000 103:03 6167943                   /usr/lib/libblkid.so.1.1.0
7f670ec67000-7f670ec68000 rw-p 0003b000 103:03 6167943                   /usr/lib/libblkid.so.1.1.0
7f670ecef000-7f670ee00000 r--s 00000000 103:03 12714425                  /var/cache/fontconfig/923e285e415b1073c8df160bee08820f-le64.cache-9
7f670ee00000-7f670f000000 rw-s 117051000 00:07 481                       /dev/dri/renderD128
7f670f000000-7f670f048000 r--p 00000000 103:03 6179247                   /usr/lib/libicuuc.so.78.3
7f670f048000-7f670f165000 r-xp 00048000 103:03 6179247                   /usr/lib/libicuuc.so.78.3
7f670f165000-7f670f1f8000 r--p 00165000 103:03 6179247                   /usr/lib/libicuuc.so.78.3
7f670f1f8000-7f670f20b000 r--p 001f8000 103:03 6179247                   /usr/lib/libicuuc.so.78.3
7f670f20b000-7f670f20c000 rw-p 0020b000 103:03 6179247                   /usr/lib/libicuuc.so.78.3
7f670f20c000-7f670f20e000 rw-p 00000000 00:00 0 
7f670f225000-7f670f227000 r--p 00000000 103:03 6204181                   /usr/lib/libdatrie.so.1.4.1
7f670f227000-7f670f22b000 r-xp 00002000 103:03 6204181                   /usr/lib/libdatrie.so.1.4.1
7f670f22b000-7f670f22c000 r--p 00006000 103:03 6204181                   /usr/lib/libdatrie.so.1.4.1
7f670f22c000-7f670f22d000 r--p 00006000 103:03 6204181                   /usr/lib/libdatrie.so.1.4.1
7f670f22d000-7f670f22e000 rw-p 00007000 103:03 6204181                   /usr/lib/libdatrie.so.1.4.1
7f670f22e000-7f670f22f000 r--p 00000000 103:03 6181788                   /usr/lib/libbrotlicommon.so.1.2.0
7f670f22f000-7f670f230000 r-xp 00001000 103:03 6181788                   /usr/lib/libbrotlicommon.so.1.2.0
7f670f230000-7f670f24f000 r--p 00002000 103:03 6181788                   /usr/lib/libbrotlicommon.so.1.2.0
7f670f24f000-7f670f250000 r--p 00021000 103:03 6181788                   /usr/lib/libbrotlicommon.so.1.2.0
7f670f250000-7f670f251000 rw-p 00022000 103:03 6181788                   /usr/lib/libbrotlicommon.so.1.2.0
7f670f2b5000-7f670f351000 r--s 00000000 103:03 12716607                  /var/cache/fontconfig/17090aa38d5c6f09fb8c5c354938f1d7-le64.cache-9
7f670f351000-7f670f3ed000 r--s 00000000 103:03 12719036                  /var/cache/fontconfig/df311e82a1a24c41a75c2c930223552e-le64.cache-9
7f670f3ed000-7f670f3ef000 r--p 00000000 103:03 6197681                   /usr/lib/libgraphite2.so.3.2.1
7f670f3ef000-7f670f408000 r-xp 00002000 103:03 6197681                   /usr/lib/libgraphite2.so.3.2.1
7f670f408000-7f670f40d000 r--p 0001b000 103:03 6197681                   /usr/lib/libgraphite2.so.3.2.1
7f670f40d000-7f670f40f000 r--p 0001f000 103:03 6197681                   /usr/lib/libgraphite2.so.3.2.1
7f670f40f000-7f670f410000 rw-p 00021000 103:03 6197681                   /usr/lib/libgraphite2.so.3.2.1
7f670f410000-7f670f412000 r--p 00000000 103:03 6201403                   /usr/lib/libthai.so.0.3.2
7f670f412000-7f670f416000 r-xp 00002000 103:03 6201403                   /usr/lib/libthai.so.0.3.2
7f670f416000-7f670f419000 r--p 00006000 103:03 6201403                   /usr/lib/libthai.so.0.3.2
7f670f419000-7f670f41a000 r--p 00008000 103:03 6201403                   /usr/lib/libthai.so.0.3.2
7f670f41a000-7f670f41b000 rw-p 00009000 103:03 6201403                   /usr/lib/libthai.so.0.3.2
7f670f41b000-7f670f425000 r--p 00000000 103:03 6167964                   /usr/lib/libmount.so.1.1.0
7f670f425000-7f670f461000 r-xp 0000a000 103:03 6167964                   /usr/lib/libmount.so.1.1.0
7f670f461000-7f670f470000 r--p 00046000 103:03 6167964                   /usr/lib/libmount.so.1.1.0
7f670f470000-7f670f472000 r--p 00055000 103:03 6167964                   /usr/lib/libmount.so.1.1.0
7f670f472000-7f670f473000 rw-p 00057000 103:03 6167964                   /usr/lib/libmount.so.1.1.0
7f670f473000-7f670f475000 r--p 00000000 103:03 6197917                   /usr/lib/libXdmcp.so.6.0.0
7f670f475000-7f670f477000 r-xp 00002000 103:03 6197917                   /usr/lib/libXdmcp.so.6.0.0
7f670f477000-7f670f479000 r--p 00004000 103:03 6197917                   /usr/lib/libXdmcp.so.6.0.0
7f670f479000-7f670f47a000 r--p 00005000 103:03 6197917                   /usr/lib/libXdmcp.so.6.0.0
7f670f47a000-7f670f47b000 rw-p 00006000 103:03 6197917                   /usr/lib/libXdmcp.so.6.0.0
7f670f47b000-7f670f47c000 r--p 00000000 103:03 6197920                   /usr/lib/libXau.so.6.0.0
7f670f47c000-7f670f47d000 r-xp 00001000 103:03 6197920                   /usr/lib/libXau.so.6.0.0
7f670f47d000-7f670f47e000 r--p 00002000 103:03 6197920                   /usr/lib/libXau.so.6.0.0
7f670f47e000-7f670f47f000 r--p 00002000 103:03 6197920                   /usr/lib/libXau.so.6.0.0
7f670f47f000-7f670f480000 rw-p 00003000 103:03 6197920                   /usr/lib/libXau.so.6.0.0
7f670f480000-7f670f481000 r--p 00000000 103:03 6181792                   /usr/lib/libbrotlidec.so.1.2.0
7f670f481000-7f670f48a000 r-xp 00001000 103:03 6181792                   /usr/lib/libbrotlidec.so.1.2.0
7f670f48a000-7f670f48d000 r--p 0000a000 103:03 6181792                   /usr/lib/libbrotlidec.so.1.2.0
7f670f48d000-7f670f48e000 r--p 0000c000 103:03 6181792                   /usr/lib/libbrotlidec.so.1.2.0
7f670f48e000-7f670f48f000 rw-p 0000d000 103:03 6181792                   /usr/lib/libbrotlidec.so.1.2.0
7f670f48f000-7f670f491000 r--p 00000000 103:03 6178096                   /usr/lib/libbz2.so.1.0.8
7f670f491000-7f670f49e000 r-xp 00002000 103:03 6178096                   /usr/lib/libbz2.so.1.0.8
7f670f49e000-7f670f4a0000 r--p 0000f000 103:03 6178096                   /usr/lib/libbz2.so.1.0.8
7f670f4a0000-7f670f4a1000 r--p 00010000 103:03 6178096                   /usr/lib/libbz2.so.1.0.8
7f670f4a1000-7f670f4a2000 rw-p 00011000 103:03 6178096                   /usr/lib/libbz2.so.1.0.8
7f670f4a2000-7f670f4a4000 r--p 00000000 103:03 6185558                   /usr/lib/libexpat.so.1.12.1
7f670f4a4000-7f670f4c4000 r-xp 00002000 103:03 6185558                   /usr/lib/libexpat.so.1.12.1
7f670f4c4000-7f670f4cc000 r--p 00022000 103:03 6185558                   /usr/lib/libexpat.so.1.12.1
7f670f4cc000-7f670f4ce000 r--p 0002a000 103:03 6185558                   /usr/lib/libexpat.so.1.12.1
7f670f4ce000-7f670f4cf000 rw-p 0002c000 103:03 6185558                   /usr/lib/libexpat.so.1.12.1
7f670f4cf000-7f670f4d2000 r--p 00000000 103:03 6178346                   /usr/lib/libpcre2-8.so.0.15.0
7f670f4d2000-7f670f550000 r-xp 00003000 103:03 6178346                   /usr/lib/libpcre2-8.so.0.15.0
7f670f550000-7f670f57b000 r--p 00081000 103:03 6178346                   /usr/lib/libpcre2-8.so.0.15.0
7f670f57b000-7f670f57c000 r--p 000ab000 103:03 6178346                   /usr/lib/libpcre2-8.so.0.15.0
7f670f57c000-7f670f57d000 rw-p 000ac000 103:03 6178346                   /usr/lib/libpcre2-8.so.0.15.0
7f670f5da000-7f670f7da000 rw-s 113ef1000 00:07 481                       /dev/dri/renderD128
7f670f7da000-7f670f7e7000 r--p 00000000 103:03 6164706                   /usr/lib/libncursesw.so.6.6
7f670f7e7000-7f670f82f000 r-xp 0000d000 103:03 6164706                   /usr/lib/libncursesw.so.6.6
7f670f82f000-7f670f845000 r--p 00055000 103:03 6164706                   /usr/lib/libncursesw.so.6.6
7f670f845000-7f670f84a000 r--p 0006a000 103:03 6164706                   /usr/lib/libncursesw.so.6.6
7f670f84a000-7f670f84b000 rw-p 0006f000 103:03 6164706                   /usr/lib/libncursesw.so.6.6
7f670f84b000-7f670f84d000 r--p 00000000 103:03 6202726                   /usr/lib/libfribidi.so.0.4.0
7f670f84d000-7f670f852000 r-xp 00002000 103:03 6202726                   /usr/lib/libfribidi.so.0.4.0
7f670f852000-7f670f869000 r--p 00007000 103:03 6202726                   /usr/lib/libfribidi.so.0.4.0
7f670f869000-7f670f86a000 r--p 0001d000 103:03 6202726                   /usr/lib/libfribidi.so.0.4.0
7f670f86a000-7f670f86b000 rw-p 0001e000 103:03 6202726                   /usr/lib/libfribidi.so.0.4.0
7f670f86b000-7f670f873000 r--p 00000000 103:03 6204291                   /usr/lib/libpangoft2-1.0.so.0.5701.0
7f670f873000-7f670f882000 r-xp 00008000 103:03 6204291                   /usr/lib/libpangoft2-1.0.so.0.5701.0
7f670f882000-7f670f887000 r--p 00017000 103:03 6204291                   /usr/lib/libpangoft2-1.0.so.0.5701.0
7f670f887000-7f670f888000 r--p 0001c000 103:03 6204291                   /usr/lib/libpangoft2-1.0.so.0.5701.0
7f670f888000-7f670f889000 rw-p 0001d000 103:03 6204291                   /usr/lib/libpangoft2-1.0.so.0.5701.0
7f670f889000-7f670f896000 r--p 00000000 103:03 6192012                   /usr/lib/libharfbuzz.so.0.61420.0
7f670f896000-7f670f988000 r-xp 0000d000 103:03 6192012                   /usr/lib/libharfbuzz.so.0.61420.0
7f670f988000-7f670f9b9000 r--p 000ff000 103:03 6192012                   /usr/lib/libharfbuzz.so.0.61420.0
7f670f9b9000-7f670f9bb000 r--p 0012f000 103:03 6192012                   /usr/lib/libharfbuzz.so.0.61420.0
7f670f9bb000-7f670f9bc000 rw-p 00131000 103:03 6192012                   /usr/lib/libharfbuzz.so.0.61420.0
7f670f9bc000-7f670f9ca000 r--p 00000000 103:03 6204283                   /usr/lib/libpango-1.0.so.0.5701.0
7f670f9ca000-7f670fa08000 r-xp 0000e000 103:03 6204283                   /usr/lib/libpango-1.0.so.0.5701.0
7f670fa08000-7f670fa22000 r--p 0004c000 103:03 6204283                   /usr/lib/libpango-1.0.so.0.5701.0
7f670fa22000-7f670fa26000 r--p 00065000 103:03 6204283                   /usr/lib/libpango-1.0.so.0.5701.0
7f670fa26000-7f670fa27000 rw-p 00069000 103:03 6204283                   /usr/lib/libpango-1.0.so.0.5701.0
7f670fa27000-7f670fa59000 r--p 00000000 103:03 6184545                   /usr/lib/libgio-2.0.so.0.8800.1
7f670fa59000-7f670fb88000 r-xp 00032000 103:03 6184545                   /usr/lib/libgio-2.0.so.0.8800.1
7f670fb88000-7f670fc09000 r--p 00161000 103:03 6184545                   /usr/lib/libgio-2.0.so.0.8800.1
7f670fc09000-7f670fc12000 r--p 001e1000 103:03 6184545                   /usr/lib/libgio-2.0.so.0.8800.1
7f670fc12000-7f670fc13000 rw-p 001ea000 103:03 6184545                   /usr/lib/libgio-2.0.so.0.8800.1
7f670fc13000-7f670fc15000 rw-p 00000000 00:00 0 
7f670fc15000-7f670fc2a000 r--p 00000000 103:03 6162870                   /usr/lib/libsystemd.so.0.43.0
7f670fc2a000-7f670fcf0000 r-xp 00015000 103:03 6162870                   /usr/lib/libsystemd.so.0.43.0
7f670fcf0000-7f670fd34000 r--p 000db000 103:03 6162870                   /usr/lib/libsystemd.so.0.43.0
7f670fd34000-7f670fd3d000 r--p 0011f000 103:03 6162870                   /usr/lib/libsystemd.so.0.43.0
7f670fd3d000-7f670fd3e000 rw-p 00128000 103:03 6162870                   /usr/lib/libsystemd.so.0.43.0
7f670fd3e000-7f670fd3f000 rw-p 00000000 00:00 0 
7f670fd3f000-7f670fd44000 r--p 00000000 103:03 6202691                   /usr/lib/libpixman-1.so.0.46.4
7f670fd44000-7f670fdd5000 r-xp 00005000 103:03 6202691                   /usr/lib/libpixman-1.so.0.46.4
7f670fdd5000-7f670fde5000 r--p 00096000 103:03 6202691                   /usr/lib/libpixman-1.so.0.46.4
7f670fde5000-7f670fded000 r--p 000a6000 103:03 6202691                   /usr/lib/libpixman-1.so.0.46.4
7f670fded000-7f670fdee000 rw-p 000ae000 103:03 6202691                   /usr/lib/libpixman-1.so.0.46.4
7f670fdee000-7f670fe05000 r--p 00000000 103:03 6200352                   /usr/lib/libX11.so.6.4.0
7f670fe05000-7f670fe9a000 r-xp 00017000 103:03 6200352                   /usr/lib/libX11.so.6.4.0
7f670fe9a000-7f670ff29000 r--p 000ac000 103:03 6200352                   /usr/lib/libX11.so.6.4.0
7f670ff29000-7f670ff2c000 r--p 0013a000 103:03 6200352                   /usr/lib/libX11.so.6.4.0
7f670ff2c000-7f670ff30000 rw-p 0013d000 103:03 6200352                   /usr/lib/libX11.so.6.4.0
7f670ff30000-7f670ff36000 r--p 00000000 103:03 6162855                   /usr/lib/libfreetype.so.6.20.6
7f670ff36000-7f670ffce000 r-xp 00006000 103:03 6162855                   /usr/lib/libfreetype.so.6.20.6
7f670ffce000-7f670fff7000 r--p 0009e000 103:03 6162855                   /usr/lib/libfreetype.so.6.20.6
7f670fff7000-7f670ffff000 r--p 000c6000 103:03 6162855                   /usr/lib/libfreetype.so.6.20.6
7f670ffff000-7f6710000000 rw-p 000ce000 103:03 6162855                   /usr/lib/libfreetype.so.6.20.6
7f6710000000-7f6710021000 rw-p 00000000 00:00 0 
7f6710021000-7f6714000000 ---p 00000000 00:00 0 
7f6714000000-7f6714021000 rw-p 00000000 00:00 0 
7f6714021000-7f6718000000 ---p 00000000 00:00 0 
7f6718000000-7f6718021000 rw-p 00000000 00:00 0 
7f6718021000-7f671c000000 ---p 00000000 00:00 0 
7f671c000000-7f671c021000 rw-p 00000000 00:00 0 
7f671c021000-7f6720000000 ---p 00000000 00:00 0 
7f6720000000-7f6720021000 rw-p 00000000 00:00 0 
7f6720021000-7f6724000000 ---p 00000000 00:00 0 
7f6724000000-7f6724021000 rw-p 00000000 00:00 0 
7f6724021000-7f6728000000 ---p 00000000 00:00 0 
7f6728010000-7f6728015000 r--p 00000000 103:03 6204287                   /usr/lib/libpangocairo-1.0.so.0.5701.0
7f6728015000-7f672801d000 r-xp 00005000 103:03 6204287                   /usr/lib/libpangocairo-1.0.so.0.5701.0
7f672801d000-7f672801f000 r--p 0000d000 103:03 6204287                   /usr/lib/libpangocairo-1.0.so.0.5701.0
7f672801f000-7f6728020000 r--p 0000f000 103:03 6204287                   /usr/lib/libpangocairo-1.0.so.0.5701.0
7f6728020000-7f6728021000 rw-p 00010000 103:03 6204287                   /usr/lib/libpangocairo-1.0.so.0.5701.0
7f6728021000-7f672802d000 r--p 00000000 103:03 6198005                   /usr/lib/libxcb.so.1.1.0
7f672802d000-7f6728041000 r-xp 0000c000 103:03 6198005                   /usr/lib/libxcb.so.1.1.0
7f6728041000-7f672804a000 r--p 00020000 103:03 6198005                   /usr/lib/libxcb.so.1.1.0
7f672804a000-7f672804b000 r--p 00028000 103:03 6198005                   /usr/lib/libxcb.so.1.1.0
7f672804b000-7f672804c000 rw-p 00029000 103:03 6198005                   /usr/lib/libxcb.so.1.1.0
7f672804c000-7f6728052000 r--p 00000000 103:03 6197430                   /usr/lib/libfontconfig.so.1.16.0
7f6728052000-7f6728083000 r-xp 00006000 103:03 6197430                   /usr/lib/libfontconfig.so.1.16.0
7f6728083000-7f672809a000 r--p 00037000 103:03 6197430                   /usr/lib/libfontconfig.so.1.16.0
7f672809a000-7f672809c000 r--p 0004d000 103:03 6197430                   /usr/lib/libfontconfig.so.1.16.0
7f672809c000-7f672809d000 rw-p 0004f000 103:03 6197430                   /usr/lib/libfontconfig.so.1.16.0
7f672809d000-7f67280bb000 r--p 00000000 103:03 6184567                   /usr/lib/libglib-2.0.so.0.8800.1
7f67280bb000-7f6728169000 r-xp 0001e000 103:03 6184567                   /usr/lib/libglib-2.0.so.0.8800.1
7f6728169000-7f67281fd000 r--p 000cc000 103:03 6184567                   /usr/lib/libglib-2.0.so.0.8800.1
7f67281fd000-7f67281fe000 r--p 00160000 103:03 6184567                   /usr/lib/libglib-2.0.so.0.8800.1
7f67281fe000-7f67281ff000 rw-p 00161000 103:03 6184567                   /usr/lib/libglib-2.0.so.0.8800.1
7f67281ff000-7f6728200000 rw-p 00000000 00:00 0 
7f672820f000-7f6728224000 r-xp 00000000 00:2c 1692                       /tmp/lwjgl_ferrium/3.4.1+2/x64/liblwjgl_opengl.so
7f6728224000-7f6728267000 r--p 00015000 00:2c 1692                       /tmp/lwjgl_ferrium/3.4.1+2/x64/liblwjgl_opengl.so
7f6728267000-7f6728268000 r--p 00057000 00:2c 1692                       /tmp/lwjgl_ferrium/3.4.1+2/x64/liblwjgl_opengl.so
7f6728268000-7f6728269000 rw-p 00058000 00:2c 1692                       /tmp/lwjgl_ferrium/3.4.1+2/x64/liblwjgl_opengl.so
7f6728269000-7f672826b000 r--p 00000000 103:03 6197849                   /usr/lib/libpciaccess.so.0.11.1
7f672826b000-7f6728270000 r-xp 00002000 103:03 6197849                   /usr/lib/libpciaccess.so.0.11.1
7f6728270000-7f6728272000 r--p 00007000 103:03 6197849                   /usr/lib/libpciaccess.so.0.11.1
7f6728272000-7f6728273000 r--p 00008000 103:03 6197849                   /usr/lib/libpciaccess.so.0.11.1
7f6728273000-7f6728274000 rw-p 00009000 103:03 6197849                   /usr/lib/libpciaccess.so.0.11.1
7f6728274000-7f672828e000 r--p 00000000 103:03 6162734                   /usr/lib/libxml2.so.16.1.3
7f672828e000-7f6728362000 r-xp 0001a000 103:03 6162734                   /usr/lib/libxml2.so.16.1.3
7f6728362000-7f672839f000 r--p 000ee000 103:03 6162734                   /usr/lib/libxml2.so.16.1.3
7f672839f000-7f67283a8000 r--p 0012b000 103:03 6162734                   /usr/lib/libxml2.so.16.1.3
7f67283a8000-7f67283a9000 rw-p 00134000 103:03 6162734                   /usr/lib/libxml2.so.16.1.3
7f67283a9000-7f67283aa000 rw-p 00000000 00:00 0 
7f67283aa000-7f67283b0000 r--p 00000000 103:03 6162629                   /usr/lib/libedit.so.0.0.76
7f67283b0000-7f67283d0000 r-xp 00006000 103:03 6162629                   /usr/lib/libedit.so.0.0.76
7f67283d0000-7f67283dd000 r--p 00026000 103:03 6162629                   /usr/lib/libedit.so.0.0.76
7f67283dd000-7f67283df000 r--p 00033000 103:03 6162629                   /usr/lib/libedit.so.0.0.76
7f67283df000-7f67283e0000 rw-p 00035000 103:03 6162629                   /usr/lib/libedit.so.0.0.76
7f67283e0000-7f67283e3000 rw-p 00000000 00:00 0 
7f67283e3000-7f67283e6000 r--p 00000000 103:03 6168390                   /usr/lib/libdrm_intel.so.1.133.0
7f67283e6000-7f67283fd000 r-xp 00003000 103:03 6168390                   /usr/lib/libdrm_intel.so.1.133.0
7f67283fd000-7f6728407000 r--p 0001a000 103:03 6168390                   /usr/lib/libdrm_intel.so.1.133.0
7f6728407000-7f6728408000 r--p 00023000 103:03 6168390                   /usr/lib/libdrm_intel.so.1.133.0
7f6728408000-7f6728409000 rw-p 00024000 103:03 6168390                   /usr/lib/libdrm_intel.so.1.133.0
7f6728409000-7f672840c000 r--p 00000000 103:03 6163860                   /usr/lib/libdrm_amdgpu.so.1.133.0
7f672840c000-7f6728412000 r-xp 00003000 103:03 6163860                   /usr/lib/libdrm_amdgpu.so.1.133.0
7f6728412000-7f6728414000 r--p 00009000 103:03 6163860                   /usr/lib/libdrm_amdgpu.so.1.133.0
7f6728414000-7f6728415000 r--p 0000a000 103:03 6163860                   /usr/lib/libdrm_amdgpu.so.1.133.0
7f6728415000-7f6728416000 rw-p 0000b000 103:03 6163860                   /usr/lib/libdrm_amdgpu.so.1.133.0
7f6728416000-7f6728419000 r--p 00000000 103:03 6182543                   /usr/lib/libelf-0.195.so
7f6728419000-7f672842d000 r-xp 00003000 103:03 6182543                   /usr/lib/libelf-0.195.so
7f672842d000-7f6728431000 r--p 00017000 103:03 6182543                   /usr/lib/libelf-0.195.so
7f6728431000-7f6728432000 r--p 0001b000 103:03 6182543                   /usr/lib/libelf-0.195.so
7f6728432000-7f6728433000 rw-p 0001c000 103:03 6182543                   /usr/lib/libelf-0.195.so
7f6728433000-7f6728434000 r--p 00000000 103:03 6201226                   /usr/lib/libxshmfence.so.1.0.0
7f6728434000-7f6728435000 r-xp 00001000 103:03 6201226                   /usr/lib/libxshmfence.so.1.0.0
7f6728435000-7f6728436000 r--p 00002000 103:03 6201226                   /usr/lib/libxshmfence.so.1.0.0
7f6728436000-7f6728437000 r--p 00002000 103:03 6201226                   /usr/lib/libxshmfence.so.1.0.0
7f6728437000-7f6728438000 rw-p 00003000 103:03 6201226                   /usr/lib/libxshmfence.so.1.0.0
7f6728438000-7f672843b000 r--p 00000000 103:03 6197978                   /usr/lib/libxcb-sync.so.1.0.0
7f672843b000-7f672843e000 r-xp 00003000 103:03 6197978                   /usr/lib/libxcb-sync.so.1.0.0
7f672843e000-7f672843f000 r--p 00006000 103:03 6197978                   /usr/lib/libxcb-sync.so.1.0.0
7f672843f000-7f6728440000 r--p 00007000 103:03 6197978                   /usr/lib/libxcb-sync.so.1.0.0
7f6728440000-7f6728441000 rw-p 00008000 103:03 6197978                   /usr/lib/libxcb-sync.so.1.0.0
7f6728441000-7f6728443000 r--p 00000000 103:03 6201323                   /usr/lib/libsensors.so.5.0.0
7f6728443000-7f672844b000 r-xp 00002000 103:03 6201323                   /usr/lib/libsensors.so.5.0.0
7f672844b000-7f672844f000 r--p 0000a000 103:03 6201323                   /usr/lib/libsensors.so.5.0.0
7f672844f000-7f6728450000 r--p 0000e000 103:03 6201323                   /usr/lib/libsensors.so.5.0.0
7f6728450000-7f6728451000 rw-p 0000f000 103:03 6201323                   /usr/lib/libsensors.so.5.0.0
7f6728451000-7f6728466000 r--p 00000000 103:03 6233941                   /usr/lib/libSPIRV-Tools.so
7f6728466000-7f6728585000 r-xp 00015000 103:03 6233941                   /usr/lib/libSPIRV-Tools.so
7f6728585000-7f6728600000 r--p 00134000 103:03 6233941                   /usr/lib/libSPIRV-Tools.so
7f6728600000-7f6728603000 r--p 001ae000 103:03 6233941                   /usr/lib/libSPIRV-Tools.so
7f6728603000-7f6728604000 rw-p 001b1000 103:03 6233941                   /usr/lib/libSPIRV-Tools.so
7f6728604000-7f6728610000 r--p 00000000 103:03 6176291                   /usr/lib/libzstd.so.1.5.7
7f6728610000-7f67286d7000 r-xp 0000c000 103:03 6176291                   /usr/lib/libzstd.so.1.5.7
7f67286d7000-7f67286e8000 r--p 000d3000 103:03 6176291                   /usr/lib/libzstd.so.1.5.7
7f67286e8000-7f67286e9000 r--p 000e4000 103:03 6176291                   /usr/lib/libzstd.so.1.5.7
7f67286e9000-7f67286ea000 rw-p 000e5000 103:03 6176291                   /usr/lib/libzstd.so.1.5.7
7f67286ea000-7f67286eb000 r--p 00000000 103:03 6197954                   /usr/lib/libxcb-present.so.0.0.0
7f67286eb000-7f67286ec000 r-xp 00001000 103:03 6197954                   /usr/lib/libxcb-present.so.0.0.0
7f67286ec000-7f67286ed000 r--p 00002000 103:03 6197954                   /usr/lib/libxcb-present.so.0.0.0
7f67286ed000-7f67286ee000 r--p 00002000 103:03 6197954                   /usr/lib/libxcb-present.so.0.0.0
7f67286ee000-7f67286ef000 rw-p 00003000 103:03 6197954                   /usr/lib/libxcb-present.so.0.0.0
7f67286ef000-7f67286f4000 r--p 00000000 103:03 6163835                   /usr/lib/libdrm.so.2.133.0
7f67286f4000-7f6728700000 r-xp 00005000 103:03 6163835                   /usr/lib/libdrm.so.2.133.0
7f6728700000-7f6728704000 r--p 00011000 103:03 6163835                   /usr/lib/libdrm.so.2.133.0
7f6728704000-7f6728705000 r--p 00015000 103:03 6163835                   /usr/lib/libdrm.so.2.133.0
7f6728705000-7f6728706000 rw-p 00016000 103:03 6163835                   /usr/lib/libdrm.so.2.133.0
7f6728706000-7f672870d000 r--p 00000000 103:03 6182626                   /usr/lib/libEGL_mesa.so.0.0.0
7f672870d000-7f672874b000 r-xp 00007000 103:03 6182626                   /usr/lib/libEGL_mesa.so.0.0.0
7f672874b000-7f672875f000 r--p 00045000 103:03 6182626                   /usr/lib/libEGL_mesa.so.0.0.0
7f672875f000-7f672876c000 r--p 00058000 103:03 6182626                   /usr/lib/libEGL_mesa.so.0.0.0
7f672876c000-7f672876d000 rw-p 00065000 103:03 6182626                   /usr/lib/libEGL_mesa.so.0.0.0
7f672876d000-7f672876e000 rw-p 00000000 00:00 0 
7f672876e000-7f6728770000 r--p 00000000 103:03 6201422                   /usr/lib/libGLdispatch.so.0.0.0
7f6728770000-7f67287af000 r-xp 00002000 103:03 6201422                   /usr/lib/libGLdispatch.so.0.0.0
7f67287af000-7f67287c2000 r--p 00041000 103:03 6201422                   /usr/lib/libGLdispatch.so.0.0.0
7f67287c2000-7f67287de000 r--p 00054000 103:03 6201422                   /usr/lib/libGLdispatch.so.0.0.0
7f67287de000-7f67287df000 rw-p 00070000 103:03 6201422                   /usr/lib/libGLdispatch.so.0.0.0
7f67287df000-7f67287e7000 rw-p 00000000 00:00 0 
7f67287e7000-7f67287ed000 r--s 00000000 103:03 12714438                  /var/cache/fontconfig/b67b32625a2bb51b023d3814a918f351-le64.cache-9
7f67287ed000-7f67287f8000 r--s 00000000 103:03 12718856                  /var/cache/fontconfig/4b31aef11cb0687b6d280d34cbe23592-le64.cache-9
7f6728800000-7f6728802000 r--p 00000000 103:03 6718773                   /usr/lib/jvm/java-26-openjdk/lib/libverify.so
7f6728802000-7f672880b000 r-xp 00002000 103:03 6718773                   /usr/lib/jvm/java-26-openjdk/lib/libverify.so
7f672880b000-7f672880d000 r--p 0000b000 103:03 6718773                   /usr/lib/jvm/java-26-openjdk/lib/libverify.so
7f672880d000-7f672880f000 r--p 0000c000 103:03 6718773                   /usr/lib/jvm/java-26-openjdk/lib/libverify.so
7f672880f000-7f6728810000 rw-p 0000e000 103:03 6718773                   /usr/lib/jvm/java-26-openjdk/lib/libverify.so
7f6728810000-7f6728900000 rw-s 00000000 00:01 69884                      /memfd:wayland-cursor (deleted)
7f6728900000-7f6728906000 r--p 00000000 103:03 6197963                   /usr/lib/libxcb-render.so.0.0.0
7f6728906000-7f672890b000 r-xp 00006000 103:03 6197963                   /usr/lib/libxcb-render.so.0.0.0
7f672890b000-7f672890d000 r--p 0000b000 103:03 6197963                   /usr/lib/libxcb-render.so.0.0.0
7f672890d000-7f672890e000 r--p 0000d000 103:03 6197963                   /usr/lib/libxcb-render.so.0.0.0
7f672890e000-7f672890f000 rw-p 0000e000 103:03 6197963                   /usr/lib/libxcb-render.so.0.0.0
7f672890f000-7f6728915000 r--p 00000000 103:03 6184552                   /usr/lib/libpng16.so.16.58.0
7f6728915000-7f672893f000 r-xp 00006000 103:03 6184552                   /usr/lib/libpng16.so.16.58.0
7f672893f000-7f6728948000 r--p 00030000 103:03 6184552                   /usr/lib/libpng16.so.16.58.0
7f6728948000-7f6728949000 r--p 00039000 103:03 6184552                   /usr/lib/libpng16.so.16.58.0
7f6728949000-7f672894a000 rw-p 0003a000 103:03 6184552                   /usr/lib/libpng16.so.16.58.0
7f672894a000-7f6728956000 r--p 00000000 103:03 6184577                   /usr/lib/libgobject-2.0.so.0.8800.1
7f6728956000-7f672898f000 r-xp 0000c000 103:03 6184577                   /usr/lib/libgobject-2.0.so.0.8800.1
7f672898f000-7f67289a9000 r--p 00045000 103:03 6184577                   /usr/lib/libgobject-2.0.so.0.8800.1
7f67289a9000-7f67289ac000 r--p 0005e000 103:03 6184577                   /usr/lib/libgobject-2.0.so.0.8800.1
7f67289ac000-7f67289ad000 rw-p 00061000 103:03 6184577                   /usr/lib/libgobject-2.0.so.0.8800.1
7f67289af000-7f67289b2000 r--p 00000000 103:03 6197984                   /usr/lib/libxcb-xfixes.so.0.0.0
7f67289b2000-7f67289b5000 r-xp 00003000 103:03 6197984                   /usr/lib/libxcb-xfixes.so.0.0.0
7f67289b5000-7f67289b6000 r--p 00006000 103:03 6197984                   /usr/lib/libxcb-xfixes.so.0.0.0
7f67289b6000-7f67289b7000 r--p 00007000 103:03 6197984                   /usr/lib/libxcb-xfixes.so.0.0.0
7f67289b7000-7f67289b8000 rw-p 00008000 103:03 6197984                   /usr/lib/libxcb-xfixes.so.0.0.0
7f67289b8000-7f67289bf000 r--p 00000000 103:03 6197957                   /usr/lib/libxcb-randr.so.0.1.0
7f67289bf000-7f67289c5000 r-xp 00007000 103:03 6197957                   /usr/lib/libxcb-randr.so.0.1.0
7f67289c5000-7f67289c8000 r--p 0000d000 103:03 6197957                   /usr/lib/libxcb-randr.so.0.1.0
7f67289c8000-7f67289c9000 r--p 00010000 103:03 6197957                   /usr/lib/libxcb-randr.so.0.1.0
7f67289c9000-7f67289ca000 rw-p 00011000 103:03 6197957                   /usr/lib/libxcb-randr.so.0.1.0
7f67289ca000-7f6728a9a000 rw-s 00000000 00:01 69883                      /memfd:wayland-cursor (deleted)
7f6728a9a000-7f6728aa8000 r--p 00000000 103:03 6185611                   /usr/lib/libdbus-1.so.3.38.3
7f6728aa8000-7f6728ad9000 r-xp 0000e000 103:03 6185611                   /usr/lib/libdbus-1.so.3.38.3
7f6728ad9000-7f6728aea000 r--p 0003f000 103:03 6185611                   /usr/lib/libdbus-1.so.3.38.3
7f6728aea000-7f6728aec000 r--p 0004f000 103:03 6185611                   /usr/lib/libdbus-1.so.3.38.3
7f6728aec000-7f6728aed000 rw-p 00051000 103:03 6185611                   /usr/lib/libdbus-1.so.3.38.3
7f6728aed000-7f6728afb000 r--p 00000000 103:03 6202702                   /usr/lib/libcairo.so.2.11804.4
7f6728afb000-7f6728bee000 r-xp 0000e000 103:03 6202702                   /usr/lib/libcairo.so.2.11804.4
7f6728bee000-7f6728c23000 r--p 00101000 103:03 6202702                   /usr/lib/libcairo.so.2.11804.4
7f6728c23000-7f6728c27000 r--p 00136000 103:03 6202702                   /usr/lib/libcairo.so.2.11804.4
7f6728c27000-7f6728c29000 rw-p 0013a000 103:03 6202702                   /usr/lib/libcairo.so.2.11804.4
7f6728c29000-7f6728c2a000 rw-p 00000000 00:00 0 
7f6728c2a000-7f6728c2c000 r--p 00000000 103:03 6197948                   /usr/lib/libxcb-dri3.so.0.1.0
7f6728c2c000-7f6728c2e000 r-xp 00002000 103:03 6197948                   /usr/lib/libxcb-dri3.so.0.1.0
7f6728c2e000-7f6728c2f000 r--p 00004000 103:03 6197948                   /usr/lib/libxcb-dri3.so.0.1.0
7f6728c2f000-7f6728c30000 r--p 00004000 103:03 6197948                   /usr/lib/libxcb-dri3.so.0.1.0
7f6728c30000-7f6728c31000 rw-p 00005000 103:03 6197948                   /usr/lib/libxcb-dri3.so.0.1.0
7f6728c31000-7f6728c33000 r--p 00000000 103:03 6201410                   /usr/lib/libEGL.so.1.1.0
7f6728c33000-7f6728c3d000 r-xp 00002000 103:03 6201410                   /usr/lib/libEGL.so.1.1.0
7f6728c3d000-7f6728c41000 r--p 0000c000 103:03 6201410                   /usr/lib/libEGL.so.1.1.0
7f6728c41000-7f6728c42000 r--p 0000f000 103:03 6201410                   /usr/lib/libEGL.so.1.1.0
7f6728c42000-7f6728c43000 rw-p 00010000 103:03 6201410                   /usr/lib/libEGL.so.1.1.0
7f6728c43000-7f6728c47000 r--p 00000000 103:03 6709680                   /usr/lib/libdecor/plugins-1/libdecor-cairo.so
7f6728c47000-7f6728c4d000 r-xp 00004000 103:03 6709680                   /usr/lib/libdecor/plugins-1/libdecor-cairo.so
7f6728c4d000-7f6728c4f000 r--p 0000a000 103:03 6709680                   /usr/lib/libdecor/plugins-1/libdecor-cairo.so
7f6728c4f000-7f6728c52000 r--p 0000b000 103:03 6709680                   /usr/lib/libdecor/plugins-1/libdecor-cairo.so
7f6728c52000-7f6728c53000 rw-p 0000e000 103:03 6709680                   /usr/lib/libdecor/plugins-1/libdecor-cairo.so
7f6728c53000-7f6728c54000 rw-p 00000000 00:00 0 
7f6728c54000-7f6728c58000 ---p 00000000 00:00 0 
7f6728c58000-7f6728d54000 rw-p 00000000 00:00 0 
7f6728d54000-7f6728d79000 r-xp 00000000 00:2c 1691                       /tmp/lwjgl_ferrium/3.4.1+2/x64/libglfw.so
7f6728d79000-7f6728dc8000 r--p 00025000 00:2c 1691                       /tmp/lwjgl_ferrium/3.4.1+2/x64/libglfw.so
7f6728dc8000-7f6728dcc000 r--p 00074000 00:2c 1691                       /tmp/lwjgl_ferrium/3.4.1+2/x64/libglfw.so
7f6728dcc000-7f6728dcf000 rw-p 00078000 00:2c 1691                       /tmp/lwjgl_ferrium/3.4.1+2/x64/libglfw.so
7f6728dcf000-7f6728df2000 rw-p 00000000 00:00 0 
7f6728df2000-7f6728ef4000 rw-p 00000000 00:00 0 
7f6728ef4000-7f6728ef8000 ---p 00000000 00:00 0 
7f6728ef8000-7f6728ff5000 rw-p 00000000 00:00 0 
7f6728ff5000-7f6728ff9000 ---p 00000000 00:00 0 
7f6728ff9000-7f67290f6000 rw-p 00000000 00:00 0 
7f67290f6000-7f67290fa000 ---p 00000000 00:00 0 
7f67290fa000-7f67292f8000 rw-p 00000000 00:00 0 
7f67292f8000-7f67292fc000 ---p 00000000 00:00 0 
7f67292fc000-7f67293f9000 rw-p 00000000 00:00 0 
7f67293f9000-7f67293fd000 ---p 00000000 00:00 0 
7f67293fd000-7f67294fa000 rw-p 00000000 00:00 0 
7f67294fa000-7f67294fe000 ---p 00000000 00:00 0 
7f67294fe000-7f67295fb000 rw-p 00000000 00:00 0 
7f67295fb000-7f67295ff000 ---p 00000000 00:00 0 
7f67295ff000-7f67296fc000 rw-p 00000000 00:00 0 
7f67296fc000-7f6729700000 ---p 00000000 00:00 0 
7f6729700000-7f67297fd000 rw-p 00000000 00:00 0 
7f67297fd000-7f6729801000 ---p 00000000 00:00 0 
7f6729801000-7f67298fe000 rw-p 00000000 00:00 0 
7f67298fe000-7f6729902000 ---p 00000000 00:00 0 
7f6729902000-7f67299ff000 rw-p 00000000 00:00 0 
7f67299ff000-7f6729a03000 ---p 00000000 00:00 0 
7f6729a03000-7f6729b00000 rw-p 00000000 00:00 0 
7f6729b00000-7f6729b04000 ---p 00000000 00:00 0 
7f6729b04000-7f6729c00000 rw-p 00000000 00:00 0 
7f6729c00000-7f6729eee000 r--p 00000000 103:03 6236675                   /usr/lib/locale/locale-archive
7f6729eee000-7f6729eef000 r--p 00000000 103:03 6200346                   /usr/lib/libX11-xcb.so.1.0.0
7f6729eef000-7f6729ef0000 r-xp 00001000 103:03 6200346                   /usr/lib/libX11-xcb.so.1.0.0
7f6729ef0000-7f6729ef1000 r--p 00002000 103:03 6200346                   /usr/lib/libX11-xcb.so.1.0.0
7f6729ef1000-7f6729ef2000 r--p 00002000 103:03 6200346                   /usr/lib/libX11-xcb.so.1.0.0
7f6729ef2000-7f6729ef3000 rw-p 00003000 103:03 6200346                   /usr/lib/libX11-xcb.so.1.0.0
7f6729ef3000-7f6729ef5000 r--p 00000000 103:03 6202681                   /usr/lib/libXrender.so.1.3.0
7f6729ef5000-7f6729efc000 r-xp 00002000 103:03 6202681                   /usr/lib/libXrender.so.1.3.0
7f6729efc000-7f6729efd000 r--p 00009000 103:03 6202681                   /usr/lib/libXrender.so.1.3.0
7f6729efd000-7f6729efe000 r--p 00009000 103:03 6202681                   /usr/lib/libXrender.so.1.3.0
7f6729efe000-7f6729eff000 rw-p 0000a000 103:03 6202681                   /usr/lib/libXrender.so.1.3.0
7f6729eff000-7f6729f00000 rw-p 00000000 00:00 0 
7f6729f00000-7f6729f04000 ---p 00000000 00:00 0 
7f6729f04000-7f672a000000 rw-p 00000000 00:00 0 
7f672a000000-7f672c021000 rw-p 00000000 00:00 0 
7f672c021000-7f6730000000 ---p 00000000 00:00 0 
7f6730000000-7f6730021000 rw-p 00000000 00:00 0 
7f6730021000-7f6734000000 ---p 00000000 00:00 0 
7f6734001000-7f6734003000 r--p 00000000 103:03 6184572                   /usr/lib/libgmodule-2.0.so.0.8800.1
7f6734003000-7f6734005000 r-xp 00002000 103:03 6184572                   /usr/lib/libgmodule-2.0.so.0.8800.1
7f6734005000-7f6734006000 r--p 00004000 103:03 6184572                   /usr/lib/libgmodule-2.0.so.0.8800.1
7f6734006000-7f6734007000 r--p 00004000 103:03 6184572                   /usr/lib/libgmodule-2.0.so.0.8800.1
7f6734007000-7f6734008000 rw-p 00005000 103:03 6184572                   /usr/lib/libgmodule-2.0.so.0.8800.1
7f6734008000-7f673400b000 r--p 00000000 103:03 6216414                   /usr/lib/libdecor-0.so.0.200.5
7f673400b000-7f673400e000 r-xp 00003000 103:03 6216414                   /usr/lib/libdecor-0.so.0.200.5
7f673400e000-7f6734010000 r--p 00006000 103:03 6216414                   /usr/lib/libdecor-0.so.0.200.5
7f6734010000-7f6734011000 r--p 00007000 103:03 6216414                   /usr/lib/libdecor-0.so.0.200.5
7f6734011000-7f6734012000 rw-p 00008000 103:03 6216414                   /usr/lib/libdecor-0.so.0.200.5
7f6734012000-7f6734016000 r--p 00000000 103:03 6201649                   /usr/lib/libxkbcommon.so.0.13.1
7f6734016000-7f6734044000 r-xp 00004000 103:03 6201649                   /usr/lib/libxkbcommon.so.0.13.1
7f6734044000-7f673406c000 r--p 00032000 103:03 6201649                   /usr/lib/libxkbcommon.so.0.13.1
7f673406c000-7f673406e000 r--p 0005a000 103:03 6201649                   /usr/lib/libxkbcommon.so.0.13.1
7f673406e000-7f673406f000 rw-p 0005c000 103:03 6201649                   /usr/lib/libxkbcommon.so.0.13.1
7f673406f000-7f67340a4000 r-xp 00000000 00:2c 1690                       /tmp/lwjgl_ferrium/3.4.1+2/x64/liblwjgl.so
7f67340a4000-7f67340ec000 r--p 00035000 00:2c 1690                       /tmp/lwjgl_ferrium/3.4.1+2/x64/liblwjgl.so
7f67340ec000-7f67340ed000 r--p 0007c000 00:2c 1690                       /tmp/lwjgl_ferrium/3.4.1+2/x64/liblwjgl.so
7f67340ed000-7f67340ee000 rw-p 0007d000 00:2c 1690                       /tmp/lwjgl_ferrium/3.4.1+2/x64/liblwjgl.so
7f67340ee000-7f67340ef000 rw-p 00000000 00:00 0 
7f67340ef000-7f67340f3000 ---p 00000000 00:00 0 
7f67340f3000-7f67341ef000 rw-p 00000000 00:00 0 
7f67341ef000-7f673425f000 rw-p 00000000 00:00 0 
7f673425f000-7f6737df7000 ---p 00000000 00:00 0 
7f6737df7000-7f6737dff000 rw-p 00000000 00:00 0 
7f6737dff000-7f673822f000 rwxp 00000000 00:00 0 
7f673822f000-7f673f25f000 ---p 00000000 00:00 0 
7f673f25f000-7f673f70f000 rwxp 00000000 00:00 0 
7f673f70f000-7f673f9a0000 ---p 00000000 00:00 0 
7f673f9a0000-7f673fc10000 rwxp 00000000 00:00 0 
7f673fc10000-7f6746e00000 ---p 00000000 00:00 0 
7f6746e00000-7f674fe02000 r--s 00000000 103:03 6718779                   /usr/lib/jvm/java-26-openjdk/lib/modules
7f674fe04000-7f674fe05000 r--p 00000000 00:00 0 
7f674fe05000-7f674fe06000 r--p 00000000 103:03 6201386                   /usr/lib/libwayland-egl.so.1.25.0
7f674fe06000-7f674fe07000 r-xp 00001000 103:03 6201386                   /usr/lib/libwayland-egl.so.1.25.0
7f674fe07000-7f674fe08000 r--p 00002000 103:03 6201386                   /usr/lib/libwayland-egl.so.1.25.0
7f674fe08000-7f674fe09000 r--p 00002000 103:03 6201386                   /usr/lib/libwayland-egl.so.1.25.0
7f674fe09000-7f674fe0a000 rw-p 00003000 103:03 6201386                   /usr/lib/libwayland-egl.so.1.25.0
7f674fe0a000-7f674fe0b000 r--p 00000000 103:03 6201381                   /usr/lib/libwayland-cursor.so.0.25.0
7f674fe0b000-7f674fe0d000 r-xp 00001000 103:03 6201381                   /usr/lib/libwayland-cursor.so.0.25.0
7f674fe0d000-7f674fe0e000 r--p 00003000 103:03 6201381                   /usr/lib/libwayland-cursor.so.0.25.0
7f674fe0e000-7f674fe0f000 r--p 00003000 103:03 6201381                   /usr/lib/libwayland-cursor.so.0.25.0
7f674fe0f000-7f674fe13000 rw-p 00004000 103:03 6201381                   /usr/lib/libwayland-cursor.so.0.25.0
7f674fe13000-7f674fe16000 r--p 00000000 103:03 6201377                   /usr/lib/libwayland-client.so.0.25.0
7f674fe16000-7f674fe1d000 r-xp 00003000 103:03 6201377                   /usr/lib/libwayland-client.so.0.25.0
7f674fe1d000-7f674fe20000 r--p 0000a000 103:03 6201377                   /usr/lib/libwayland-client.so.0.25.0
7f674fe20000-7f674fe22000 r--p 0000c000 103:03 6201377                   /usr/lib/libwayland-client.so.0.25.0
7f674fe22000-7f674fe23000 rw-p 0000e000 103:03 6201377                   /usr/lib/libwayland-client.so.0.25.0
7f674fe23000-7f674feff000 rw-p 00000000 00:00 0 
7f674feff000-7f6750000000 rw-p 00000000 00:00 0 
7f6750000000-7f6751bd3000 rw-p 00000000 00:00 0 
7f6751bd3000-7f6754000000 ---p 00000000 00:00 0 
7f6754000000-7f6754003000 r--s 00000000 103:03 12718857                  /var/cache/fontconfig/f6b893a7224233d96cb72fd88691c0b4-le64.cache-9
7f6754003000-7f6754005000 r--p 00000000 103:03 6181637                   /usr/lib/libffi.so.8.2.0
7f6754005000-7f675400c000 r-xp 00002000 103:03 6181637                   /usr/lib/libffi.so.8.2.0
7f675400c000-7f675400d000 r--p 00009000 103:03 6181637                   /usr/lib/libffi.so.8.2.0
7f675400d000-7f675400e000 r--p 0000a000 103:03 6181637                   /usr/lib/libffi.so.8.2.0
7f675400e000-7f675400f000 rw-p 0000b000 103:03 6181637                   /usr/lib/libffi.so.8.2.0
7f675400f000-7f6754010000 r--p 00000000 103:03 6163869                   /usr/lib/librt.so.1
7f6754010000-7f6754011000 r-xp 00001000 103:03 6163869                   /usr/lib/librt.so.1
7f6754011000-7f6754012000 r--p 00002000 103:03 6163869                   /usr/lib/librt.so.1
7f6754012000-7f6754013000 r--p 00002000 103:03 6163869                   /usr/lib/librt.so.1
7f6754013000-7f6754014000 rw-p 00003000 103:03 6163869                   /usr/lib/librt.so.1
7f6754014000-7f6754015000 r--p 00000000 103:03 6197975                   /usr/lib/libxcb-shm.so.0.0.0
7f6754015000-7f6754016000 r-xp 00001000 103:03 6197975                   /usr/lib/libxcb-shm.so.0.0.0
7f6754016000-7f6754017000 r--p 00002000 103:03 6197975                   /usr/lib/libxcb-shm.so.0.0.0
7f6754017000-7f6754018000 r--p 00002000 103:03 6197975                   /usr/lib/libxcb-shm.so.0.0.0
7f6754018000-7f6754019000 rw-p 00003000 103:03 6197975                   /usr/lib/libxcb-shm.so.0.0.0
7f6754019000-7f675401d000 r--p 00000000 103:03 6191887                   /usr/lib/libXext.so.6.4.0
7f675401d000-7f6754028000 r-xp 00004000 103:03 6191887                   /usr/lib/libXext.so.6.4.0
7f6754028000-7f675402b000 r--p 0000f000 103:03 6191887                   /usr/lib/libXext.so.6.4.0
7f675402b000-7f675402c000 r--p 00011000 103:03 6191887                   /usr/lib/libXext.so.6.4.0
7f675402c000-7f675402d000 rw-p 00012000 103:03 6191887                   /usr/lib/libXext.so.6.4.0
7f675402d000-7f675402f000 r--p 00000000 00:01 10243                      /memfd:kwin-dmabuf-feedback-table (deleted)
7f675402f000-7f6754030000 rw-s 11cf1a000 00:07 481                       /dev/dri/renderD128
7f6754030000-7f6754032000 r--p 00000000 103:03 6239163                   /usr/lib/libgbm.so.1.0.0
7f6754032000-7f6754033000 r-xp 00002000 103:03 6239163                   /usr/lib/libgbm.so.1.0.0
7f6754033000-7f6754034000 r--p 00003000 103:03 6239163                   /usr/lib/libgbm.so.1.0.0
7f6754034000-7f6754035000 r--p 00003000 103:03 6239163                   /usr/lib/libgbm.so.1.0.0
7f6754035000-7f6754036000 rw-p 00004000 103:03 6239163                   /usr/lib/libgbm.so.1.0.0
7f6754036000-7f675403d000 r--s 00000000 103:03 6236676                   /usr/lib/gconv/gconv-modules.cache
7f675403d000-7f6754441000 rw-p 00000000 00:00 0 
7f6754441000-7f675514e000 rw-p 00000000 00:00 0 
7f675514e000-7f6755451000 rw-p 00000000 00:00 0 
7f6755451000-7f675545f000 rw-p 00000000 00:00 0 
7f675545f000-7f6755bd2000 ---p 00000000 00:00 0 
7f6755bd2000-7f6755be1000 rw-p 00000000 00:00 0 
7f6755be1000-7f6756354000 ---p 00000000 00:00 0 
7f6756354000-7f6756363000 rw-p 00000000 00:00 0 
7f6756363000-7f6756ad6000 ---p 00000000 00:00 0 
7f6756ad6000-7f67577e9000 rw-p 00000000 00:00 0 
7f67577e9000-7f67578cd000 ---p 00000000 00:00 0 
7f67578cd000-7f67578dd000 r--p 00000000 103:03 6163836                   /usr/lib/libm.so.6
7f67578dd000-7f6757976000 r-xp 00010000 103:03 6163836                   /usr/lib/libm.so.6
7f6757976000-7f67579fe000 r--p 000a9000 103:03 6163836                   /usr/lib/libm.so.6
7f67579fe000-7f67579ff000 r--p 00130000 103:03 6163836                   /usr/lib/libm.so.6
7f67579ff000-7f6757a00000 rw-p 00131000 103:03 6163836                   /usr/lib/libm.so.6
7f6757a00000-7f6757a9a000 r--p 00000000 103:03 6191896                   /usr/lib/libstdc++.so.6.0.35
7f6757a9a000-7f6757c1d000 r-xp 0009a000 103:03 6191896                   /usr/lib/libstdc++.so.6.0.35
7f6757c1d000-7f6757cbd000 r--p 0021d000 103:03 6191896                   /usr/lib/libstdc++.so.6.0.35
7f6757cbd000-7f6757cce000 r--p 002bc000 103:03 6191896                   /usr/lib/libstdc++.so.6.0.35
7f6757cce000-7f6757ccf000 rw-p 002cd000 103:03 6191896                   /usr/lib/libstdc++.so.6.0.35
7f6757ccf000-7f6757cd3000 rw-p 00000000 00:00 0 
7f6757cd3000-7f6757cd4000 r--p 00000000 103:03 6718753                   /usr/lib/jvm/java-26-openjdk/lib/libsimdsort.so
7f6757cd4000-7f6757d0f000 r-xp 00001000 103:03 6718753                   /usr/lib/jvm/java-26-openjdk/lib/libsimdsort.so
7f6757d0f000-7f6757d15000 r--p 0003c000 103:03 6718753                   /usr/lib/jvm/java-26-openjdk/lib/libsimdsort.so
7f6757d15000-7f6757d16000 r--p 00041000 103:03 6718753                   /usr/lib/jvm/java-26-openjdk/lib/libsimdsort.so
7f6757d16000-7f6757d17000 rw-p 00042000 103:03 6718753                   /usr/lib/jvm/java-26-openjdk/lib/libsimdsort.so
7f6757d17000-7f6757d20000 rw-p 00000000 00:00 0 
7f6757d20000-7f6757e00000 ---p 00000000 00:00 0 
7f6757e00000-7f6757e0e000 r--p 00000000 103:03 6718805                   /usr/lib/jvm/java-26-openjdk/lib/server/libjvm.so
7f6757e0e000-7f6758d1e000 r-xp 0000e000 103:03 6718805                   /usr/lib/jvm/java-26-openjdk/lib/server/libjvm.so
7f6758d1e000-7f6758f47000 r--p 00f1e000 103:03 6718805                   /usr/lib/jvm/java-26-openjdk/lib/server/libjvm.so
7f6758f47000-7f6759038000 r--p 01146000 103:03 6718805                   /usr/lib/jvm/java-26-openjdk/lib/server/libjvm.so
7f6759038000-7f6759059000 rw-p 01237000 103:03 6718805                   /usr/lib/jvm/java-26-openjdk/lib/server/libjvm.so
7f6759059000-7f67590dc000 rw-p 00000000 00:00 0 
7f67590dc000-7f67590de000 r--p 00000000 103:03 6718711                   /usr/lib/jvm/java-26-openjdk/lib/libnet.so
7f67590de000-7f67590e5000 r-xp 00002000 103:03 6718711                   /usr/lib/jvm/java-26-openjdk/lib/libnet.so
7f67590e5000-7f67590e7000 r--p 00009000 103:03 6718711                   /usr/lib/jvm/java-26-openjdk/lib/libnet.so
7f67590e7000-7f67590e8000 r--p 0000a000 103:03 6718711                   /usr/lib/jvm/java-26-openjdk/lib/libnet.so
7f67590e8000-7f67590e9000 rw-p 0000b000 103:03 6718711                   /usr/lib/jvm/java-26-openjdk/lib/libnet.so
7f67590e9000-7f67590f0000 r--p 00000000 103:03 6718716                   /usr/lib/jvm/java-26-openjdk/lib/libnio.so
7f67590f0000-7f67590f9000 r-xp 00007000 103:03 6718716                   /usr/lib/jvm/java-26-openjdk/lib/libnio.so
7f67590f9000-7f67590fe000 r--p 00010000 103:03 6718716                   /usr/lib/jvm/java-26-openjdk/lib/libnio.so
7f67590fe000-7f67590ff000 r--p 00014000 103:03 6718716                   /usr/lib/jvm/java-26-openjdk/lib/libnio.so
7f67590ff000-7f6759100000 rw-p 00015000 103:03 6718716                   /usr/lib/jvm/java-26-openjdk/lib/libnio.so
7f6759100000-7f6759104000 ---p 00000000 00:00 0 
7f6759104000-7f6759200000 rw-p 00000000 00:00 0 
7f6759200000-7f6759224000 r--p 00000000 103:03 6163818                   /usr/lib/libc.so.6
7f6759224000-7f675939a000 r-xp 00024000 103:03 6163818                   /usr/lib/libc.so.6
7f675939a000-7f675940f000 r--p 0019a000 103:03 6163818                   /usr/lib/libc.so.6
7f675940f000-7f6759413000 r--p 0020e000 103:03 6163818                   /usr/lib/libc.so.6
7f6759413000-7f6759415000 rw-p 00212000 103:03 6163818                   /usr/lib/libc.so.6
7f6759415000-7f675941d000 rw-p 00000000 00:00 0 
7f675941d000-7f675941e000 rw-s 11cf19000 00:07 481                       /dev/dri/renderD128
7f675941e000-7f6759420000 r--p 00000000 103:03 6718775                   /usr/lib/jvm/java-26-openjdk/lib/libzip.so
7f6759420000-7f6759424000 r-xp 00002000 103:03 6718775                   /usr/lib/jvm/java-26-openjdk/lib/libzip.so
7f6759424000-7f6759426000 r--p 00006000 103:03 6718775                   /usr/lib/jvm/java-26-openjdk/lib/libzip.so
7f6759426000-7f6759427000 r--p 00007000 103:03 6718775                   /usr/lib/jvm/java-26-openjdk/lib/libzip.so
7f6759427000-7f6759428000 rw-p 00008000 103:03 6718775                   /usr/lib/jvm/java-26-openjdk/lib/libzip.so
7f6759428000-7f6759469000 rw-p 00000000 00:00 0 
7f6759469000-7f675946a000 r--p 00000000 103:03 6163864                   /usr/lib/libpthread.so.0
7f675946a000-7f675946b000 r-xp 00001000 103:03 6163864                   /usr/lib/libpthread.so.0
7f675946b000-7f675946c000 r--p 00002000 103:03 6163864                   /usr/lib/libpthread.so.0
7f675946c000-7f675946d000 r--p 00002000 103:03 6163864                   /usr/lib/libpthread.so.0
7f675946d000-7f675946e000 rw-p 00003000 103:03 6163864                   /usr/lib/libpthread.so.0
7f675946e000-7f675949e000 r--p 00000000 103:03 6234140                   /usr/share/locale/ru/LC_MESSAGES/libc.mo
7f675949e000-7f67594de000 rw-p 00000000 00:00 0 
7f67594de000-7f67594e8000 r--p 00000000 103:03 6718398                   /usr/lib/jvm/java-26-openjdk/lib/libjava.so
7f67594e8000-7f67594f6000 r-xp 0000a000 103:03 6718398                   /usr/lib/jvm/java-26-openjdk/lib/libjava.so
7f67594f6000-7f67594fb000 r--p 00018000 103:03 6718398                   /usr/lib/jvm/java-26-openjdk/lib/libjava.so
7f67594fb000-7f67594fc000 r--p 0001d000 103:03 6718398                   /usr/lib/jvm/java-26-openjdk/lib/libjava.so
7f67594fc000-7f67594fd000 rw-p 0001e000 103:03 6718398                   /usr/lib/jvm/java-26-openjdk/lib/libjava.so
7f67594fd000-7f67594fe000 rw-p 00000000 00:00 0 
7f67594fe000-7f6759502000 r--p 00000000 103:03 6164651                   /usr/lib/libgcc_s.so.1
7f6759502000-7f6759525000 r-xp 00004000 103:03 6164651                   /usr/lib/libgcc_s.so.1
7f6759525000-7f6759529000 r--p 00027000 103:03 6164651                   /usr/lib/libgcc_s.so.1
7f6759529000-7f675952a000 r--p 0002b000 103:03 6164651                   /usr/lib/libgcc_s.so.1
7f675952a000-7f675952b000 rw-p 0002c000 103:03 6164651                   /usr/lib/libgcc_s.so.1
7f675952b000-7f675952e000 rw-p 00000000 00:00 0 
7f675952e000-7f6759531000 r--p 00000000 103:03 6162622                   /usr/lib/libz.so.1.3.2
7f6759531000-7f6759541000 r-xp 00003000 103:03 6162622                   /usr/lib/libz.so.1.3.2
7f6759541000-7f6759547000 r--p 00013000 103:03 6162622                   /usr/lib/libz.so.1.3.2
7f6759547000-7f6759548000 r--p 00018000 103:03 6162622                   /usr/lib/libz.so.1.3.2
7f6759548000-7f6759549000 rw-p 00019000 103:03 6162622                   /usr/lib/libz.so.1.3.2
7f6759549000-7f675954a000 rw-s 11cf18000 00:07 481                       /dev/dri/renderD128
7f675954a000-7f675954b000 rw-s 11cf17000 00:07 481                       /dev/dri/renderD128
7f675954b000-7f675954c000 rw-p 00000000 00:00 0 
7f675954c000-7f675954d000 rw-p 00000000 00:00 0 
7f675954d000-7f675954e000 r--p 00000000 103:03 6163828                   /usr/lib/libdl.so.2
7f675954e000-7f675954f000 r-xp 00001000 103:03 6163828                   /usr/lib/libdl.so.2
7f675954f000-7f6759550000 r--p 00002000 103:03 6163828                   /usr/lib/libdl.so.2
7f6759550000-7f6759551000 r--p 00002000 103:03 6163828                   /usr/lib/libdl.so.2
7f6759551000-7f6759552000 rw-p 00003000 103:03 6163828                   /usr/lib/libdl.so.2
7f6759552000-7f675955c000 rw-p 00000000 00:00 0 
7f675955c000-7f6759561000 ---p 00000000 00:00 0 
7f6759561000-7f6759569000 rw-s 00000000 00:2c 1815                       /tmp/hsperfdata_ferrium/131997
7f6759569000-7f675956a000 ---p 00000000 00:00 0 
7f675956a000-7f675956b000 r--p 00000000 00:00 0 
7f675956b000-7f675956c000 ---p 00000000 00:00 0 
7f675956c000-7f675956d000 r--p 00000000 103:03 6718404                   /usr/lib/jvm/java-26-openjdk/lib/libjimage.so
7f675956d000-7f675956f000 r-xp 00001000 103:03 6718404                   /usr/lib/jvm/java-26-openjdk/lib/libjimage.so
7f675956f000-7f6759570000 r--p 00003000 103:03 6718404                   /usr/lib/jvm/java-26-openjdk/lib/libjimage.so
7f6759570000-7f6759571000 r--p 00003000 103:03 6718404                   /usr/lib/jvm/java-26-openjdk/lib/libjimage.so
7f6759571000-7f6759572000 rw-p 00004000 103:03 6718404                   /usr/lib/jvm/java-26-openjdk/lib/libjimage.so
7f6759572000-7f6759574000 r--p 00000000 103:03 6718406                   /usr/lib/jvm/java-26-openjdk/lib/libjli.so
7f6759574000-7f675957e000 r-xp 00002000 103:03 6718406                   /usr/lib/jvm/java-26-openjdk/lib/libjli.so
7f675957e000-7f6759581000 r--p 0000c000 103:03 6718406                   /usr/lib/jvm/java-26-openjdk/lib/libjli.so
7f6759581000-7f6759582000 r--p 0000e000 103:03 6718406                   /usr/lib/jvm/java-26-openjdk/lib/libjli.so
7f6759582000-7f6759583000 rw-p 0000f000 103:03 6718406                   /usr/lib/jvm/java-26-openjdk/lib/libjli.so
7f6759583000-7f6759585000 rw-p 00000000 00:00 0 
7f6759585000-7f6759589000 r--p 00000000 00:00 0                          [vvar]
7f6759589000-7f675958b000 r--p 00000000 00:00 0                          [vvar_vclock]
7f675958b000-7f675958d000 r-xp 00000000 00:00 0                          [vdso]
7f675958d000-7f675958e000 r--p 00000000 103:03 6163803                   /usr/lib/ld-linux-x86-64.so.2
7f675958e000-7f67595b8000 r-xp 00001000 103:03 6163803                   /usr/lib/ld-linux-x86-64.so.2
7f67595b8000-7f67595c7000 r--p 0002b000 103:03 6163803                   /usr/lib/ld-linux-x86-64.so.2
7f67595c7000-7f67595c9000 r--p 00039000 103:03 6163803                   /usr/lib/ld-linux-x86-64.so.2
7f67595c9000-7f67595ca000 rw-p 0003b000 103:03 6163803                   /usr/lib/ld-linux-x86-64.so.2
7f67595ca000-7f67595cb000 rw-p 00000000 00:00 0 
7fffcce95000-7fffcceb7000 rw-p 00000000 00:00 0                          [stack]
ffffffffff600000-ffffffffff601000 --xp 00000000 00:00 0                  [vsyscall]
Total number of mappings: 700

JVMTI agents: none


VM Arguments:
jvm_args: -Dfile.encoding=UTF-8 -Duser.country=US -Duser.language=en -Duser.variant 
java_command: org.pepetrace.Main
java_class_path (initial): /home/ferrium/Code/PepeTrace/build/classes/java/main:/home/ferrium/Code/PepeTrace/build/resources/main:/home/ferrium/.gradle/caches/modules-2/files-2.1/io.github.spair/imgui-java-lwjgl3/1.90.0/f7adf38b3a461e44e6b2fd16dc291d7866482738/imgui-java-lwjgl3-1.90.0.jar:/home/ferrium/.gradle/caches/modules-2/files-2.1/org.joml/joml/1.10.5/22566d58af70ad3d72308bab63b8339906deb649/joml-1.10.5.jar:/home/ferrium/.gradle/caches/modules-2/files-2.1/org.lwjgl/lwjgl-tinyfd/3.4.1/562697d40dbd2ed0424bf24dcf65d51170f81adf/lwjgl-tinyfd-3.4.1.jar:/home/ferrium/.gradle/caches/modules-2/files-2.1/org.lwjgl/lwjgl-tinyfd/3.4.1/fc6a72690afc8defb60d82ad1de64dd8f537154c/lwjgl-tinyfd-3.4.1-natives-linux.jar:/home/ferrium/.gradle/caches/modules-2/files-2.1/org.lwjgl/lwjgl-assimp/3.4.1/e37483d7fafa5c797e1c95b8a06c5d595bcd7b40/lwjgl-assimp-3.4.1.jar:/home/ferrium/.gradle/caches/modules-2/files-2.1/org.lwjgl/lwjgl-assimp/3.4.1/61f0542a10c1c94bcfe29b16dfbbefcc7b52c00b/lwjgl-assimp-3.4.1-natives-linux.jar:/home/ferrium/.gradle/caches/modules-2/files-2.1/org.lwjgl/lwjgl-glfw/3.4.1/a782b1ddd175c9107bf300fd92920579ea65e2a4/lwjgl-glfw-3.4.1.jar:/home/ferrium/.gradle/caches/modules-2/files-2.1/org.lwjgl/lwjgl-glfw/3.4.1/23cdf7655ce9f3b27ad90f08e73345e0d5b46362/lwjgl-glfw-3.4.1-natives-linux.jar:/home/ferrium/.gradle/caches/modules-2/files-2.1/org.lwjgl/lwjgl-opengl/3.4.1/830412cab823c029cda6b9729f9d2ed36cf79959/lwjgl-opengl-3.4.1.jar:/home/ferrium/.gradle/caches/modules-2/files-2.1/org.lwjgl/lwjgl-opengl/3.4.1/b750599f0e75ddb19f1d0fe993f3011334b710ae/lwjgl-opengl-3.4.1-natives-linux.jar:/home/ferrium/.gradle/caches/modules-2/files-2.1/org.lwjgl/lwjgl-stb/3.4.1/f077c3dafc31924fbe8acb0b913f08977ba27f8e/lwjgl-stb-3.4.1.jar:/home/ferrium/.gradle/caches/modules-2/files-2.1/org.lwjgl/lwjgl-stb/3.4.1/7e1cfae909da6c68f3cb6073a9bfeb6c90e82a57/lwjgl-stb-3.4.1-natives-linux.jar:/home/ferrium/.gradle/caches/modules-2/files-2.1/org.lwjgl/lwjgl/3.4.1/6105690714874b995aa7812e4f7732a21109276c/lwjgl-3.4.1.jar:/home/ferrium/.gradle/caches/modules-2/files-2.1/org.lwjgl/lwjgl/3.4.1/2734e106bd95db49fe0da8cf8bf7fd96475c436c/lwjgl-3.4.1-natives-linux.jar:/home/ferrium/.gradle/caches/modules-2/files-2.1/io.github.spair/imgui-java-binding/1.90.0/5be1d6a471c97f90de18d2cbe14754dd132ee8ab/imgui-java-binding-1.90.0.jar:/home/ferrium/.gradle/caches/modules-2/files-2.1/io.github.spair/imgui-java-natives-linux/1.90.0/ce5ac69159d65293b51bdecf5960c5ac1595b879/imgui-java-natives-linux-1.90.0.jar
Launcher Type: SUN_STANDARD

[Global flags]
     bool AOTAdapterCaching                        = false                                  {diagnostic} {ergonomic}
     bool AOTInvokeDynamicLinking                  = false                                  {diagnostic} {ergonomic}
     bool AOTRecordTraining                        = false                                  {diagnostic} {ergonomic}
     bool AOTReplayTraining                        = false                                  {diagnostic} {ergonomic}
     bool AOTStubCaching                           = false                                  {diagnostic} {ergonomic}
     intx CICompilerCount                          = 12                                        {product} {ergonomic}
     uint ConcGCThreads                            = 3                                         {product} {ergonomic}
     uint G1ConcRefinementThreads                  = 13                                        {product} {ergonomic}
     uint G1EagerReclaimRemSetThreshold            = 16                                   {experimental} {ergonomic}
   size_t G1HeapRegionSize                         = 2097152                                   {product} {ergonomic}
     uint G1RemSetArrayOfCardsEntries              = 16                                   {experimental} {ergonomic}
     uint G1RemSetHowlMaxNumBuckets                = 8                                    {experimental} {ergonomic}
     uint G1RemSetHowlNumBuckets                   = 8                                    {experimental} {ergonomic}
   size_t InitialHeapSize                          = 8388608                                   {product} {ergonomic}
     bool IntelJccErratumMitigation                = false                             {ARCH diagnostic} {ergonomic}
   size_t MarkStackSize                            = 4194304                                   {product} {ergonomic}
   size_t MarkStackSizeMax                         = 536870912                                 {product} {ergonomic}
   size_t MaxHeapSize                              = 4030726144                                {product} {ergonomic}
   size_t MaxNewSize                               = 2418016256                                {product} {ergonomic}
 uint64_t MaxRAM                                   = 16117276672                               {product} {ergonomic}
   size_t MinHeapDeltaBytes                        = 2097152                                   {product} {ergonomic}
   size_t MinHeapSize                              = 8388608                                   {product} {ergonomic}
   size_t NonNMethodCodeHeapSize                   = 7606272                                {pd product} {ergonomic}
   size_t NonProfiledCodeHeapSize                  = 122028032                              {pd product} {ergonomic}
   size_t ProfiledCodeHeapSize                     = 122028032                              {pd product} {ergonomic}
   size_t ReservedCodeCacheSize                    = 251662336                              {pd product} {ergonomic}
     bool SegmentedCodeCache                       = true                                      {product} {ergonomic}
   size_t SoftMaxHeapSize                          = 4030726144                             {manageable} {ergonomic}
     bool UseCompressedOops                        = true                           {product lp64_product} {ergonomic}
     bool UseCondCardMark                          = true                                      {product} {ergonomic}
     bool UseFastUnorderedTimeStamps               = true                                 {experimental} {ergonomic}
     bool UseG1GC                                  = true                                      {product} {ergonomic}
      int X86ICacheSync                            = 3                                 {ARCH diagnostic} {ergonomic}

Logging:
Log output configuration:
 #0: stdout all=warning uptime,level,tags foldmultilines=false
 #1: stderr all=off uptime,level,tags foldmultilines=false

Release file:
IMPLEMENTOR="Arch Linux"
JAVA_RUNTIME_VERSION="26.0.1"
JAVA_VERSION="26.0.1"
JAVA_VERSION_DATE="2026-04-21"
LIBC="gnu"
MODULES="java.base java.compiler java.datatransfer java.xml java.prefs java.desktop java.instrument java.logging java.management java.security.sasl java.naming java.rmi java.management.rmi java.net.http java.scripting java.security.jgss java.transaction.xa java.sql java.sql.rowset java.xml.crypto java.se java.smartcardio jdk.accessibility jdk.internal.jvmstat jdk.attach jdk.charsets jdk.internal.opt jdk.zipfs jdk.compiler jdk.crypto.cryptoki jdk.crypto.ec jdk.dynalink jdk.internal.ed jdk.editpad jdk.internal.vm.ci jdk.graal.compiler jdk.graal.compiler.management jdk.hotspot.agent jdk.httpserver jdk.incubator.vector jdk.internal.le jdk.internal.md jdk.jartool jdk.javadoc jdk.jcmd jdk.management jdk.management.agent jdk.jconsole jdk.jdeps jdk.jdwp.agent jdk.jdi jdk.jfr jdk.jlink jdk.jpackage jdk.jshell jdk.jstatd jdk.localedata jdk.management.jfr jdk.naming.dns jdk.naming.rmi jdk.net jdk.nio.mapmode jdk.sctp jdk.security.auth jdk.security.jgss jdk.unsupported jdk.unsupported.desktop jdk.xml.dom"
OS_ARCH="x86_64"
OS_NAME="Linux"
SOURCE=""

Environment Variables:
PATH=/usr/local/sbin:/usr/local/bin:/usr/bin:/usr/lib/jvm/default/bin:/usr/bin/site_perl:/usr/bin/vendor_perl:/usr/bin/core_perl
SHELL=/usr/bin/bash
DISPLAY=:0
WAYLAND_DISPLAY=wayland-0
LANG=en_US.UTF-8
LC_TIME=ru_RU.UTF-8
TERM=linux

Active Locale:
LC_ALL=LC_CTYPE=en_US.UTF-8;LC_NUMERIC=en_US.UTF-8;LC_TIME=ru_RU.UTF-8;LC_COLLATE=en_US.UTF-8;LC_MONETARY=ru_RU.UTF-8;LC_MESSAGES=en_US.UTF-8;LC_PAPER=C;LC_NAME=en_US.UTF-8;LC_ADDRESS=en_US.UTF-8;LC_TELEPHONE=ru_RU.UTF-8;LC_MEASUREMENT=C;LC_IDENTIFICATION=en_US.UTF-8
LC_COLLATE=en_US.UTF-8
LC_CTYPE=en_US.UTF-8
LC_MESSAGES=en_US.UTF-8
LC_MONETARY=ru_RU.UTF-8
LC_NUMERIC=en_US.UTF-8
LC_TIME=ru_RU.UTF-8

Signal Handlers:
   SIGSEGV: 0x00007f6758c4e550 in libjvm.so+15000912, mask=11100100010111111101111111111110, flags=SA_RESTART|SA_SIGINFO, unblocked
    SIGBUS: 0x00007f6758c4e550 in libjvm.so+15000912, mask=11100100010111111101111111111110, flags=SA_RESTART|SA_SIGINFO, unblocked
    SIGFPE: 0x00007f6758c4e550 in libjvm.so+15000912, mask=11100100010111111101111111111110, flags=SA_RESTART|SA_SIGINFO, unblocked
   SIGPIPE: 0x00007f6758abe910 in libjvm.so+13363472, mask=11100100010111111101111111111110, flags=SA_RESTART|SA_SIGINFO, blocked
   SIGXFSZ: 0x00007f6758abe910 in libjvm.so+13363472, mask=11100100010111111101111111111110, flags=SA_RESTART|SA_SIGINFO, blocked
    SIGILL: 0x00007f6758c4e550 in libjvm.so+15000912, mask=11100100010111111101111111111110, flags=SA_RESTART|SA_SIGINFO, unblocked
   SIGUSR2: 0x00007f6758ac0070 in libjvm.so+13369456, mask=00000000000000000000000000000000, flags=SA_RESTART|SA_SIGINFO, blocked
    SIGHUP: 0x00007f6758aaacc0 in libjvm.so+13282496, mask=11100100010111111101111111111110, flags=SA_RESTART|SA_SIGINFO, blocked
    SIGINT: 0x00007f6758aaacc0 in libjvm.so+13282496, mask=11100100010111111101111111111110, flags=SA_RESTART|SA_SIGINFO, blocked
   SIGTERM: 0x00007f6758aaacc0 in libjvm.so+13282496, mask=11100100010111111101111111111110, flags=SA_RESTART|SA_SIGINFO, blocked
   SIGQUIT: 0x00007f6758aaacc0 in libjvm.so+13282496, mask=11100100010111111101111111111110, flags=SA_RESTART|SA_SIGINFO, blocked
   SIGTRAP: 0x00007f6758c4e550 in libjvm.so+15000912, mask=11100100010111111101111111111110, flags=SA_RESTART|SA_SIGINFO, unblocked


Compilation memory statistics disabled.

Periodic native trim disabled

---------------  S Y S T E M  ---------------

OS:
NAME="Arch Linux"
PRETTY_NAME="Arch Linux"
ID=arch
BUILD_ID=rolling
ANSI_COLOR="38;2;23;147;209"
HOME_URL="https://archlinux.org/"
DOCUMENTATION_URL="https://wiki.archlinux.org/"
SUPPORT_URL="https://bbs.archlinux.org/"
BUG_REPORT_URL="https://gitlab.archlinux.org/groups/archlinux/-/issues"
PRIVACY_POLICY_URL="https://terms.archlinux.org/docs/privacy-policy/"
LOGO=archlinux-logo
uname: Linux 7.0.5-arch1-1 #1 SMP PREEMPT_DYNAMIC Fri, 08 May 2026 09:29:23 +0000 x86_64
OS uptime: 0 days 23:51 hours
libc: glibc 2.43 NPTL 2.43 
rlimit (soft/hard): STACK 8192k/infinity , CORE infinity/infinity , NPROC 61292/61292 , NOFILE 524288/524288 , AS infinity/infinity , CPU infinity/infinity , DATA infinity/infinity , FSIZE infinity/infinity , MEMLOCK 8192k/8192k
load average: 1.13 2.15 2.75

/proc/meminfo:
MemTotal:       15739528 kB
MemFree:          769384 kB
MemAvailable:    6927796 kB
Buffers:          289992 kB
Cached:          5878980 kB
SwapCached:           24 kB
Active:          9205448 kB
Inactive:        3593924 kB
Active(anon):    6263936 kB
Inactive(anon):   354112 kB
Active(file):    2941512 kB
Inactive(file):  3239812 kB
Unevictable:       77344 kB
Mlocked:             116 kB
SwapTotal:      10485756 kB
SwapFree:       10485712 kB
Zswap:                56 kB
Zswapped:             20 kB
Dirty:             42512 kB
Writeback:             0 kB
AnonPages:       6490892 kB
Mapped:          2512528 kB
Shmem:            220496 kB
KReclaimable:     311660 kB
Slab:             497628 kB
SReclaimable:     311660 kB
SUnreclaim:       185968 kB
KernelStack:       24528 kB
PageTables:        53996 kB
SecPageTables:      4336 kB
NFS_Unstable:          0 kB
Bounce:                0 kB
WritebackTmp:          0 kB
CommitLimit:    18355520 kB
Committed_AS:   15514460 kB
VmallocTotal:   34359738367 kB
VmallocUsed:       84392 kB
VmallocChunk:          0 kB
Percpu:            14400 kB
HardwareCorrupted:     0 kB
AnonHugePages:   2629632 kB
ShmemHugePages:    83968 kB
ShmemPmdMapped:    75776 kB
FileHugePages:    413696 kB
FilePmdMapped:    282624 kB
CmaTotal:              0 kB
CmaFree:               0 kB
Unaccepted:            0 kB
Balloon:               0 kB
HugePages_Total:       0
HugePages_Free:        0
HugePages_Rsvd:        0
HugePages_Surp:        0
Hugepagesize:       2048 kB
Hugetlb:               0 kB
DirectMap4k:     2007112 kB
DirectMap2M:    14141440 kB
DirectMap1G:     1048576 kB

/sys/kernel/mm/transparent_hugepage/enabled: [always] madvise never
/sys/kernel/mm/transparent_hugepage/hpage_pmd_size: 2097152
/sys/kernel/mm/transparent_hugepage/shmem_enabled: always [within_size] advise never deny force
/sys/kernel/mm/transparent_hugepage/defrag (defrag/compaction efforts parameter): always defer defer+madvise [madvise] never

Process Memory:
Virtual Size: 9000880K (peak: 9117620K)
Resident Set Size: 309780K (peak: 333512K) (anon: 134068K, file: 171020K, shmem: 4692K)
Swapped out: 0K
C-Heap outstanding allocations: 76050K, retained: 26829K
glibc malloc tunables: (default)

/proc/sys/kernel/threads-max (system-wide limit on the number of threads): 122584
/proc/sys/vm/max_map_count (maximum number of memory map areas a process may have): 1048576
/proc/sys/vm/swappiness (control to define how aggressively the kernel swaps out anonymous memory): 60
/proc/sys/kernel/pid_max (system-wide limit on number of process identifiers): 4194304

container information not found.
Steal ticks since vm start: 0
Steal ticks percentage since vm start:  0.000

CPU: total 16 (initial active 16) (8 cores per cpu, 2 threads per core) family 25 model 80 stepping 0 microcode 0xa500012, cx8, cmov, fxsr, ht, mmx, 3dnowpref, sse, sse2, sse3, ssse3, sse4a, sse4.1, sse4.2, popcnt, lzcnt, tsc, tscinvbit, avx, avx2, aes, erms, clmul, bmi1, bmi2, adx, sha, fma, vzeroupper, clflush, clflushopt, clwb, rdtscp, rdpid, fsrm, f16c, pku, ospke, cet_ss
CPU Model and flags from /proc/cpuinfo:
model name	: AMD Ryzen 7 5800U with Radeon Graphics
flags		: fpu vme de pse tsc msr pae mce cx8 apic sep mtrr pge mca cmov pat pse36 clflush mmx fxsr sse sse2 ht syscall nx mmxext fxsr_opt pdpe1gb rdtscp lm constant_tsc rep_good nopl xtopology nonstop_tsc cpuid extd_apicid aperfmperf rapl pni pclmulqdq monitor ssse3 fma cx16 sse4_1 sse4_2 movbe popcnt aes xsave avx f16c rdrand lahf_lm cmp_legacy svm extapic cr8_legacy abm sse4a misalignsse 3dnowprefetch osvw ibs skinit wdt tce topoext perfctr_core perfctr_nb bpext perfctr_llc mwaitx cpb cat_l3 cdp_l3 hw_pstate ssbd mba ibrs ibpb stibp vmmcall fsgsbase bmi1 avx2 smep bmi2 erms invpcid cqm rdt_a rdseed adx smap clflushopt clwb sha_ni xsaveopt xsavec xgetbv1 xsaves cqm_llc cqm_occup_llc cqm_mbm_total cqm_mbm_local user_shstk clzero irperf xsaveerptr rdpru wbnoinvd cppc arat npt lbrv svm_lock nrip_save tsc_scale vmcb_clean flushbyasid decodeassists pausefilter pfthreshold avic v_vmsave_vmload vgif v_spec_ctrl umip pku ospke vaes vpclmulqdq rdpid overflow_recov succor smca fsrm debug_swap

Online cpus: 0-15
Offline cpus: 
BIOS frequency limitation: <Not Available>
Frequency switch latency (ns): 0
Available cpu frequencies: <Not Available>
Current governor: powersave
Core performance/turbo boost: 1

Memory: 4k page, physical 15739528k(6927796k free), swap 10485756k(10485712k free)
Page Sizes: 4k

vm_info: OpenJDK 64-Bit Server VM (26.0.1) for linux-amd64 JRE (26.0.1), built on 2026-04-21T17:17:38Z with gcc 15.2.1 20260209

END.
