#
# A fatal error has been detected by the Java Runtime Environment:
#
#  SIGSEGV (0xb) at pc=0x0000000000000000, pid=78227, tid=78230
#
# JRE version: OpenJDK Runtime Environment (26.0.1) (build 26.0.1)
# Java VM: OpenJDK 64-Bit Server VM (26.0.1, mixed mode, sharing, tiered, compressed oops, compressed class ptrs, g1 gc, linux-amd64)
# Problematic frame:
# C  [libgallium-26.1.1-arch1.2.so+0xc7f2f]
#
# Core dump will be written. Default location: Determined by the following: "/usr/lib/systemd/systemd-coredump %P %u %g %s %t %c %h %d %F" (alternatively, falling back to /home/ferrium/Code/PepeTrace/core.78227)
#
# If you would like to submit a bug report, please visit:
#   https://bugreport.java.com/bugreport/crash.jsp
# The crash happened outside the Java Virtual Machine in native code.
# See problematic frame for where to report the bug.
#

---------------  S U M M A R Y ------------

Command Line: --add-opens=java.base/java.lang=ALL-UNNAMED --enable-native-access=ALL-UNNAMED -verbose:gc -Xmx256m -Dfile.encoding=UTF-8 -Duser.country=US -Duser.language=en -Duser.variant org.pepetrace.RenderWindowStressTest

Host: AMD Ryzen 7 5800U with Radeon Graphics, 16 cores, 15G, Arch Linux
Time: Wed May 27 01:14:07 2026 MSK elapsed time: 4.660978 seconds (0d 0h 0m 4s)

---------------  T H R E A D  ---------------

Current thread (0x00007f692801a9e0):  JavaThread "main"             [_thread_in_native, id=78230, stack(0x00007f6930f00000,0x00007f6931000000) (1024K)]

Stack: [0x00007f6930f00000,0x00007f6931000000],  sp=0x00007f6930ffd2f0,  free space=1012k
Native frames: (J=compiled Java code, j=interpreted, Vv=VM code, C=native code)
C  [libgallium-26.1.1-arch1.2.so+0xc7f2f]
C  [libgallium-26.1.1-arch1.2.so+0xbb2b4]
C  [libgallium-26.1.1-arch1.2.so+0x15f2b1]
C  [libgallium-26.1.1-arch1.2.so+0x15fe3a]
C  [libgallium-26.1.1-arch1.2.so+0xbb038]
C  [libgallium-26.1.1-arch1.2.so+0xbf0d3]  driBindContext+0x13
C  [libEGL_mesa.so.0+0x1a536]
C  [libEGL_mesa.so.0+0xb240]
C  [libEGL.so.1+0x4025]
C  [libEGL.so.1+0x414f]
Java frames: (J=compiled Java code, j=interpreted, Vv=VM code)
v  ~RuntimeStub::nep_invoker_blob 0x00007f69176960e8
j  java.lang.invoke.LambdaForm$MH+0x000000007a098000.invoke(Ljava/lang/Object;JIIJJJ)J+18 java.base@26.0.1
j  java.lang.invoke.LambdaForm$MH+0x000000007a09b000.invokeExact_MT(Ljava/lang/Object;JIIJJJLjava/lang/Object;)J+29 java.base@26.0.1
j  jdk.internal.foreign.abi.DowncallStub+0x000000007a098400.invoke(Ljava/lang/foreign/SegmentAllocator;Ljava/lang/foreign/MemorySegment;IIJJJ)J+69 java.base@26.0.1
j  java.lang.invoke.LambdaForm$DMH+0x000000007a098c00.invokeStaticInit(Ljava/lang/Object;Ljava/lang/Object;Ljava/lang/Object;IIJJJ)J+22 java.base@26.0.1
j  java.lang.invoke.LambdaForm$MH+0x000000007a09a000.invoke(Ljava/lang/Object;Ljava/lang/Object;IIJJJ)J+48 java.base@26.0.1
j  java.lang.invoke.LambdaForm$MH+0x000000007a09a800.invokeExact_MT(Ljava/lang/Object;Ljava/lang/Object;IIJJJLjava/lang/Object;)J+28 java.base@26.0.1
j  org.lwjgl.system.JNIBindingsImpl+0x000000007a088000.invokePPPP(Ljava/lang/foreign/MemorySegment;IIJJJ)J+12
j  org.lwjgl.system.JNI.invokePPPP(IIJJJJ)J+15
j  org.lwjgl.glfw.GLFW.nglfwCreateWindow(IIJJJ)J+14
j  org.lwjgl.glfw.GLFW.glfwCreateWindow(IILjava/lang/CharSequence;JJ)J+34
j  org.pepetrace.Window.<init>(IIZLjava/lang/String;JZ)V+97
j  org.pepetrace.Window.<init>(IIZLjava/lang/String;J)V+9
j  org.pepetrace.Window.<init>(IIZLjava/lang/String;)V+7
j  org.pepetrace.Main.<init>()V+33
j  org.pepetrace.RenderWindowStressTest.run()V+20
j  org.pepetrace.RenderWindowStressTest.main([Ljava/lang/String;)V+7
v  ~StubRoutines::Stub Generator call_stub_stub 0x00007f69172605a2

siginfo: si_signo: 11 (SIGSEGV), si_code: 1 (SEGV_MAPERR), si_addr: 0x0000000000000000

Registers:
RAX=0x00007f6928510060, RBX=0x00007f69282daa50, RCX=0x00007f6930ffd324, RDX=0x00007f69289e1348
RSP=0x00007f6930ffd2e8, RBP=0x00007f6930ffd400, RSI=0x00007f6930ffd350, RDI=0x00007f6928510060
R8 =0x00007f6930ffd320, R9 =0x00007f69289f01b8, R10=0x0000000000000000, R11=0x0000000000000000
R12=0x0000000000000001, R13=0x00007f69289f01c0, R14=0x00007f69289e1160, R15=0x00007f69289f01b8
RIP=0x0000000000000000, EFLAGS=0x0000000000010246, CSGSFS=0x002b000000000033, ERR=0x0000000000000014
  TRAPNO=0x000000000000000e

XMM[0]=0x0000000000000000 0x0000000000000000
XMM[1]=0x0000000000000000 0x0000020000000200
XMM[2]=0x0000000000000000 0x00007f690d09ad20
XMM[3]=0x0000000000000000 0x0000000000004c00
XMM[4]=0x65747265566c6700 0x564e76343669314c
XMM[5]=0x0074000000000000 0x5600000000000000
XMM[6]=0x4c62697274744178 0x65747265566c6700
XMM[7]=0xffffffffffffffff 0xffffffffffffffff
XMM[8]=0x00dc00db00da00d9 0x00d800d700b500b4
XMM[9]=0x0000000000000000 0x00007f689c26f9b0
XMM[10]=0x0000000000000000 0x00007f689c2725c0
XMM[11]=0x0000000000000000 0x00007f689c273260
XMM[12]=0x00007f689c17f960 0x00007f689c17fb40
XMM[13]=0x00007f689c1873c0 0x00007f689c186fa0
XMM[14]=0x00007f689c1875e0 0x00007f689c1871c0
XMM[15]=0x0000000000000000 0x0000000000000000
  MXCSR=0x00001fa2


Register to memory mapping:

RAX=0x00007f6928510060 points into unknown readable memory: 0x0000000000000000 | 00 00 00 00 00 00 00 00
RBX=0x00007f69282daa50 points into unknown readable memory: 0x00007f6928510060 | 60 00 51 28 69 7f 00 00
RCX=0x00007f6930ffd324 is pointing into the stack for thread: 0x00007f692801a9e0
RDX=0x00007f69289e1348 points into unknown readable memory: 0x000000003b9ae170 | 70 e1 9a 3b 00 00 00 00
RSP=0x00007f6930ffd2e8 is pointing into the stack for thread: 0x00007f692801a9e0
RBP=0x00007f6930ffd400 is pointing into the stack for thread: 0x00007f692801a9e0
RSI=0x00007f6930ffd350 is pointing into the stack for thread: 0x00007f692801a9e0
RDI=0x00007f6928510060 points into unknown readable memory: 0x0000000000000000 | 00 00 00 00 00 00 00 00
R8 =0x00007f6930ffd320 is pointing into the stack for thread: 0x00007f692801a9e0
R9 =0x00007f69289f01b8 points into unknown readable memory: 0x0000000400000001 | 01 00 00 00 04 00 00 00
R10=0x0 is null
R11=0x0 is null
R12=0x0000000000000001 is an unknown value
R13=0x00007f69289f01c0 points into unknown readable memory: 0xffffffffffffffff | ff ff ff ff ff ff ff ff
R14=0x00007f69289e1160 points into unknown readable memory: 0x0000000100000001 | 01 00 00 00 01 00 00 00
R15=0x00007f69289f01b8 points into unknown readable memory: 0x0000000400000001 | 01 00 00 00 04 00 00 00

Top of Stack: (sp=0x00007f6930ffd2e8)
0x00007f6930ffd2e8:   00007f689c0c7f2f 0000040030ffd350   /...h...P..0....
0x00007f6930ffd2f8:   00007f69282daa50 0000020000000400   P.-(i...........
0x00007f6930ffd308:   0001000000000000 00007f6900000002   ............i...
0x00007f6930ffd318:   00007f692850ab30 0000008a00000069   0.P(i...i.......
0x00007f6930ffd328:   00007f6927e95c78 00007f6927e61000   x\.'i......'i...
0x00007f6930ffd338:   00007f69310a682f 00007f6930ffd3b0   /h.1i......0i...
0x00007f6930ffd348:   00000000009f0000 0000000000000000   ................
0x00007f6930ffd358:   0000000000000000 0000000000000000   ................
0x00007f6930ffd368:   0000000000000000 0000000000000000   ................
0x00007f6930ffd378:   0000000000000000 0000000000000000   ................
0x00007f6930ffd388:   0000000000000000 0000020000000400   ................
0x00007f6930ffd398:   0002006900010001 0000008a00000000   ....i...........
0x00007f6930ffd3a8:   0000000000000000 0000000000000000   ................
0x00007f6930ffd3b8:   0000000000000000 0000000000000000   ................
0x00007f6930ffd3c8:   0f31cc27c1a3c000 00007f6930ffd410   ....'.1....0i...
0x00007f6930ffd3d8:   0000000000000012 0000000000000001   ................
0x00007f6930ffd3e8:   0000000000000000 00007f69289e1160   ........`..(i...
0x00007f6930ffd3f8:   00007f69289e12a8 00007f6930ffd470   ...(i...p..0i...
0x00007f6930ffd408:   00007f689c0bb2b4 00007f69282daa50   ....h...P.-(i...
0x00007f6930ffd418:   00007f6930ffd4d0 00007f6930ffd4a8   ...0i......0i...
0x00007f6930ffd428:   00007f692850ab30 0000000200000012   0.P(i...........
0x00007f6930ffd438:   00007f69289f01b8 00007f6930ffd460   ...(i...`..0i...
0x00007f6930ffd448:   0000000000000001 0000000000000002   ................
0x00007f6930ffd458:   00007f69289e1160 00007f69284df6c0   `..(i.....M(i...
0x00007f6930ffd468:   00007f69289efd40 00007f6930ffd540   @..(i...@..0i...
0x00007f6930ffd478:   00007f689c15f2b1 00007f69289efd40   ....h...@..(i...
0x00007f6930ffd488:   00007f69289efd40 0000000000000000   @..(i...........
0x00007f6930ffd498:   00007f69289c2c20 0000000000000001    ,.(i...........
0x00007f6930ffd4a8:   0000000000000000 0000000800000008   ................
0x00007f6930ffd4b8:   0000000000000000 0000000000000000   ................
0x00007f6930ffd4c8:   0000000000000000 0000000000000000   ................
0x00007f6930ffd4d8:   0000000000000000 0000000000000000   ................

Instructions: (pc=0x00007f689c0c7f2f)
  0x00007f689c0c7e2f:   e4 0f 1f 44 00 00 66 66 2e 0f 1f 84 00 00 00 00
  0x00007f689c0c7e3f:   00 8b 08 ba 01 00 00 00 48 83 c0 04 d3 e2 41 09
  0x00007f689c0c7e4f:   d4 49 39 c5 75 eb 41 83 e4 03 44 89 a5 10 ff ff
  0x00007f689c0c7e5f:   ff eb 32 66 0f 1f 44 00 00 41 8b 46 40 83 f8 01
  0x00007f689c0c7e6f:   76 16 49 63 17 4c 8d 62 2e 49 83 bc d6 78 01 00
  0x00007f689c0c7e7f:   00 00 0f 84 69 01 00 00 49 83 c7 04 4d 39 fd 0f
  0x00007f689c0c7e8f:   84 cc 00 00 00 48 8d 95 20 ff ff ff 41 8b 37 48
  0x00007f689c0c7e9f:   8d 8d 24 ff ff ff 4c 89 f7 67 e8 42 3a ff ff 8b
  0x00007f689c0c7eaf:   85 20 ff ff ff 4d 63 27 66 89 45 9c 4c 89 e2 4b
  0x00007f689c0c7ebf:   83 bc e6 48 01 00 00 00 75 9f 41 83 fc 01 0f 84
  0x00007f689c0c7ecf:   cd 00 00 00 41 83 fc 04 0f 84 c3 00 00 00 45 85
  0x00007f689c0c7edf:   e4 0f 85 c4 00 00 00 83 bd 10 ff ff ff 01 0f 84
  0x00007f689c0c7eef:   ad 00 00 00 85 c0 74 90 8b b5 24 ff ff ff 45 31
  0x00007f689c0c7eff:   c0 66 44 89 45 a0 89 75 a4 80 bd 0e ff ff ff 00
  0x00007f689c0c7f0f:   0f 84 2b 03 00 00 49 8b 96 50 01 00 00 48 8b 03
  0x00007f689c0c7f1f:   48 8d b5 50 ff ff ff 48 89 c7 ff 90 d8 06 00 00
=>0x00007f689c0c7f2f:   4b 89 84 e6 48 01 00 00 4d 63 27 4b 8b 84 e6 48
  0x00007f689c0c7f3f:   01 00 00 48 85 c0 41 0f 95 86 29 02 00 00 48 85
  0x00007f689c0c7f4f:   c0 0f 85 12 ff ff ff eb 72 0f 1f 84 00 00 00 00
  0x00007f689c0c7f5f:   00 48 8b 45 c8 64 48 2b 04 25 28 00 00 00 0f 85
  0x00007f689c0c7f6f:   a3 06 00 00 48 8d 65 d8 5b 41 5c 41 5d 41 5e 41
  0x00007f689c0c7f7f:   5f 5d c3 66 0f 1f 44 00 00 c6 85 0f ff ff ff 00
  0x00007f689c0c7f8f:   c7 85 08 ff ff ff 00 00 00 00 e9 b5 fd ff ff 66
  0x00007f689c0c7f9f:   90 81 8d 24 ff ff ff 80 00 00 00 85 c0 0f 84 d5
  0x00007f689c0c7faf:   fe ff ff 8b b5 24 ff ff ff 31 ff 66 89 7d a0 89
  0x00007f689c0c7fbf:   75 a4 83 fa 03 0f 8e 86 00 00 00 48 8b 03 48 8d
  0x00007f689c0c7fcf:   b5 50 ff ff ff 48 89 c7 ff 90 d0 06 00 00 4b 89
  0x00007f689c0c7fdf:   84 e6 48 01 00 00 e9 7e fe ff ff 66 0f 1f 44 00
  0x00007f689c0c7fef:   00 8b 95 24 ff ff ff 88 45 a0 48 8d b5 50 ff ff
  0x00007f689c0c7fff:   ff 88 45 a1 48 8b 03 81 e2 7f ff e7 ff 89 55 a4
  0x00007f689c0c800f:   48 89 c7 ff 90 d0 06 00 00 4b 89 44 e6 08 49 63
  0x00007f689c0c801f:   07 49 8b 94 c6 48 01 00 00 49 8b b4 c6 78 01 00


Stack slot to memory mapping:

stack at sp + 0 slots: 0x0000040030ffd350 is an unknown value
stack at sp + 1 slots: 0x00007f69282daa50 points into unknown readable memory: 0x00007f6928510060 | 60 00 51 28 69 7f 00 00
stack at sp + 2 slots: 0x0000020000000400 is an unknown value
stack at sp + 3 slots: 0x0001000000000000 is an unknown value
stack at sp + 4 slots: 0x00007f6900000002 points into unknown readable memory: 00 00 69 7f 00 00
stack at sp + 5 slots: 0x00007f692850ab30 points into unknown readable memory: 0x00007f69282daa50 | 50 aa 2d 28 69 7f 00 00
stack at sp + 6 slots: 0x0000008a00000069 is an unknown value
stack at sp + 7 slots: 0x00007f6927e95c78: <offset 0x0000000000034c78> in /tmp/lwjgl_ferrium/3.4.1+2/x64/libglfw.so at 0x00007f6927e61000

Lock stack of current Java thread (top to bottom):

--------------------------------------------------------------------------------
Decoding CodeBlob, name: nep_invoker_blob, at  [0x00007f69176960e0, 0x00007f69176961e8]  264 bytes

Loading hsdis library failed, undisassembled code is shown in MachCode section
[MachCode]
  0x00007f69176960e0: 5548 8bec | 4883 ec10 | c5f8 7749 | 89af 7804 | 0000 49ba | e860 6917 | 697f 0000 | 4d89 9770 
  0x00007f6917696100: 0400 0049 | 89a7 6804 | 0000 41c7 | 8704 0500 | 0004 0000 | 004c 8bd6 | 488b f149 | 8bc9 498b 
  0x00007f6917696120: d84c 8bc7 | 488b fa48 | 8bd3 41ff | d2c5 f877 | 41c7 8704 | 0500 0005 | 0000 00f0 | 8344 24c0 
  0x00007f6917696140: 0049 3b6f | 280f 874d | 0000 0041 | 83bf 0005 | 0000 000f | 853f 0000 | 0041 c787 | 0405 0000 
  0x00007f6917696160: 0800 0000 | 4183 bf88 | 0500 0002 | 0f84 4c00 | 0000 49c7 | 8768 0400 | 0000 0000 | 0049 c787 
  0x00007f6917696180: 7804 0000 | 0000 0000 | 49c7 8770 | 0400 0000 | 0000 00c5 | f877 c9c3 | 4889 0424 | 498b ffc5 
  0x00007f69176961a0: f877 4c8b | e448 83ec | 0048 83e4 | f0e8 9e22 | ca18 498b | e44d 33e4 | 488b 0424 | eb9b 4889 
  0x00007f69176961c0: 0424 c5f8 | 774c 8be4 | 4883 ec00 | 4883 e4f0 | e8bb e30c | 1949 8be4 | 4d33 e448 | 8b04 24eb 
  0x00007f69176961e0: 91f4 f4f4 | f4f4 f4f4 
[/MachCode]
--------------------------------------------------------------------------------


---------------  P R O C E S S  ---------------

Threads class SMR info:
_java_thread_list=0x00007f68a0023fb0, length=16, elements={
0x00007f692801a9e0, 0x00007f69280c8890, 0x00007f69280c9890, 0x00007f69280cabe0,
0x00007f69280cc2f0, 0x00007f69280cdb40, 0x00007f69280cfda0, 0x00007f69280d1770,
0x00007f68c8050560, 0x00007f6928117650, 0x00007f6928119b10, 0x00007f68c80a8bd0,
0x00007f69282e43b0, 0x00007f68c829c180, 0x00007f68c829d780, 0x00007f68b401ce70
}

Java Threads: ( => current thread )
=>0x00007f692801a9e0 JavaThread "main"                              [_thread_in_native, id=78230, stack(0x00007f6930f00000,0x00007f6931000000) (1024K)]
  0x00007f69280c8890 JavaThread "Reference Handler"          daemon [_thread_blocked, id=78244, stack(0x00007f692cded000,0x00007f692ceed000) (1024K)]
  0x00007f69280c9890 JavaThread "Finalizer"                  daemon [_thread_blocked, id=78245, stack(0x00007f692ccec000,0x00007f692cdec000) (1024K)]
  0x00007f69280cabe0 JavaThread "Signal Dispatcher"          daemon [_thread_blocked, id=78246, stack(0x00007f692c700000,0x00007f692c800000) (1024K)]
  0x00007f69280cc2f0 JavaThread "Service Thread"             daemon [_thread_blocked, id=78247, stack(0x00007f692c5ff000,0x00007f692c6ff000) (1024K)]
  0x00007f69280cdb40 JavaThread "Monitor Deflation Thread"   daemon [_thread_blocked, id=78248, stack(0x00007f692c4fe000,0x00007f692c5fe000) (1024K)]
  0x00007f69280cfda0 JavaThread "C2 CompilerThread0"         daemon [_thread_blocked, id=78249, stack(0x00007f692c3fd000,0x00007f692c4fd000) (1024K)]
  0x00007f69280d1770 JavaThread "C1 CompilerThread0"         daemon [_thread_blocked, id=78250, stack(0x00007f692c2fc000,0x00007f692c3fc000) (1024K)]
  0x00007f68c8050560 JavaThread "C1 CompilerThread1"         daemon [_thread_blocked, id=78251, stack(0x00007f692c1fb000,0x00007f692c2fb000) (1024K)]
  0x00007f6928117650 JavaThread "Notification Thread"        daemon [_thread_blocked, id=78252, stack(0x00007f692c0fa000,0x00007f692c1fa000) (1024K)]
  0x00007f6928119b10 JavaThread "Common-Cleaner"             daemon [_thread_blocked, id=78253, stack(0x00007f6927f00000,0x00007f6928000000) (1024K)]
  0x00007f68c80a8bd0 JavaThread "C2 CompilerThread1"         daemon [_thread_blocked, id=78254, stack(0x00007f690fcff000,0x00007f690fdff000) (1024K)]
  0x00007f69282e43b0 JavaThread "InnocuousThread-1"          daemon [_thread_blocked, id=78256, stack(0x00007f690d9ff000,0x00007f690daff000) (1024K)]
  0x00007f68c829c180 JavaThread "C1 CompilerThread2"         daemon [_thread_blocked, id=78257, stack(0x00007f690d8fe000,0x00007f690d9fe000) (1024K)]
  0x00007f68c829d780 JavaThread "C1 CompilerThread3"         daemon [_thread_blocked, id=78258, stack(0x00007f690d7fd000,0x00007f690d8fd000) (1024K)]
  0x00007f68b401ce70 JavaThread "C2 CompilerThread2"         daemon [_thread_blocked, id=78259, stack(0x00007f690d6fc000,0x00007f690d7fc000) (1024K)]
Total: 16

Other Threads:
  0x00007f69280be760 VMThread "VM Thread"                           [id=78243, stack(0x00007f692cbeb000,0x00007f692cceb000) (1024K)]
  0x00007f69280acc70 WatcherThread "VM Periodic Task Thread"        [id=78242, stack(0x00007f692ceee000,0x00007f692cfee000) (1024K)]
  0x00007f69280436e0 WorkerThread "GC Thread#0"                     [id=78231, stack(0x00007f692e657000,0x00007f692e757000) (1024K)]
  0x00007f68ec009080 WorkerThread "GC Thread#1"                     [id=78255, stack(0x00007f690db00000,0x00007f690dc00000) (1024K)]
  0x00007f6928047f50 ConcurrentGCThread "G1 Main Marker"            [id=78232, stack(0x00007f692e100000,0x00007f692e200000) (1024K)]
  0x00007f69280490e0 WorkerThread "G1 Conc#0"                       [id=78233, stack(0x00007f692dfff000,0x00007f692e0ff000) (1024K)]
  0x00007f692809e8f0 WorkerThread "G1 Refinement Workers#0"         [id=78235, stack(0x00007f692d0f0000,0x00007f692d1f0000) (1024K)]
  0x00007f692809d690 ConcurrentGCThread "G1 Refine Control"         [id=78234, stack(0x00007f692d1f1000,0x00007f692d2f1000) (1024K)]
  0x00007f692809f9f0 ConcurrentGCThread "G1 Service"                [id=78236, stack(0x00007f692cfef000,0x00007f692d0ef000) (1024K)]
Total: 9

Threads with active compile tasks:
Total: 0

VM state: not at safepoint (normal execution)

VM Mutex/Monitor currently owned by a thread: None

Heap address: 0x00000000f0000000, size: 256 MB, Compressed Oops mode: 32-bit

CDS archive(s) mapped at: [0x0000000079000000-0x0000000079da6000-0x0000000079da6000), size 14311424, SharedBaseAddress: 0x0000000079000000, ArchiveRelocationMode: 1.
Compressed class space mapped at: 0x000000007a000000-0x00000000ba000000, reserved size: 1073741824
UseCompressedClassPointers 1, UseCompactObjectHeaders 0
Narrow klass pointer bits 32, Max shift 3
Narrow klass base: 0x0000000079000000, Narrow klass shift: 0
Encoding Range: [0x0000000079000000 - 0x0000000179000000), (4294967296 bytes)
Klass Range:    [0x0000000079000000 - 0x00000000ba000000), (1090519040 bytes)
Klass ID Range:  [8 - 1090519033) (1090519025)
Protection zone: [0x0000000079000000 - 0x0000000079001000), (4096 bytes)

GC Precious Log:
 CardTable entry size: 512
 Card Set container configuration: InlinePtr #cards 5 size 8 Array Of Cards #cards 10 size 36 Howl #buckets 4 coarsen threshold 1843 Howl Bitmap #cards 512 size 80 coarsen threshold 460 Card regions per heap region 1 cards per card region 2048
 CPUs: 16 total, 16 available
 Memory: 15370M
 Large Page Support: Disabled
 NUMA Support: Disabled
 Compressed Oops: Enabled (32-bit)
 Heap Region Size: 1M
 Heap Min Capacity: 8M
 Heap Initial Capacity: 8M
 Heap Max Capacity: 256M
 Pre-touch: Disabled
 Parallel Workers: 13
 Concurrent Workers: 3
 Concurrent Refinement Workers: 13
 Periodic GC: Disabled

Heap:
 garbage-first heap   total reserved 262144K, committed 30720K, used 14925K [0x00000000f0000000, 0x0000000100000000)
  region size 1M, 14 eden (14M), 1 survivor (1M), 4 old (4M), 0 humongous (0M), 11 free (11M)

Heap Regions: E=young(eden), S=young(survivor), O=old, HS=humongous(starts), HC=humongous(continues), CS=collection set, F=free, TAMS=top-at-mark-start, PB=parsable bottom
|    0|0x00000000f0000000, 0x00000000f0100000, 0x00000000f0100000|100%| O|  |TAMS 0x00000000f0000000| PB 0x00000000f0000000| Untracked |  0
|    1|0x00000000f0100000, 0x00000000f011a880, 0x00000000f0200000| 10%| O|  |TAMS 0x00000000f0100000| PB 0x00000000f0100000| Untracked |  0
|    2|0x00000000f0200000, 0x00000000f0200000, 0x00000000f0300000|  0%| F|  |TAMS 0x00000000f0200000| PB 0x00000000f0200000| Untracked |  0
|    3|0x00000000f0300000, 0x00000000f0300000, 0x00000000f0400000|  0%| F|  |TAMS 0x00000000f0300000| PB 0x00000000f0300000| Untracked |  0
|    4|0x00000000f0400000, 0x00000000f0454b90, 0x00000000f0500000| 33%| S|CS|TAMS 0x00000000f0400000| PB 0x00000000f0400000| Complete  |  0
|    5|0x00000000f0500000, 0x00000000f0500000, 0x00000000f0600000|  0%| F|  |TAMS 0x00000000f0500000| PB 0x00000000f0500000| Untracked |  0
|    6|0x00000000f0600000, 0x00000000f0600000, 0x00000000f0700000|  0%| F|  |TAMS 0x00000000f0600000| PB 0x00000000f0600000| Untracked |  0
|    7|0x00000000f0700000, 0x00000000f0700000, 0x00000000f0800000|  0%| F|  |TAMS 0x00000000f0700000| PB 0x00000000f0700000| Untracked |  0
|    8|0x00000000f0800000, 0x00000000f0800000, 0x00000000f0900000|  0%| F|  |TAMS 0x00000000f0800000| PB 0x00000000f0800000| Untracked |  0
|    9|0x00000000f0900000, 0x00000000f0900000, 0x00000000f0a00000|  0%| F|  |TAMS 0x00000000f0900000| PB 0x00000000f0900000| Untracked |  0
|   10|0x00000000f0a00000, 0x00000000f0a00000, 0x00000000f0b00000|  0%| F|  |TAMS 0x00000000f0a00000| PB 0x00000000f0a00000| Untracked |  0
|   11|0x00000000f0b00000, 0x00000000f0b00000, 0x00000000f0c00000|  0%| F|  |TAMS 0x00000000f0b00000| PB 0x00000000f0b00000| Untracked |  0
|   12|0x00000000f0c00000, 0x00000000f0c00000, 0x00000000f0d00000|  0%| F|  |TAMS 0x00000000f0c00000| PB 0x00000000f0c00000| Untracked |  0
|   13|0x00000000f0d00000, 0x00000000f0d00000, 0x00000000f0e00000|  0%| F|  |TAMS 0x00000000f0d00000| PB 0x00000000f0d00000| Untracked |  0
|   14|0x00000000f0e00000, 0x00000000f0eed1f0, 0x00000000f0f00000| 92%| E|CS|TAMS 0x00000000f0e00000| PB 0x00000000f0e00000| Complete  |  0
|   15|0x00000000f0f00000, 0x00000000f1000000, 0x00000000f1000000|100%| E|CS|TAMS 0x00000000f0f00000| PB 0x00000000f0f00000| Complete  |  0
|   16|0x00000000f1000000, 0x00000000f1100000, 0x00000000f1100000|100%| E|CS|TAMS 0x00000000f1000000| PB 0x00000000f1000000| Complete  |  0
|   17|0x00000000f1100000, 0x00000000f1200000, 0x00000000f1200000|100%| E|CS|TAMS 0x00000000f1100000| PB 0x00000000f1100000| Complete  |  0
|   18|0x00000000f1200000, 0x00000000f1300000, 0x00000000f1300000|100%| E|CS|TAMS 0x00000000f1200000| PB 0x00000000f1200000| Complete  |  0
|   19|0x00000000f1300000, 0x00000000f1400000, 0x00000000f1400000|100%| E|CS|TAMS 0x00000000f1300000| PB 0x00000000f1300000| Complete  |  0
|   20|0x00000000f1400000, 0x00000000f1500000, 0x00000000f1500000|100%| E|CS|TAMS 0x00000000f1400000| PB 0x00000000f1400000| Complete  |  0
|   21|0x00000000f1500000, 0x00000000f1600000, 0x00000000f1600000|100%| E|CS|TAMS 0x00000000f1500000| PB 0x00000000f1500000| Complete  |  0
|   22|0x00000000f1600000, 0x00000000f1700000, 0x00000000f1700000|100%| E|CS|TAMS 0x00000000f1600000| PB 0x00000000f1600000| Complete  |  0
|   23|0x00000000f1700000, 0x00000000f1800000, 0x00000000f1800000|100%| E|CS|TAMS 0x00000000f1700000| PB 0x00000000f1700000| Complete  |  0
|   24|0x00000000f1800000, 0x00000000f1900000, 0x00000000f1900000|100%| E|CS|TAMS 0x00000000f1800000| PB 0x00000000f1800000| Complete  |  0
|   25|0x00000000f1900000, 0x00000000f1a00000, 0x00000000f1a00000|100%| E|CS|TAMS 0x00000000f1900000| PB 0x00000000f1900000| Complete  |  0
|   26|0x00000000f1a00000, 0x00000000f1b00000, 0x00000000f1b00000|100%| E|CS|TAMS 0x00000000f1a00000| PB 0x00000000f1a00000| Complete  |  0
|   27|0x00000000f1b00000, 0x00000000f1c00000, 0x00000000f1c00000|100%| E|CS|TAMS 0x00000000f1b00000| PB 0x00000000f1b00000| Complete  |  0
|  254|0x00000000ffe00000, 0x00000000fff00000, 0x00000000fff00000|100%| O|  |TAMS 0x00000000ffe00000| PB 0x00000000ffe00000| Untracked |  0
|  255|0x00000000fff00000, 0x00000000fff24170, 0x0000000100000000| 14%| O|  |TAMS 0x00000000fff00000| PB 0x00000000fff00000| Untracked |  0

Card table byte_map: [0x00007f692e757000,0x00007f692e7d7000] _byte_map_base: 0x00007f692dfd7000
Refinement table byte_map: [0x00007f692e7d7000,0x00007f692e857000] _byte_map_base: 0x00007f692e057000

Marking Bits: (CMBitMap*) 0x00007f69280443f0
 Bits: [0x00007f692e200000, 0x00007f692e600000)

Polling page: 0x00007f693130e000

Metaspace:
Metaspace        used 5982K, committed 6336K, reserved 1114112K
 class space     used 542K, committed 704K, reserved 1048576K

Usage:
  Non-class:      5.31 MB used.
      Class:    542.03 KB used.
       Both:      5.84 MB used.

Virtual space:
  Non-class space:       64.00 MB reserved,       5.50 MB (  9%) committed,  1 nodes.
      Class space:        1.00 GB reserved,     704.00 KB ( <1%) committed,  1 nodes.
             Both:        1.06 GB reserved,       6.19 MB ( <1%) committed. 

Chunk freelists:
   Non-Class:  9.51 MB
       Class:  15.14 MB
        Both:  24.66 MB

MaxMetaspaceSize: unlimited
CompressedClassSpaceSize: 1.00 GB
Initial GC threshold: 21.00 MB
Current GC threshold: 21.00 MB
CDS: on
 - commit_granule_bytes: 65536.
 - commit_granule_words: 8192.
 - virtual_space_node_default_size: 8388608.
 - enlarge_chunks_in_place: 1.
UseCompressedClassPointers 1, UseCompactObjectHeaders 0
Narrow klass pointer bits 32, Max shift 3
Narrow klass base: 0x0000000079000000, Narrow klass shift: 0
Encoding Range: [0x0000000079000000 - 0x0000000179000000), (4294967296 bytes)
Klass Range:    [0x0000000079000000 - 0x00000000ba000000), (1090519040 bytes)
Klass ID Range:  [8 - 1090519033) (1090519025)
Protection zone: [0x0000000079000000 - 0x0000000079001000), (4096 bytes)


Internal statistics:

num_allocs_failed_limit: 0.
num_arena_births: 382.
num_arena_deaths: 0.
num_vsnodes_births: 2.
num_vsnodes_deaths: 0.
num_space_committed: 99.
num_space_uncommitted: 0.
num_chunks_returned_to_freelist: 0.
num_chunks_taken_from_freelist: 629.
num_chunk_merges: 0.
num_chunk_splits: 443.
num_chunks_enlarged: 289.
num_inconsistent_stats: 0.

CodeHeap 'non-profiled nmethods': size=119168Kb used=505Kb max_used=505Kb free=118662Kb
 bounds [0x00007f69179a0000, 0x00007f6917c10000, 0x00007f691ee00000]
CodeHeap 'profiled nmethods': size=119168Kb used=2334Kb max_used=2334Kb free=116833Kb
 bounds [0x00007f690fdff000, 0x00007f691006f000, 0x00007f691725f000]
CodeHeap 'non-nmethods': size=7428Kb used=4286Kb max_used=4397Kb free=3141Kb
 bounds [0x00007f691725f000, 0x00007f69176bf000, 0x00007f69179a0000]
CodeCache: size=245764Kb, used=7125Kb, max_used=7236Kb, free=238636Kb
 total_blobs=3130, nmethods=1626, adapters=1400, full_count=0
Compilation: enabled, stopped_count=0, restarted_count=0

Compilation events (20 events):
Event: 0.766 Thread 0x00007f68c829d780 1612       3       jdk.internal.classfile.impl.StackMapGenerator$Frame::merge (48 bytes)
Event: 0.766 Thread 0x00007f68c8050560 1613       3       jdk.internal.classfile.impl.StackMapGenerator$Type::mergeFrom (100 bytes)
Event: 0.767 Thread 0x00007f69280d1770 1614       3       jdk.internal.classfile.impl.StackMapGenerator$Type::isCategory2_2nd (20 bytes)
Event: 0.767 Thread 0x00007f68c829d780 nmethod 1612 0x00007f6910040d88 code [0x00007f6910040e80, 0x00007f69100412f8]
Event: 0.767 Thread 0x00007f69280d1770 nmethod 1614 0x00007f6910041308 code [0x00007f6910041400, 0x00007f6910041580]
Event: 0.767 Thread 0x00007f69280d1770 1616       3       java.lang.invoke.InvokerBytecodeGenerator::lookupPregenerated (318 bytes)
Event: 0.767 Thread 0x00007f68c8050560 nmethod 1613 0x00007f6910041608 code [0x00007f6910041700, 0x00007f6910041dd8]
Event: 0.768 Thread 0x00007f69280d1770 nmethod 1616 0x00007f6910041e08 code [0x00007f6910041f00, 0x00007f6910043a10]
Event: 0.768 Thread 0x00007f69280d1770 1619       3       java.lang.invoke.InvokerBytecodeGenerator::emitStoreResult (31 bytes)
Event: 0.768 Thread 0x00007f69280d1770 nmethod 1619 0x00007f6910043a88 code [0x00007f6910043b80, 0x00007f6910043f60]
Event: 0.769 Thread 0x00007f68c829c180 nmethod 1605 0x00007f6910043f88 code [0x00007f6910044080, 0x00007f6910046368]
Event: 0.769 Thread 0x00007f68b401ce70 nmethod 1604 0x00007f6917a0f088 code [0x00007f6917a0f180, 0x00007f6917a0f348]
Event: 0.769 Thread 0x00007f68b401ce70 1620       4       jdk.internal.classfile.impl.SplitConstantPool::nameAndTypeEntry (7 bytes)
Event: 0.770 Thread 0x00007f68c829c180 1621       3       java.lang.classfile.CodeBuilder::invoke (46 bytes)
Event: 0.770 Thread 0x00007f68c829c180 nmethod 1621 0x00007f6910046388 code [0x00007f6910046480, 0x00007f69100469c8]
Event: 0.787 Thread 0x00007f68b401ce70 nmethod 1620 0x00007f6917a0ff88 code [0x00007f6917a100a0, 0x00007f6917a10c58]
Event: 0.787 Thread 0x00007f68b401ce70 1626       4       java.lang.StringBuilder::append (8 bytes)
Event: 0.794 Thread 0x00007f68b401ce70 nmethod 1626 0x00007f6917a10c88 code [0x00007f6917a10d80, 0x00007f6917a115a0]
Event: 0.818 Thread 0x00007f68c80a8bd0 nmethod 1611 0x00007f6917a11608 code [0x00007f6917a11700, 0x00007f6917a134c0]
Event: 0.858 Thread 0x00007f69280cfda0 nmethod 1472 0x00007f6917a13508 code [0x00007f6917a13c40, 0x00007f6917a1e3d8]

GC Heap Usage History (6 events):
Event: 0.258 {heap Before GC invocations=0 (full 0):
 garbage-first heap   total reserved 262144K, committed 10240K, used 4240K [0x00000000f0000000, 0x0000000100000000)
  region size 1M, 4 eden (4M), 0 survivor (0M), 2 old (2M), 0 humongous (0M), 4 free (4M)
}
Event: 0.262 {heap After GC invocations=1 (full 0):
 garbage-first heap   total reserved 262144K, committed 10240K, used 2296K [0x00000000f0000000, 0x0000000100000000)
  region size 1M, 0 eden (0M), 1 survivor (1M), 3 old (3M), 0 humongous (0M), 6 free (6M)
}
Event: 0.329 {heap Before GC invocations=1 (full 0):
 garbage-first heap   total reserved 262144K, committed 10240K, used 4344K [0x00000000f0000000, 0x0000000100000000)
  region size 1M, 2 eden (2M), 1 survivor (1M), 3 old (3M), 0 humongous (0M), 4 free (4M)
}
Event: 0.332 {heap After GC invocations=2 (full 0):
 garbage-first heap   total reserved 262144K, committed 10240K, used 2487K [0x00000000f0000000, 0x0000000100000000)
  region size 1M, 0 eden (0M), 1 survivor (1M), 4 old (4M), 0 humongous (0M), 5 free (5M)
}
Event: 0.398 {heap Before GC invocations=2 (full 0):
 garbage-first heap   total reserved 262144K, committed 10240K, used 3511K [0x00000000f0000000, 0x0000000100000000)
  region size 1M, 2 eden (2M), 1 survivor (1M), 4 old (4M), 0 humongous (0M), 3 free (3M)
}
Event: 0.400 {heap After GC invocations=3 (full 0):
 garbage-first heap   total reserved 262144K, committed 30720K, used 2637K [0x00000000f0000000, 0x0000000100000000)
  region size 1M, 0 eden (0M), 1 survivor (1M), 4 old (4M), 0 humongous (0M), 25 free (25M)
}

Metaspace Usage History (6 events):
Event: 0.258 {metaspace Before GC invocations=0 (full 0):
 Metaspace       used 1853K, committed 1984K, reserved 1114112K
  class space    used 144K, committed 192K, reserved 1048576K
}
Event: 0.262 {metaspace After GC invocations=1 (full 0):
 Metaspace       used 1853K, committed 1984K, reserved 1114112K
  class space    used 144K, committed 192K, reserved 1048576K
}
Event: 0.329 {metaspace Before GC invocations=1 (full 0):
 Metaspace       used 2609K, committed 2816K, reserved 1114112K
  class space    used 227K, committed 320K, reserved 1048576K
}
Event: 0.332 {metaspace After GC invocations=2 (full 0):
 Metaspace       used 2609K, committed 2816K, reserved 1114112K
  class space    used 227K, committed 320K, reserved 1048576K
}
Event: 0.398 {metaspace Before GC invocations=2 (full 0):
 Metaspace       used 3295K, committed 3520K, reserved 1114112K
  class space    used 310K, committed 384K, reserved 1048576K
}
Event: 0.400 {metaspace After GC invocations=3 (full 0):
 Metaspace       used 3295K, committed 3520K, reserved 1114112K
  class space    used 310K, committed 384K, reserved 1048576K
}

Dll operation events (14 events):
Event: 0.003 Attempting to load shared library /usr/lib/jvm/java-26-openjdk/lib/libjava.so
Event: 0.003 Loaded shared library /usr/lib/jvm/java-26-openjdk/lib/libjava.so
Event: 0.028 Attempting to load shared library /usr/lib/jvm/java-26-openjdk/lib/libsimdsort.so
Event: 0.028 Loaded shared library /usr/lib/jvm/java-26-openjdk/lib/libsimdsort.so
Event: 0.069 Attempting to load shared library /usr/lib/jvm/java-26-openjdk/lib/libnio.so
Event: 0.069 Loaded shared library /usr/lib/jvm/java-26-openjdk/lib/libnio.so
Event: 0.073 Attempting to load shared library /usr/lib/jvm/java-26-openjdk/lib/libzip.so
Event: 0.073 Loaded shared library /usr/lib/jvm/java-26-openjdk/lib/libzip.so
Event: 0.149 Attempting to load shared library /usr/lib/jvm/java-26-openjdk/lib/libjimage.so
Event: 0.149 Loaded shared library /usr/lib/jvm/java-26-openjdk/lib/libjimage.so
Event: 0.158 Attempting to load shared library /usr/lib/jvm/java-26-openjdk/lib/libnet.so
Event: 0.158 Loaded shared library /usr/lib/jvm/java-26-openjdk/lib/libnet.so
Event: 0.171 Attempting to load shared library /tmp/lwjgl_ferrium/3.4.1+2/x64/liblwjgl.so
Event: 0.171 Loaded shared library /tmp/lwjgl_ferrium/3.4.1+2/x64/liblwjgl.so

Deoptimization events (20 events):
Event: 0.673 Thread 0x00007f692801a9e0 Uncommon trap: trap_request=0xffffffd6 fr.pc=0x00007f6917a09968 relative=0x0000000000000268
Event: 0.673 Thread 0x00007f692801a9e0 Uncommon trap: reason=array_check action=maybe_recompile pc=0x00007f6917a09968 method=java.util.Arrays.fill([Ljava/lang/Object;Ljava/lang/Object;)V @ 13 c2
Event: 0.673 Thread 0x00007f692801a9e0 DEOPT PACKING pc=0x00007f6917a09968 sp=0x00007f6930ffc3b0
Event: 0.673 Thread 0x00007f692801a9e0 DEOPT UNPACKING pc=0x00007f69173821f9 sp=0x00007f6930ffc360 mode 2
Event: 0.673 Thread 0x00007f692801a9e0 Uncommon trap: trap_request=0xffffffd6 fr.pc=0x00007f6917a09968 relative=0x0000000000000268
Event: 0.673 Thread 0x00007f692801a9e0 Uncommon trap: reason=array_check action=maybe_recompile pc=0x00007f6917a09968 method=java.util.Arrays.fill([Ljava/lang/Object;Ljava/lang/Object;)V @ 13 c2
Event: 0.673 Thread 0x00007f692801a9e0 DEOPT PACKING pc=0x00007f6917a09968 sp=0x00007f6930ffc040
Event: 0.673 Thread 0x00007f692801a9e0 DEOPT UNPACKING pc=0x00007f69173821f9 sp=0x00007f6930ffbff0 mode 2
Event: 0.674 Thread 0x00007f692801a9e0 Uncommon trap: trap_request=0xffffffd6 fr.pc=0x00007f6917a09968 relative=0x0000000000000268
Event: 0.674 Thread 0x00007f692801a9e0 Uncommon trap: reason=array_check action=maybe_recompile pc=0x00007f6917a09968 method=java.util.Arrays.fill([Ljava/lang/Object;Ljava/lang/Object;)V @ 13 c2
Event: 0.674 Thread 0x00007f692801a9e0 DEOPT PACKING pc=0x00007f6917a09968 sp=0x00007f6930ffc5e0
Event: 0.674 Thread 0x00007f692801a9e0 DEOPT UNPACKING pc=0x00007f69173821f9 sp=0x00007f6930ffc590 mode 2
Event: 0.674 Thread 0x00007f692801a9e0 Uncommon trap: trap_request=0xffffffd6 fr.pc=0x00007f6917a09968 relative=0x0000000000000268
Event: 0.674 Thread 0x00007f692801a9e0 Uncommon trap: reason=array_check action=maybe_recompile pc=0x00007f6917a09968 method=java.util.Arrays.fill([Ljava/lang/Object;Ljava/lang/Object;)V @ 13 c2
Event: 0.674 Thread 0x00007f692801a9e0 DEOPT PACKING pc=0x00007f6917a09968 sp=0x00007f6930ffc390
Event: 0.674 Thread 0x00007f692801a9e0 DEOPT UNPACKING pc=0x00007f69173821f9 sp=0x00007f6930ffc340 mode 2
Event: 0.757 Thread 0x00007f692801a9e0 Uncommon trap: trap_request=0xffffffbe fr.pc=0x00007f6917a0490c relative=0x000000000000030c
Event: 0.757 Thread 0x00007f692801a9e0 Uncommon trap: reason=profile_predicate action=maybe_recompile pc=0x00007f6917a0490c method=java.util.Arrays.fill([Ljava/lang/Object;Ljava/lang/Object;)V @ 5 c2
Event: 0.757 Thread 0x00007f692801a9e0 DEOPT PACKING pc=0x00007f6917a0490c sp=0x00007f6930ffc5c0
Event: 0.757 Thread 0x00007f692801a9e0 DEOPT UNPACKING pc=0x00007f69173821f9 sp=0x00007f6930ffc588 mode 2

Classes loaded (20 events):
Event: 0.663 Loading class java/lang/classfile/CodeBuilder$BlockCodeBuilder
Event: 0.663 Loading class java/lang/classfile/CodeBuilder$BlockCodeBuilder done
Event: 0.664 Loading class jdk/internal/classfile/impl/BlockCodeBuilderImpl
Event: 0.664 Loading class jdk/internal/classfile/impl/NonterminalCodeBuilder
Event: 0.664 Loading class jdk/internal/classfile/impl/NonterminalCodeBuilder done
Event: 0.665 Loading class jdk/internal/classfile/impl/BlockCodeBuilderImpl done
Event: 0.666 Loading class java/lang/classfile/instruction/LoadInstruction
Event: 0.666 Loading class java/lang/classfile/Instruction
Event: 0.666 Loading class java/lang/classfile/Instruction done
Event: 0.666 Loading class java/lang/classfile/instruction/LoadInstruction done
Event: 0.666 Loading class jdk/internal/classfile/impl/AbstractInstruction$UnboundLoadInstruction
Event: 0.666 Loading class jdk/internal/classfile/impl/AbstractInstruction$UnboundInstruction
Event: 0.666 Loading class jdk/internal/classfile/impl/AbstractInstruction
Event: 0.666 Loading class jdk/internal/classfile/impl/AbstractInstruction done
Event: 0.666 Loading class jdk/internal/classfile/impl/AbstractInstruction$UnboundInstruction done
Event: 0.666 Loading class jdk/internal/classfile/impl/AbstractInstruction$UnboundLoadInstruction done
Event: 0.666 Loading class java/lang/classfile/instruction/InvokeInstruction
Event: 0.666 Loading class java/lang/classfile/instruction/InvokeInstruction done
Event: 0.666 Loading class jdk/internal/classfile/impl/AbstractInstruction$UnboundInvokeInstruction
Event: 0.666 Loading class jdk/internal/classfile/impl/AbstractInstruction$UnboundInvokeInstruction done

Classes unloaded (0 events):
No events

Classes redefined (0 events):
No events

Internal exceptions (20 events):
Event: 0.650 Thread 0x00007f692801a9e0 Exception <a 'java/lang/IncompatibleClassChangeError'{0x00000000f104b930}: Found class java.lang.Object, but interface was expected> (0x00000000f104b930) 
thrown [/usr/src/debug/java-openjdk/jdk26u-jdk-26.0.1-8/src/hotspot/share/interpreter/linkResolver.cpp, line 871]
Event: 0.653 Thread 0x00007f692801a9e0 Exception <a 'java/lang/NoSuchMethodError'{0x00000000f10671b8}: 'java.lang.Object java.lang.invoke.DirectMethodHandle$Holder.invokeVirtual(java.lang.Object, java.lang.Object, java.lang.Object, java.lang.Object, java.lang.Object)'> (0x00000000f10671b8) 
thrown [/usr/src/debug/java-openjdk/jdk26u-jdk-26.0.1-8/src/hotspot/share/interpreter/linkResolver.cpp, line 803]
Event: 0.660 Thread 0x00007f692801a9e0 Exception <a 'java/lang/NoSuchMethodError'{0x00000000f10d5770}: 'void java.lang.invoke.DirectMethodHandle$Holder.invokeStatic(java.lang.Object, long)'> (0x00000000f10d5770) 
thrown [/usr/src/debug/java-openjdk/jdk26u-jdk-26.0.1-8/src/hotspot/share/interpreter/linkResolver.cpp, line 803]
Event: 0.661 Thread 0x00007f692801a9e0 Exception <a 'java/lang/NoSuchMethodError'{0x00000000f10e48c8}: 'java.lang.Object java.lang.invoke.DirectMethodHandle$Holder.newInvokeSpecial(java.lang.Object, long)'> (0x00000000f10e48c8) 
thrown [/usr/src/debug/java-openjdk/jdk26u-jdk-26.0.1-8/src/hotspot/share/interpreter/linkResolver.cpp, line 803]
Event: 0.663 Thread 0x00007f692801a9e0 Exception <a 'java/lang/NoSuchMethodError'{0x00000000f10fc770}: 'void java.lang.invoke.DirectMethodHandle$Holder.invokeStatic(java.lang.Object, int, java.lang.Object)'> (0x00000000f10fc770) 
thrown [/usr/src/debug/java-openjdk/jdk26u-jdk-26.0.1-8/src/hotspot/share/interpreter/linkResolver.cpp, line 803]
Event: 0.667 Thread 0x00007f692801a9e0 Exception <a 'java/lang/NoSuchMethodError'{0x00000000f0f18050}: 'long java.lang.invoke.DirectMethodHandle$Holder.invokeStaticInit(java.lang.Object, java.lang.Object, java.lang.Object, long)'> (0x00000000f0f18050) 
thrown [/usr/src/debug/java-openjdk/jdk26u-jdk-26.0.1-8/src/hotspot/share/interpreter/linkResolver.cpp, line 803]
Event: 0.668 Thread 0x00007f692801a9e0 Exception <a 'java/lang/NoSuchMethodError'{0x00000000f0f28740}: 'long java.lang.invoke.DelegatingMethodHandle$Holder.reinvoke_L(java.lang.Object, java.lang.Object, java.lang.Object, long)'> (0x00000000f0f28740) 
thrown [/usr/src/debug/java-openjdk/jdk26u-jdk-26.0.1-8/src/hotspot/share/interpreter/linkResolver.cpp, line 803]
Event: 0.670 Thread 0x00007f692801a9e0 Exception <a 'java/lang/NoSuchMethodError'{0x00000000f0f49d28}: 'long java.lang.invoke.DirectMethodHandle$Holder.invokeSpecial(java.lang.Object, java.lang.Object, java.lang.Object, long)'> (0x00000000f0f49d28) 
thrown [/usr/src/debug/java-openjdk/jdk26u-jdk-26.0.1-8/src/hotspot/share/interpreter/linkResolver.cpp, line 803]
Event: 0.670 Thread 0x00007f692801a9e0 Exception <a 'java/lang/NoSuchMethodError'{0x00000000f0f59f10}: 'java.lang.Object java.lang.invoke.Invokers$Holder.invoke_MT(java.lang.Object, java.lang.Object, java.lang.Object, java.lang.Object, java.lang.Object)'> (0x00000000f0f59f10) 
thrown [/usr/src/debug/java-openjdk/jdk26u-jdk-26.0.1-8/src/hotspot/share/interpreter/linkResolver.cpp, line 803]
Event: 0.676 Thread 0x00007f692801a9e0 Exception <a 'java/lang/NoSuchMethodError'{0x00000000f0fa22a8}: 'int java.lang.invoke.Invokers$Holder.invokeExact_MT(java.lang.Object, java.lang.Object, java.lang.Object)'> (0x00000000f0fa22a8) 
thrown [/usr/src/debug/java-openjdk/jdk26u-jdk-26.0.1-8/src/hotspot/share/interpreter/linkResolver.cpp, line 803]
Event: 0.755 Thread 0x00007f692801a9e0 Exception <a 'java/lang/NoSuchMethodError'{0x00000000f0fcdb80}: 'void java.lang.invoke.DirectMethodHandle$Holder.invokeStaticInit(java.lang.Object, java.lang.Object, java.lang.Object)'> (0x00000000f0fcdb80) 
thrown [/usr/src/debug/java-openjdk/jdk26u-jdk-26.0.1-8/src/hotspot/share/interpreter/linkResolver.cpp, line 803]
Event: 0.756 Thread 0x00007f692801a9e0 Exception <a 'java/lang/NoSuchMethodError'{0x00000000f0feec20}: 'void java.lang.invoke.Invokers$Holder.invokeExact_MT(java.lang.Object, java.lang.Object, java.lang.Object)'> (0x00000000f0feec20) 
thrown [/usr/src/debug/java-openjdk/jdk26u-jdk-26.0.1-8/src/hotspot/share/interpreter/linkResolver.cpp, line 803]
Event: 0.757 Thread 0x00007f692801a9e0 Exception <a 'java/lang/NoSuchMethodError'{0x00000000f0ff7620}: 'void java.lang.invoke.DirectMethodHandle$Holder.invokeSpecial(java.lang.Object, java.lang.Object, long)'> (0x00000000f0ff7620) 
thrown [/usr/src/debug/java-openjdk/jdk26u-jdk-26.0.1-8/src/hotspot/share/interpreter/linkResolver.cpp, line 803]
Event: 0.757 Thread 0x00007f692801a9e0 Exception <a 'java/lang/NoSuchMethodError'{0x00000000f0fff620}: 'void java.lang.invoke.Invokers$Holder.invokeExact_MT(java.lang.Object, long, java.lang.Object)'> (0x00000000f0fff620) 
thrown [/usr/src/debug/java-openjdk/jdk26u-jdk-26.0.1-8/src/hotspot/share/interpreter/linkResolver.cpp, line 803]
Event: 0.760 Thread 0x00007f692801a9e0 Exception <a 'java/lang/NoSuchMethodError'{0x00000000f0e23ba0}: 'void java.lang.invoke.DirectMethodHandle$Holder.invokeStaticInit(java.lang.Object, java.lang.Object, java.lang.Object, int, int)'> (0x00000000f0e23ba0) 
thrown [/usr/src/debug/java-openjdk/jdk26u-jdk-26.0.1-8/src/hotspot/share/interpreter/linkResolver.cpp, line 803]
Event: 0.761 Thread 0x00007f692801a9e0 Exception <a 'java/lang/NoSuchMethodError'{0x00000000f0e34570}: 'void java.lang.invoke.DelegatingMethodHandle$Holder.reinvoke_L(java.lang.Object, java.lang.Object, java.lang.Object, int, int)'> (0x00000000f0e34570) 
thrown [/usr/src/debug/java-openjdk/jdk26u-jdk-26.0.1-8/src/hotspot/share/interpreter/linkResolver.cpp, line 803]
Event: 0.762 Thread 0x00007f692801a9e0 Exception <a 'java/lang/NoSuchMethodError'{0x00000000f0e55e30}: 'void java.lang.invoke.DirectMethodHandle$Holder.invokeSpecial(java.lang.Object, java.lang.Object, java.lang.Object, int, int)'> (0x00000000f0e55e30) 
thrown [/usr/src/debug/java-openjdk/jdk26u-jdk-26.0.1-8/src/hotspot/share/interpreter/linkResolver.cpp, line 803]
Event: 0.767 Thread 0x00007f692801a9e0 Exception <a 'java/lang/NoSuchMethodError'{0x00000000f0e99ac0}: 'long java.lang.invoke.DirectMethodHandle$Holder.invokeStaticInit(java.lang.Object, java.lang.Object, java.lang.Object, int, int, long, long, long)'> (0x00000000f0e99ac0) 
thrown [/usr/src/debug/java-openjdk/jdk26u-jdk-26.0.1-8/src/hotspot/share/interpreter/linkResolver.cpp, line 803]
Event: 0.768 Thread 0x00007f692801a9e0 Exception <a 'java/lang/NoSuchMethodError'{0x00000000f0eaa4a8}: 'long java.lang.invoke.DelegatingMethodHandle$Holder.reinvoke_L(java.lang.Object, java.lang.Object, java.lang.Object, int, int, long, long, long)'> (0x00000000f0eaa4a8) 
thrown [/usr/src/debug/java-openjdk/jdk26u-jdk-26.0.1-8/src/hotspot/share/interpreter/linkResolver.cpp, line 803]
Event: 0.770 Thread 0x00007f692801a9e0 Exception <a 'java/lang/NoSuchMethodError'{0x00000000f0eccca8}: 'long java.lang.invoke.DirectMethodHandle$Holder.invokeSpecial(java.lang.Object, java.lang.Object, java.lang.Object, int, int, long, long, long)'> (0x00000000f0eccca8) 
thrown [/usr/src/debug/java-openjdk/jdk26u-jdk-26.0.1-8/src/hotspot/share/interpreter/linkResolver.cpp, line 803]

VM Operations (18 events):
Event: 0.076 Executing non-safepoint VM operation: HandshakeAllThreads (Deoptimize)
Event: 0.076 Executing non-safepoint VM operation: HandshakeAllThreads (Deoptimize) done
Event: 0.163 Executing non-safepoint VM operation: HandshakeAllThreads (Deoptimize)
Event: 0.163 Executing non-safepoint VM operation: HandshakeAllThreads (Deoptimize) done
Event: 0.258 Executing safepoint VM operation: G1CollectForAllocation (G1 Evacuation Pause)
Event: 0.262 Executing safepoint VM operation: G1CollectForAllocation (G1 Evacuation Pause) done
Event: 0.286 Executing non-safepoint VM operation: HandshakeAllThreads (Deoptimize)
Event: 0.286 Executing non-safepoint VM operation: HandshakeAllThreads (Deoptimize) done
Event: 0.329 Executing safepoint VM operation: G1CollectForAllocation (G1 Evacuation Pause)
Event: 0.332 Executing safepoint VM operation: G1CollectForAllocation (G1 Evacuation Pause) done
Event: 0.385 Executing non-safepoint VM operation: HandshakeAllThreads (Deoptimize)
Event: 0.385 Executing non-safepoint VM operation: HandshakeAllThreads (Deoptimize) done
Event: 0.398 Executing safepoint VM operation: G1CollectForAllocation (G1 Evacuation Pause)
Event: 0.400 Executing safepoint VM operation: G1CollectForAllocation (G1 Evacuation Pause) done
Event: 0.429 Executing non-safepoint VM operation: HandshakeAllThreads (Deoptimize)
Event: 0.429 Executing non-safepoint VM operation: HandshakeAllThreads (Deoptimize) done
Event: 0.665 Executing non-safepoint VM operation: HandshakeAllThreads (Deoptimize)
Event: 0.665 Executing non-safepoint VM operation: HandshakeAllThreads (Deoptimize) done

Memory protections (19 events):
Event: 0.003 Protecting memory [0x00007f6930f00000,0x00007f6930f04000] with protection modes 0
Event: 0.013 Protecting memory [0x0000000079000000,0x0000000079001000] with protection modes 0
Event: 0.025 Protecting memory [0x00007f692cded000,0x00007f692cdf1000] with protection modes 0
Event: 0.025 Protecting memory [0x00007f692ccec000,0x00007f692ccf0000] with protection modes 0
Event: 0.026 Protecting memory [0x00007f692c700000,0x00007f692c704000] with protection modes 0
Event: 0.026 Protecting memory [0x00007f692c5ff000,0x00007f692c603000] with protection modes 0
Event: 0.027 Protecting memory [0x00007f692c4fe000,0x00007f692c502000] with protection modes 0
Event: 0.027 Protecting memory [0x00007f692c3fd000,0x00007f692c401000] with protection modes 0
Event: 0.027 Protecting memory [0x00007f692c2fc000,0x00007f692c300000] with protection modes 0
Event: 0.044 Protecting memory [0x00007f692c1fb000,0x00007f692c1ff000] with protection modes 0
Event: 0.055 Protecting memory [0x00007f692c0fa000,0x00007f692c0fe000] with protection modes 0
Event: 0.057 Protecting memory [0x00007f6927f00000,0x00007f6927f04000] with protection modes 0
Event: 0.092 Protecting memory [0x00007f690fcff000,0x00007f690fd03000] with protection modes 0
Event: 0.326 Protecting memory [0x00007f690d9ff000,0x00007f690da03000] with protection modes 0
Event: 0.440 Protecting memory [0x00007f690d8fe000,0x00007f690d902000] with protection modes 0
Event: 0.441 Protecting memory [0x00007f690d7fd000,0x00007f690d801000] with protection modes 0
Event: 0.613 Protecting memory [0x00007f690d6fc000,0x00007f690d700000] with protection modes 0
Event: 0.620 Protecting memory [0x00007f690d5fb000,0x00007f690d5ff000] with protection modes 0
Event: 0.620 Protecting memory [0x00007f690d4fa000,0x00007f690d4fe000] with protection modes 0

Nmethod flushes (0 events):
No events

Events (20 events):
Event: 0.013 Thread 0x00007f692801a9e0 Thread added: 0x00007f692801a9e0
Event: 0.025 Thread 0x00007f692801a9e0 Thread added: 0x00007f69280c8890
Event: 0.025 Thread 0x00007f692801a9e0 Thread added: 0x00007f69280c9890
Event: 0.026 Thread 0x00007f692801a9e0 Thread added: 0x00007f69280cabe0
Event: 0.026 Thread 0x00007f692801a9e0 Thread added: 0x00007f69280cc2f0
Event: 0.027 Thread 0x00007f692801a9e0 Thread added: 0x00007f69280cdb40
Event: 0.027 Thread 0x00007f692801a9e0 Thread added: 0x00007f69280cfda0
Event: 0.027 Thread 0x00007f692801a9e0 Thread added: 0x00007f69280d1770
Event: 0.044 Thread 0x00007f69280d1770 Thread added: 0x00007f68c8050560
Event: 0.055 Thread 0x00007f692801a9e0 Thread added: 0x00007f6928117650
Event: 0.057 Thread 0x00007f692801a9e0 Thread added: 0x00007f6928119b10
Event: 0.092 Thread 0x00007f69280d1770 Thread added: 0x00007f68c80a8bd0
Event: 0.326 Thread 0x00007f692801a9e0 Thread added: 0x00007f69282e43b0
Event: 0.440 Thread 0x00007f69280d1770 Thread added: 0x00007f68c829c180
Event: 0.440 Thread 0x00007f69280d1770 Thread added: 0x00007f68c829d780
Event: 0.613 Thread 0x00007f68c829c180 Thread added: 0x00007f68b401ce70
Event: 0.620 Thread 0x00007f68c80a8bd0 Thread added: 0x00007f68b8008020
Event: 0.620 Thread 0x00007f68c80a8bd0 Thread added: 0x00007f68b8009560
Event: 0.763 Thread 0x00007f68b8009560 Thread exited: 0x00007f68b8009560
Event: 0.764 Thread 0x00007f68b8008020 Thread exited: 0x00007f68b8008020


Dynamic libraries:
79000000-79001000 ---p 00000000 00:00 0 
79001000-79da6000 rw-p 00001000 103:03 6718800                           /usr/lib/jvm/java-26-openjdk/lib/server/classes.jsa
79da6000-7a000000 ---p 00000000 00:00 0 
7a000000-7a040000 rw-p 00000000 00:00 0 
7a040000-7a0a0000 rw-p 00000000 00:00 0 
7a0a0000-7a0c0000 ---p 00000000 00:00 0 
7a0c0000-7a0d0000 rw-p 00000000 00:00 0 
7a0d0000-ba000000 ---p 00000000 00:00 0 
f0000000-f1c00000 rw-p 00000000 00:00 0 
f1c00000-ffe00000 ---p 00000000 00:00 0 
ffe00000-fff25000 rw-p 00ddb000 103:03 6718800                           /usr/lib/jvm/java-26-openjdk/lib/server/classes.jsa
fff25000-100000000 rw-p 00000000 00:00 0 
55949a707000-55949a708000 r--p 00000000 103:03 6555783                   /usr/lib/jvm/java-26-openjdk/bin/java
55949a708000-55949a709000 r-xp 00001000 103:03 6555783                   /usr/lib/jvm/java-26-openjdk/bin/java
55949a709000-55949a70a000 r--p 00002000 103:03 6555783                   /usr/lib/jvm/java-26-openjdk/bin/java
55949a70a000-55949a70b000 r--p 00002000 103:03 6555783                   /usr/lib/jvm/java-26-openjdk/bin/java
55949a70b000-55949a70c000 rw-p 00003000 103:03 6555783                   /usr/lib/jvm/java-26-openjdk/bin/java
5594bd449000-5594bd492000 rw-p 00000000 00:00 0                          [heap]
7f6864000000-7f6864021000 rw-p 00000000 00:00 0 
7f6864021000-7f6868000000 ---p 00000000 00:00 0 
7f686c000000-7f686c021000 rw-p 00000000 00:00 0 
7f686c021000-7f6870000000 ---p 00000000 00:00 0 
7f6870000000-7f6870021000 rw-p 00000000 00:00 0 
7f6870021000-7f6874000000 ---p 00000000 00:00 0 
7f6874000000-7f6874021000 rw-p 00000000 00:00 0 
7f6874021000-7f6878000000 ---p 00000000 00:00 0 
7f6878000000-7f6878021000 rw-p 00000000 00:00 0 
7f6878021000-7f687c000000 ---p 00000000 00:00 0 
7f687dffc000-7f6880000000 rw-p 00000000 00:00 0 
7f6880000000-7f6880021000 rw-p 00000000 00:00 0 
7f6880021000-7f6884000000 ---p 00000000 00:00 0 
7f6884000000-7f6884021000 rw-p 00000000 00:00 0 
7f6884021000-7f6888000000 ---p 00000000 00:00 0 
7f6888000000-7f6888021000 rw-p 00000000 00:00 0 
7f6888021000-7f688c000000 ---p 00000000 00:00 0 
7f688c3fb000-7f688d3fd000 rw-p 00000000 00:00 0 
7f688d3fd000-7f688d5fd000 rw-s 13b50e000 00:07 481                       /dev/dri/renderD128
7f688d5fd000-7f688ee00000 rw-p 00000000 00:00 0 
7f688ee00000-7f688f001000 rw-s 00000000 103:03 9830425                   /home/ferrium/.cache/mesa_shader_cache/index
7f688f1ff000-7f688fa00000 rw-p 00000000 00:00 0 
7f688fa00000-7f6891994000 r--p 00000000 103:03 6179224                   /usr/lib/libicudata.so.78.3
7f6891994000-7f6891995000 r--p 01f93000 103:03 6179224                   /usr/lib/libicudata.so.78.3
7f6891a00000-7f6891f5b000 r--p 00000000 103:03 6162747                   /usr/lib/libLLVM.so.22.1
7f6891f5b000-7f6897c09000 r-xp 0055b000 103:03 6162747                   /usr/lib/libLLVM.so.22.1
7f6897c09000-7f689bb57000 r--p 06209000 103:03 6162747                   /usr/lib/libLLVM.so.22.1
7f689bb57000-7f689bd73000 r--p 0a157000 103:03 6162747                   /usr/lib/libLLVM.so.22.1
7f689bd73000-7f689bd7d000 rw-p 0a373000 103:03 6162747                   /usr/lib/libLLVM.so.22.1
7f689bd7d000-7f689be4d000 rw-p 00000000 00:00 0 
7f689c000000-7f689c01a000 r--p 00000000 103:03 6210500                   /usr/lib/libgallium-26.1.1-arch1.2.so
7f689c01a000-7f689dfd2000 r-xp 0001a000 103:03 6210500                   /usr/lib/libgallium-26.1.1-arch1.2.so
7f689dfd2000-7f689f1c2000 r--p 01fd2000 103:03 6210500                   /usr/lib/libgallium-26.1.1-arch1.2.so
7f689f1c2000-7f689f333000 r--p 031c2000 103:03 6210500                   /usr/lib/libgallium-26.1.1-arch1.2.so
7f689f333000-7f689f369000 rw-p 03333000 103:03 6210500                   /usr/lib/libgallium-26.1.1-arch1.2.so
7f689f369000-7f689f536000 rw-p 00000000 00:00 0 
7f689f628000-7f689f62d000 r--p 00000000 103:03 6167946                   /usr/lib/libblkid.so.1.1.0
7f689f62d000-7f689f656000 r-xp 00005000 103:03 6167946                   /usr/lib/libblkid.so.1.1.0
7f689f656000-7f689f661000 r--p 0002e000 103:03 6167946                   /usr/lib/libblkid.so.1.1.0
7f689f661000-7f689f667000 r--p 00038000 103:03 6167946                   /usr/lib/libblkid.so.1.1.0
7f689f667000-7f689f668000 rw-p 0003e000 103:03 6167946                   /usr/lib/libblkid.so.1.1.0
7f689f800000-7f689fa00000 rw-s 13a19e000 00:07 481                       /dev/dri/renderD128
7f689fa00000-7f689fa48000 r--p 00000000 103:03 6179247                   /usr/lib/libicuuc.so.78.3
7f689fa48000-7f689fb65000 r-xp 00048000 103:03 6179247                   /usr/lib/libicuuc.so.78.3
7f689fb65000-7f689fbf8000 r--p 00165000 103:03 6179247                   /usr/lib/libicuuc.so.78.3
7f689fbf8000-7f689fc0b000 r--p 001f8000 103:03 6179247                   /usr/lib/libicuuc.so.78.3
7f689fc0b000-7f689fc0c000 rw-p 0020b000 103:03 6179247                   /usr/lib/libicuuc.so.78.3
7f689fc0c000-7f689fc0e000 rw-p 00000000 00:00 0 
7f689fc10000-7f689fc12000 r--p 00000000 103:03 6204181                   /usr/lib/libdatrie.so.1.4.1
7f689fc12000-7f689fc16000 r-xp 00002000 103:03 6204181                   /usr/lib/libdatrie.so.1.4.1
7f689fc16000-7f689fc17000 r--p 00006000 103:03 6204181                   /usr/lib/libdatrie.so.1.4.1
7f689fc17000-7f689fc18000 r--p 00006000 103:03 6204181                   /usr/lib/libdatrie.so.1.4.1
7f689fc18000-7f689fc19000 rw-p 00007000 103:03 6204181                   /usr/lib/libdatrie.so.1.4.1
7f689fc19000-7f689fc1a000 r--p 00000000 103:03 6181788                   /usr/lib/libbrotlicommon.so.1.2.0
7f689fc1a000-7f689fc1b000 r-xp 00001000 103:03 6181788                   /usr/lib/libbrotlicommon.so.1.2.0
7f689fc1b000-7f689fc3a000 r--p 00002000 103:03 6181788                   /usr/lib/libbrotlicommon.so.1.2.0
7f689fc3a000-7f689fc3b000 r--p 00021000 103:03 6181788                   /usr/lib/libbrotlicommon.so.1.2.0
7f689fc3b000-7f689fc3c000 rw-p 00022000 103:03 6181788                   /usr/lib/libbrotlicommon.so.1.2.0
7f689fdd8000-7f689fdda000 r--p 00000000 103:03 6197681                   /usr/lib/libgraphite2.so.3.2.1
7f689fdda000-7f689fdf3000 r-xp 00002000 103:03 6197681                   /usr/lib/libgraphite2.so.3.2.1
7f689fdf3000-7f689fdf8000 r--p 0001b000 103:03 6197681                   /usr/lib/libgraphite2.so.3.2.1
7f689fdf8000-7f689fdfa000 r--p 0001f000 103:03 6197681                   /usr/lib/libgraphite2.so.3.2.1
7f689fdfa000-7f689fdfb000 rw-p 00021000 103:03 6197681                   /usr/lib/libgraphite2.so.3.2.1
7f689fdfb000-7f689fdfd000 r--p 00000000 103:03 6201403                   /usr/lib/libthai.so.0.3.2
7f689fdfd000-7f689fe01000 r-xp 00002000 103:03 6201403                   /usr/lib/libthai.so.0.3.2
7f689fe01000-7f689fe04000 r--p 00006000 103:03 6201403                   /usr/lib/libthai.so.0.3.2
7f689fe04000-7f689fe05000 r--p 00008000 103:03 6201403                   /usr/lib/libthai.so.0.3.2
7f689fe05000-7f689fe06000 rw-p 00009000 103:03 6201403                   /usr/lib/libthai.so.0.3.2
7f689fe06000-7f689fe10000 r--p 00000000 103:03 6167968                   /usr/lib/libmount.so.1.1.0
7f689fe10000-7f689fe4e000 r-xp 0000a000 103:03 6167968                   /usr/lib/libmount.so.1.1.0
7f689fe4e000-7f689fe5f000 r--p 00048000 103:03 6167968                   /usr/lib/libmount.so.1.1.0
7f689fe5f000-7f689fe61000 r--p 00059000 103:03 6167968                   /usr/lib/libmount.so.1.1.0
7f689fe61000-7f689fe62000 rw-p 0005b000 103:03 6167968                   /usr/lib/libmount.so.1.1.0
7f689fe62000-7f689fe64000 r--p 00000000 103:03 6197917                   /usr/lib/libXdmcp.so.6.0.0
7f689fe64000-7f689fe66000 r-xp 00002000 103:03 6197917                   /usr/lib/libXdmcp.so.6.0.0
7f689fe66000-7f689fe68000 r--p 00004000 103:03 6197917                   /usr/lib/libXdmcp.so.6.0.0
7f689fe68000-7f689fe69000 r--p 00005000 103:03 6197917                   /usr/lib/libXdmcp.so.6.0.0
7f689fe69000-7f689fe6a000 rw-p 00006000 103:03 6197917                   /usr/lib/libXdmcp.so.6.0.0
7f689fe6a000-7f689fe6b000 r--p 00000000 103:03 6197920                   /usr/lib/libXau.so.6.0.0
7f689fe6b000-7f689fe6c000 r-xp 00001000 103:03 6197920                   /usr/lib/libXau.so.6.0.0
7f689fe6c000-7f689fe6d000 r--p 00002000 103:03 6197920                   /usr/lib/libXau.so.6.0.0
7f689fe6d000-7f689fe6e000 r--p 00002000 103:03 6197920                   /usr/lib/libXau.so.6.0.0
7f689fe6e000-7f689fe6f000 rw-p 00003000 103:03 6197920                   /usr/lib/libXau.so.6.0.0
7f689fe6f000-7f689fe70000 r--p 00000000 103:03 6181792                   /usr/lib/libbrotlidec.so.1.2.0
7f689fe70000-7f689fe79000 r-xp 00001000 103:03 6181792                   /usr/lib/libbrotlidec.so.1.2.0
7f689fe79000-7f689fe7c000 r--p 0000a000 103:03 6181792                   /usr/lib/libbrotlidec.so.1.2.0
7f689fe7c000-7f689fe7d000 r--p 0000c000 103:03 6181792                   /usr/lib/libbrotlidec.so.1.2.0
7f689fe7d000-7f689fe7e000 rw-p 0000d000 103:03 6181792                   /usr/lib/libbrotlidec.so.1.2.0
7f689fe7e000-7f689fe81000 r--p 00000000 103:03 6178346                   /usr/lib/libpcre2-8.so.0.15.0
7f689fe81000-7f689feff000 r-xp 00003000 103:03 6178346                   /usr/lib/libpcre2-8.so.0.15.0
7f689feff000-7f689ff2a000 r--p 00081000 103:03 6178346                   /usr/lib/libpcre2-8.so.0.15.0
7f689ff2a000-7f689ff2b000 r--p 000ab000 103:03 6178346                   /usr/lib/libpcre2-8.so.0.15.0
7f689ff2b000-7f689ff2c000 rw-p 000ac000 103:03 6178346                   /usr/lib/libpcre2-8.so.0.15.0
7f68a0000000-7f68a01ad000 rw-p 00000000 00:00 0 
7f68a01ad000-7f68a4000000 ---p 00000000 00:00 0 
7f68a4000000-7f68a42a7000 rw-p 00000000 00:00 0 
7f68a42a7000-7f68a8000000 ---p 00000000 00:00 0 
7f68a8000000-7f68a8057000 rw-p 00000000 00:00 0 
7f68a8057000-7f68ac000000 ---p 00000000 00:00 0 
7f68ac000000-7f68ac2cf000 rw-p 00000000 00:00 0 
7f68ac2cf000-7f68b0000000 ---p 00000000 00:00 0 
7f68b0000000-7f68b0021000 rw-p 00000000 00:00 0 
7f68b0021000-7f68b4000000 ---p 00000000 00:00 0 
7f68b4000000-7f68b4037000 rw-p 00000000 00:00 0 
7f68b4037000-7f68b8000000 ---p 00000000 00:00 0 
7f68b8000000-7f68b8301000 rw-p 00000000 00:00 0 
7f68b8301000-7f68bc000000 ---p 00000000 00:00 0 
7f68bc000000-7f68bc021000 rw-p 00000000 00:00 0 
7f68bc021000-7f68c0000000 ---p 00000000 00:00 0 
7f68c0000000-7f68c0021000 rw-p 00000000 00:00 0 
7f68c0021000-7f68c4000000 ---p 00000000 00:00 0 
7f68c4000000-7f68c4021000 rw-p 00000000 00:00 0 
7f68c4021000-7f68c8000000 ---p 00000000 00:00 0 
7f68c8000000-7f68c82ca000 rw-p 00000000 00:00 0 
7f68c82ca000-7f68cc000000 ---p 00000000 00:00 0 
7f68cc000000-7f68cc42c000 rw-p 00000000 00:00 0 
7f68cc42c000-7f68d0000000 ---p 00000000 00:00 0 
7f68d0000000-7f68d0021000 rw-p 00000000 00:00 0 
7f68d0021000-7f68d4000000 ---p 00000000 00:00 0 
7f68d4000000-7f68d48e4000 rw-p 00000000 00:00 0 
7f68d48e4000-7f68d8000000 ---p 00000000 00:00 0 
7f68d8000000-7f68d8021000 rw-p 00000000 00:00 0 
7f68d8021000-7f68dc000000 ---p 00000000 00:00 0 
7f68dc000000-7f68dc021000 rw-p 00000000 00:00 0 
7f68dc021000-7f68e0000000 ---p 00000000 00:00 0 
7f68e0000000-7f68e0300000 rw-p 00000000 00:00 0 
7f68e0300000-7f68e0400000 ---p 00000000 00:00 0 
7f68e0400000-7f68e0680000 rw-p 00000000 00:00 0 
7f68e0680000-7f68e4000000 ---p 00000000 00:00 0 
7f68e4000000-7f68e4021000 rw-p 00000000 00:00 0 
7f68e4021000-7f68e8000000 ---p 00000000 00:00 0 
7f68e8000000-7f68e8021000 rw-p 00000000 00:00 0 
7f68e8021000-7f68ec000000 ---p 00000000 00:00 0 
7f68ec000000-7f68ec021000 rw-p 00000000 00:00 0 
7f68ec021000-7f68f0000000 ---p 00000000 00:00 0 
7f68f0000000-7f68f0021000 rw-p 00000000 00:00 0 
7f68f0021000-7f68f4000000 ---p 00000000 00:00 0 
7f68f4000000-7f68f4021000 rw-p 00000000 00:00 0 
7f68f4021000-7f68f8000000 ---p 00000000 00:00 0 
7f68f8000000-7f68f8021000 rw-p 00000000 00:00 0 
7f68f8021000-7f68fc000000 ---p 00000000 00:00 0 
7f68fc000000-7f68fc021000 rw-p 00000000 00:00 0 
7f68fc021000-7f6900000000 ---p 00000000 00:00 0 
7f6900000000-7f6900021000 rw-p 00000000 00:00 0 
7f6900021000-7f6904000000 ---p 00000000 00:00 0 
7f6904000000-7f6904021000 rw-p 00000000 00:00 0 
7f6904021000-7f6908000000 ---p 00000000 00:00 0 
7f6908000000-7f6908021000 rw-p 00000000 00:00 0 
7f6908021000-7f690c000000 ---p 00000000 00:00 0 
7f690c000000-7f690c002000 r--p 00000000 103:03 6178096                   /usr/lib/libbz2.so.1.0.8
7f690c002000-7f690c00f000 r-xp 00002000 103:03 6178096                   /usr/lib/libbz2.so.1.0.8
7f690c00f000-7f690c011000 r--p 0000f000 103:03 6178096                   /usr/lib/libbz2.so.1.0.8
7f690c011000-7f690c012000 r--p 00010000 103:03 6178096                   /usr/lib/libbz2.so.1.0.8
7f690c012000-7f690c013000 rw-p 00011000 103:03 6178096                   /usr/lib/libbz2.so.1.0.8
7f690c013000-7f690c015000 r--p 00000000 103:03 6185558                   /usr/lib/libexpat.so.1.12.1
7f690c015000-7f690c035000 r-xp 00002000 103:03 6185558                   /usr/lib/libexpat.so.1.12.1
7f690c035000-7f690c03d000 r--p 00022000 103:03 6185558                   /usr/lib/libexpat.so.1.12.1
7f690c03d000-7f690c03f000 r--p 0002a000 103:03 6185558                   /usr/lib/libexpat.so.1.12.1
7f690c03f000-7f690c040000 rw-p 0002c000 103:03 6185558                   /usr/lib/libexpat.so.1.12.1
7f690c1c8000-7f690c1d5000 r--p 00000000 103:03 6164706                   /usr/lib/libncursesw.so.6.6
7f690c1d5000-7f690c21d000 r-xp 0000d000 103:03 6164706                   /usr/lib/libncursesw.so.6.6
7f690c21d000-7f690c233000 r--p 00055000 103:03 6164706                   /usr/lib/libncursesw.so.6.6
7f690c233000-7f690c238000 r--p 0006a000 103:03 6164706                   /usr/lib/libncursesw.so.6.6
7f690c238000-7f690c239000 rw-p 0006f000 103:03 6164706                   /usr/lib/libncursesw.so.6.6
7f690c239000-7f690c246000 r--p 00000000 103:03 6192012                   /usr/lib/libharfbuzz.so.0.61420.0
7f690c246000-7f690c338000 r-xp 0000d000 103:03 6192012                   /usr/lib/libharfbuzz.so.0.61420.0
7f690c338000-7f690c369000 r--p 000ff000 103:03 6192012                   /usr/lib/libharfbuzz.so.0.61420.0
7f690c369000-7f690c36b000 r--p 0012f000 103:03 6192012                   /usr/lib/libharfbuzz.so.0.61420.0
7f690c36b000-7f690c36c000 rw-p 00131000 103:03 6192012                   /usr/lib/libharfbuzz.so.0.61420.0
7f690c36c000-7f690c37a000 r--p 00000000 103:03 6204283                   /usr/lib/libpango-1.0.so.0.5701.0
7f690c37a000-7f690c3b8000 r-xp 0000e000 103:03 6204283                   /usr/lib/libpango-1.0.so.0.5701.0
7f690c3b8000-7f690c3d2000 r--p 0004c000 103:03 6204283                   /usr/lib/libpango-1.0.so.0.5701.0
7f690c3d2000-7f690c3d6000 r--p 00065000 103:03 6204283                   /usr/lib/libpango-1.0.so.0.5701.0
7f690c3d6000-7f690c3d7000 rw-p 00069000 103:03 6204283                   /usr/lib/libpango-1.0.so.0.5701.0
7f690c3d7000-7f690c409000 r--p 00000000 103:03 6184545                   /usr/lib/libgio-2.0.so.0.8800.1
7f690c409000-7f690c538000 r-xp 00032000 103:03 6184545                   /usr/lib/libgio-2.0.so.0.8800.1
7f690c538000-7f690c5b9000 r--p 00161000 103:03 6184545                   /usr/lib/libgio-2.0.so.0.8800.1
7f690c5b9000-7f690c5c2000 r--p 001e1000 103:03 6184545                   /usr/lib/libgio-2.0.so.0.8800.1
7f690c5c2000-7f690c5c3000 rw-p 001ea000 103:03 6184545                   /usr/lib/libgio-2.0.so.0.8800.1
7f690c5c3000-7f690c5c5000 rw-p 00000000 00:00 0 
7f690c5c5000-7f690c5da000 r--p 00000000 103:03 6162870                   /usr/lib/libsystemd.so.0.43.0
7f690c5da000-7f690c6a0000 r-xp 00015000 103:03 6162870                   /usr/lib/libsystemd.so.0.43.0
7f690c6a0000-7f690c6e4000 r--p 000db000 103:03 6162870                   /usr/lib/libsystemd.so.0.43.0
7f690c6e4000-7f690c6ed000 r--p 0011f000 103:03 6162870                   /usr/lib/libsystemd.so.0.43.0
7f690c6ed000-7f690c6ee000 rw-p 00128000 103:03 6162870                   /usr/lib/libsystemd.so.0.43.0
7f690c6ee000-7f690c6ef000 rw-p 00000000 00:00 0 
7f690c6ef000-7f690c6f4000 r--p 00000000 103:03 6202691                   /usr/lib/libpixman-1.so.0.46.4
7f690c6f4000-7f690c785000 r-xp 00005000 103:03 6202691                   /usr/lib/libpixman-1.so.0.46.4
7f690c785000-7f690c795000 r--p 00096000 103:03 6202691                   /usr/lib/libpixman-1.so.0.46.4
7f690c795000-7f690c79d000 r--p 000a6000 103:03 6202691                   /usr/lib/libpixman-1.so.0.46.4
7f690c79d000-7f690c79e000 rw-p 000ae000 103:03 6202691                   /usr/lib/libpixman-1.so.0.46.4
7f690c79e000-7f690c7b5000 r--p 00000000 103:03 6200352                   /usr/lib/libX11.so.6.4.0
7f690c7b5000-7f690c84a000 r-xp 00017000 103:03 6200352                   /usr/lib/libX11.so.6.4.0
7f690c84a000-7f690c8d9000 r--p 000ac000 103:03 6200352                   /usr/lib/libX11.so.6.4.0
7f690c8d9000-7f690c8dc000 r--p 0013a000 103:03 6200352                   /usr/lib/libX11.so.6.4.0
7f690c8dc000-7f690c8e0000 rw-p 0013d000 103:03 6200352                   /usr/lib/libX11.so.6.4.0
7f690c8e0000-7f690c8e6000 r--p 00000000 103:03 6162855                   /usr/lib/libfreetype.so.6.20.6
7f690c8e6000-7f690c97e000 r-xp 00006000 103:03 6162855                   /usr/lib/libfreetype.so.6.20.6
7f690c97e000-7f690c9a7000 r--p 0009e000 103:03 6162855                   /usr/lib/libfreetype.so.6.20.6
7f690c9a7000-7f690c9af000 r--p 000c6000 103:03 6162855                   /usr/lib/libfreetype.so.6.20.6
7f690c9af000-7f690c9b0000 rw-p 000ce000 103:03 6162855                   /usr/lib/libfreetype.so.6.20.6
7f690c9b0000-7f690c9ce000 r--p 00000000 103:03 6184567                   /usr/lib/libglib-2.0.so.0.8800.1
7f690c9ce000-7f690ca7c000 r-xp 0001e000 103:03 6184567                   /usr/lib/libglib-2.0.so.0.8800.1
7f690ca7c000-7f690cb10000 r--p 000cc000 103:03 6184567                   /usr/lib/libglib-2.0.so.0.8800.1
7f690cb10000-7f690cb11000 r--p 00160000 103:03 6184567                   /usr/lib/libglib-2.0.so.0.8800.1
7f690cb11000-7f690cb12000 rw-p 00161000 103:03 6184567                   /usr/lib/libglib-2.0.so.0.8800.1
7f690cb12000-7f690cb13000 rw-p 00000000 00:00 0 
7f690cb7a000-7f690cb7c000 r--p 00000000 103:03 6197849                   /usr/lib/libpciaccess.so.0.11.1
7f690cb7c000-7f690cb81000 r-xp 00002000 103:03 6197849                   /usr/lib/libpciaccess.so.0.11.1
7f690cb81000-7f690cb83000 r--p 00007000 103:03 6197849                   /usr/lib/libpciaccess.so.0.11.1
7f690cb83000-7f690cb84000 r--p 00008000 103:03 6197849                   /usr/lib/libpciaccess.so.0.11.1
7f690cb84000-7f690cb85000 rw-p 00009000 103:03 6197849                   /usr/lib/libpciaccess.so.0.11.1
7f690cb85000-7f690cb9f000 r--p 00000000 103:03 6162734                   /usr/lib/libxml2.so.16.1.3
7f690cb9f000-7f690cc73000 r-xp 0001a000 103:03 6162734                   /usr/lib/libxml2.so.16.1.3
7f690cc73000-7f690ccb0000 r--p 000ee000 103:03 6162734                   /usr/lib/libxml2.so.16.1.3
7f690ccb0000-7f690ccb9000 r--p 0012b000 103:03 6162734                   /usr/lib/libxml2.so.16.1.3
7f690ccb9000-7f690ccba000 rw-p 00134000 103:03 6162734                   /usr/lib/libxml2.so.16.1.3
7f690ccba000-7f690ccbb000 rw-p 00000000 00:00 0 
7f690ccbb000-7f690ccc1000 r--p 00000000 103:03 6162629                   /usr/lib/libedit.so.0.0.78
7f690ccc1000-7f690cce3000 r-xp 00006000 103:03 6162629                   /usr/lib/libedit.so.0.0.78
7f690cce3000-7f690ccf0000 r--p 00028000 103:03 6162629                   /usr/lib/libedit.so.0.0.78
7f690ccf0000-7f690ccf3000 r--p 00034000 103:03 6162629                   /usr/lib/libedit.so.0.0.78
7f690ccf3000-7f690ccf4000 rw-p 00037000 103:03 6162629                   /usr/lib/libedit.so.0.0.78
7f690ccf4000-7f690ccf7000 rw-p 00000000 00:00 0 
7f690ccf7000-7f690ccfa000 r--p 00000000 103:03 6168390                   /usr/lib/libdrm_intel.so.1.133.0
7f690ccfa000-7f690cd11000 r-xp 00003000 103:03 6168390                   /usr/lib/libdrm_intel.so.1.133.0
7f690cd11000-7f690cd1b000 r--p 0001a000 103:03 6168390                   /usr/lib/libdrm_intel.so.1.133.0
7f690cd1b000-7f690cd1c000 r--p 00023000 103:03 6168390                   /usr/lib/libdrm_intel.so.1.133.0
7f690cd1c000-7f690cd1d000 rw-p 00024000 103:03 6168390                   /usr/lib/libdrm_intel.so.1.133.0
7f690cd1d000-7f690cd20000 r--p 00000000 103:03 6163860                   /usr/lib/libdrm_amdgpu.so.1.133.0
7f690cd20000-7f690cd26000 r-xp 00003000 103:03 6163860                   /usr/lib/libdrm_amdgpu.so.1.133.0
7f690cd26000-7f690cd28000 r--p 00009000 103:03 6163860                   /usr/lib/libdrm_amdgpu.so.1.133.0
7f690cd28000-7f690cd29000 r--p 0000a000 103:03 6163860                   /usr/lib/libdrm_amdgpu.so.1.133.0
7f690cd29000-7f690cd2a000 rw-p 0000b000 103:03 6163860                   /usr/lib/libdrm_amdgpu.so.1.133.0
7f690cd2a000-7f690cd2d000 r--p 00000000 103:03 6182543                   /usr/lib/libelf-0.195.so
7f690cd2d000-7f690cd41000 r-xp 00003000 103:03 6182543                   /usr/lib/libelf-0.195.so
7f690cd41000-7f690cd45000 r--p 00017000 103:03 6182543                   /usr/lib/libelf-0.195.so
7f690cd45000-7f690cd46000 r--p 0001b000 103:03 6182543                   /usr/lib/libelf-0.195.so
7f690cd46000-7f690cd47000 rw-p 0001c000 103:03 6182543                   /usr/lib/libelf-0.195.so
7f690cd47000-7f690cd48000 r--p 00000000 103:03 6201226                   /usr/lib/libxshmfence.so.1.0.0
7f690cd48000-7f690cd49000 r-xp 00001000 103:03 6201226                   /usr/lib/libxshmfence.so.1.0.0
7f690cd49000-7f690cd4a000 r--p 00002000 103:03 6201226                   /usr/lib/libxshmfence.so.1.0.0
7f690cd4a000-7f690cd4b000 r--p 00002000 103:03 6201226                   /usr/lib/libxshmfence.so.1.0.0
7f690cd4b000-7f690cd4c000 rw-p 00003000 103:03 6201226                   /usr/lib/libxshmfence.so.1.0.0
7f690cd4c000-7f690cd4f000 r--p 00000000 103:03 6197978                   /usr/lib/libxcb-sync.so.1.0.0
7f690cd4f000-7f690cd52000 r-xp 00003000 103:03 6197978                   /usr/lib/libxcb-sync.so.1.0.0
7f690cd52000-7f690cd53000 r--p 00006000 103:03 6197978                   /usr/lib/libxcb-sync.so.1.0.0
7f690cd53000-7f690cd54000 r--p 00007000 103:03 6197978                   /usr/lib/libxcb-sync.so.1.0.0
7f690cd54000-7f690cd55000 rw-p 00008000 103:03 6197978                   /usr/lib/libxcb-sync.so.1.0.0
7f690cd55000-7f690cd57000 r--p 00000000 103:03 6201323                   /usr/lib/libsensors.so.5.0.0
7f690cd57000-7f690cd5f000 r-xp 00002000 103:03 6201323                   /usr/lib/libsensors.so.5.0.0
7f690cd5f000-7f690cd63000 r--p 0000a000 103:03 6201323                   /usr/lib/libsensors.so.5.0.0
7f690cd63000-7f690cd64000 r--p 0000e000 103:03 6201323                   /usr/lib/libsensors.so.5.0.0
7f690cd64000-7f690cd65000 rw-p 0000f000 103:03 6201323                   /usr/lib/libsensors.so.5.0.0
7f690cd65000-7f690cd7c000 r--p 00000000 103:03 6197391                   /usr/lib/libSPIRV-Tools.so
7f690cd7c000-7f690cea8000 r-xp 00017000 103:03 6197391                   /usr/lib/libSPIRV-Tools.so
7f690cea8000-7f690cf2a000 r--p 00143000 103:03 6197391                   /usr/lib/libSPIRV-Tools.so
7f690cf2a000-7f690cf2d000 r--p 001c5000 103:03 6197391                   /usr/lib/libSPIRV-Tools.so
7f690cf2d000-7f690cf2e000 rw-p 001c8000 103:03 6197391                   /usr/lib/libSPIRV-Tools.so
7f690cf2e000-7f690cf3a000 r--p 00000000 103:03 6176291                   /usr/lib/libzstd.so.1.5.7
7f690cf3a000-7f690d001000 r-xp 0000c000 103:03 6176291                   /usr/lib/libzstd.so.1.5.7
7f690d001000-7f690d012000 r--p 000d3000 103:03 6176291                   /usr/lib/libzstd.so.1.5.7
7f690d012000-7f690d013000 r--p 000e4000 103:03 6176291                   /usr/lib/libzstd.so.1.5.7
7f690d013000-7f690d014000 rw-p 000e5000 103:03 6176291                   /usr/lib/libzstd.so.1.5.7
7f690d014000-7f690d015000 r--p 00000000 103:03 6197954                   /usr/lib/libxcb-present.so.0.0.0
7f690d015000-7f690d016000 r-xp 00001000 103:03 6197954                   /usr/lib/libxcb-present.so.0.0.0
7f690d016000-7f690d017000 r--p 00002000 103:03 6197954                   /usr/lib/libxcb-present.so.0.0.0
7f690d017000-7f690d018000 r--p 00002000 103:03 6197954                   /usr/lib/libxcb-present.so.0.0.0
7f690d018000-7f690d019000 rw-p 00003000 103:03 6197954                   /usr/lib/libxcb-present.so.0.0.0
7f690d019000-7f690d01b000 r--p 00000000 103:03 6197948                   /usr/lib/libxcb-dri3.so.0.1.0
7f690d01b000-7f690d01d000 r-xp 00002000 103:03 6197948                   /usr/lib/libxcb-dri3.so.0.1.0
7f690d01d000-7f690d01e000 r--p 00004000 103:03 6197948                   /usr/lib/libxcb-dri3.so.0.1.0
7f690d01e000-7f690d01f000 r--p 00004000 103:03 6197948                   /usr/lib/libxcb-dri3.so.0.1.0
7f690d01f000-7f690d020000 rw-p 00005000 103:03 6197948                   /usr/lib/libxcb-dri3.so.0.1.0
7f690d020000-7f690d025000 r--p 00000000 103:03 6163835                   /usr/lib/libdrm.so.2.133.0
7f690d025000-7f690d031000 r-xp 00005000 103:03 6163835                   /usr/lib/libdrm.so.2.133.0
7f690d031000-7f690d035000 r--p 00011000 103:03 6163835                   /usr/lib/libdrm.so.2.133.0
7f690d035000-7f690d036000 r--p 00015000 103:03 6163835                   /usr/lib/libdrm.so.2.133.0
7f690d036000-7f690d037000 rw-p 00016000 103:03 6163835                   /usr/lib/libdrm.so.2.133.0
7f690d037000-7f690d03a000 r--p 00000000 103:03 6197984                   /usr/lib/libxcb-xfixes.so.0.0.0
7f690d03a000-7f690d03d000 r-xp 00003000 103:03 6197984                   /usr/lib/libxcb-xfixes.so.0.0.0
7f690d03d000-7f690d03e000 r--p 00006000 103:03 6197984                   /usr/lib/libxcb-xfixes.so.0.0.0
7f690d03e000-7f690d03f000 r--p 00007000 103:03 6197984                   /usr/lib/libxcb-xfixes.so.0.0.0
7f690d03f000-7f690d040000 rw-p 00008000 103:03 6197984                   /usr/lib/libxcb-xfixes.so.0.0.0
7f690d040000-7f690d047000 r--p 00000000 103:03 6197957                   /usr/lib/libxcb-randr.so.0.1.0
7f690d047000-7f690d04d000 r-xp 00007000 103:03 6197957                   /usr/lib/libxcb-randr.so.0.1.0
7f690d04d000-7f690d050000 r--p 0000d000 103:03 6197957                   /usr/lib/libxcb-randr.so.0.1.0
7f690d050000-7f690d051000 r--p 00010000 103:03 6197957                   /usr/lib/libxcb-randr.so.0.1.0
7f690d051000-7f690d052000 rw-p 00011000 103:03 6197957                   /usr/lib/libxcb-randr.so.0.1.0
7f690d052000-7f690d058000 r--p 00000000 103:03 6182626                   /usr/lib/libEGL_mesa.so.0.0.0
7f690d058000-7f690d092000 r-xp 00006000 103:03 6182626                   /usr/lib/libEGL_mesa.so.0.0.0
7f690d092000-7f690d0a4000 r--p 00040000 103:03 6182626                   /usr/lib/libEGL_mesa.so.0.0.0
7f690d0a4000-7f690d0b1000 r--p 00052000 103:03 6182626                   /usr/lib/libEGL_mesa.so.0.0.0
7f690d0b1000-7f690d0b2000 rw-p 0005f000 103:03 6182626                   /usr/lib/libEGL_mesa.so.0.0.0
7f690d0b2000-7f690d0b3000 rw-p 00000000 00:00 0 
7f690d0b3000-7f690d0b5000 r--p 00000000 103:03 6201422                   /usr/lib/libGLdispatch.so.0.0.0
7f690d0b5000-7f690d0f4000 r-xp 00002000 103:03 6201422                   /usr/lib/libGLdispatch.so.0.0.0
7f690d0f4000-7f690d107000 r--p 00041000 103:03 6201422                   /usr/lib/libGLdispatch.so.0.0.0
7f690d107000-7f690d123000 r--p 00054000 103:03 6201422                   /usr/lib/libGLdispatch.so.0.0.0
7f690d123000-7f690d124000 rw-p 00070000 103:03 6201422                   /usr/lib/libGLdispatch.so.0.0.0
7f690d124000-7f690d12c000 rw-p 00000000 00:00 0 
7f690d155000-7f690d245000 rw-s 00000000 00:01 27638                      /memfd:wayland-cursor (deleted)
7f690d245000-7f690d315000 rw-s 00000000 00:01 27637                      /memfd:wayland-cursor (deleted)
7f690d315000-7f690d317000 r--p 00000000 103:03 6202726                   /usr/lib/libfribidi.so.0.4.0
7f690d317000-7f690d31c000 r-xp 00002000 103:03 6202726                   /usr/lib/libfribidi.so.0.4.0
7f690d31c000-7f690d333000 r--p 00007000 103:03 6202726                   /usr/lib/libfribidi.so.0.4.0
7f690d333000-7f690d334000 r--p 0001d000 103:03 6202726                   /usr/lib/libfribidi.so.0.4.0
7f690d334000-7f690d335000 rw-p 0001e000 103:03 6202726                   /usr/lib/libfribidi.so.0.4.0
7f690d335000-7f690d33d000 r--p 00000000 103:03 6204291                   /usr/lib/libpangoft2-1.0.so.0.5701.0
7f690d33d000-7f690d34c000 r-xp 00008000 103:03 6204291                   /usr/lib/libpangoft2-1.0.so.0.5701.0
7f690d34c000-7f690d351000 r--p 00017000 103:03 6204291                   /usr/lib/libpangoft2-1.0.so.0.5701.0
7f690d351000-7f690d352000 r--p 0001c000 103:03 6204291                   /usr/lib/libpangoft2-1.0.so.0.5701.0
7f690d352000-7f690d353000 rw-p 0001d000 103:03 6204291                   /usr/lib/libpangoft2-1.0.so.0.5701.0
7f690d353000-7f690d358000 r--p 00000000 103:03 6204287                   /usr/lib/libpangocairo-1.0.so.0.5701.0
7f690d358000-7f690d360000 r-xp 00005000 103:03 6204287                   /usr/lib/libpangocairo-1.0.so.0.5701.0
7f690d360000-7f690d362000 r--p 0000d000 103:03 6204287                   /usr/lib/libpangocairo-1.0.so.0.5701.0
7f690d362000-7f690d363000 r--p 0000f000 103:03 6204287                   /usr/lib/libpangocairo-1.0.so.0.5701.0
7f690d363000-7f690d364000 rw-p 00010000 103:03 6204287                   /usr/lib/libpangocairo-1.0.so.0.5701.0
7f690d364000-7f690d366000 r--p 00000000 103:03 6184572                   /usr/lib/libgmodule-2.0.so.0.8800.1
7f690d366000-7f690d368000 r-xp 00002000 103:03 6184572                   /usr/lib/libgmodule-2.0.so.0.8800.1
7f690d368000-7f690d369000 r--p 00004000 103:03 6184572                   /usr/lib/libgmodule-2.0.so.0.8800.1
7f690d369000-7f690d36a000 r--p 00004000 103:03 6184572                   /usr/lib/libgmodule-2.0.so.0.8800.1
7f690d36a000-7f690d36b000 rw-p 00005000 103:03 6184572                   /usr/lib/libgmodule-2.0.so.0.8800.1
7f690d36b000-7f690d371000 r--p 00000000 103:03 6197430                   /usr/lib/libfontconfig.so.1.16.0
7f690d371000-7f690d3a2000 r-xp 00006000 103:03 6197430                   /usr/lib/libfontconfig.so.1.16.0
7f690d3a2000-7f690d3b9000 r--p 00037000 103:03 6197430                   /usr/lib/libfontconfig.so.1.16.0
7f690d3b9000-7f690d3bb000 r--p 0004d000 103:03 6197430                   /usr/lib/libfontconfig.so.1.16.0
7f690d3bb000-7f690d3bc000 rw-p 0004f000 103:03 6197430                   /usr/lib/libfontconfig.so.1.16.0
7f690d3bc000-7f690d3ca000 r--p 00000000 103:03 6202702                   /usr/lib/libcairo.so.2.11804.4
7f690d3ca000-7f690d4bd000 r-xp 0000e000 103:03 6202702                   /usr/lib/libcairo.so.2.11804.4
7f690d4bd000-7f690d4f2000 r--p 00101000 103:03 6202702                   /usr/lib/libcairo.so.2.11804.4
7f690d4f2000-7f690d4f6000 r--p 00136000 103:03 6202702                   /usr/lib/libcairo.so.2.11804.4
7f690d4f6000-7f690d4f8000 rw-p 0013a000 103:03 6202702                   /usr/lib/libcairo.so.2.11804.4
7f690d4f8000-7f690d4f9000 rw-p 00000000 00:00 0 
7f690d4f9000-7f690d4fa000 rw-p 00000000 00:00 0 
7f690d4fa000-7f690d4fe000 ---p 00000000 00:00 0 
7f690d4fe000-7f690d5fb000 rw-p 00000000 00:00 0 
7f690d5fb000-7f690d5ff000 ---p 00000000 00:00 0 
7f690d5ff000-7f690d6fc000 rw-p 00000000 00:00 0 
7f690d6fc000-7f690d700000 ---p 00000000 00:00 0 
7f690d700000-7f690d7fd000 rw-p 00000000 00:00 0 
7f690d7fd000-7f690d801000 ---p 00000000 00:00 0 
7f690d801000-7f690d8fe000 rw-p 00000000 00:00 0 
7f690d8fe000-7f690d902000 ---p 00000000 00:00 0 
7f690d902000-7f690d9ff000 rw-p 00000000 00:00 0 
7f690d9ff000-7f690da03000 ---p 00000000 00:00 0 
7f690da03000-7f690dc00000 rw-p 00000000 00:00 0 
7f690dc00000-7f690fc00000 rw-p 00000000 00:00 0 
7f690fc02000-7f690fc08000 r--p 00000000 103:03 6197963                   /usr/lib/libxcb-render.so.0.0.0
7f690fc08000-7f690fc0d000 r-xp 00006000 103:03 6197963                   /usr/lib/libxcb-render.so.0.0.0
7f690fc0d000-7f690fc0f000 r--p 0000b000 103:03 6197963                   /usr/lib/libxcb-render.so.0.0.0
7f690fc0f000-7f690fc10000 r--p 0000d000 103:03 6197963                   /usr/lib/libxcb-render.so.0.0.0
7f690fc10000-7f690fc11000 rw-p 0000e000 103:03 6197963                   /usr/lib/libxcb-render.so.0.0.0
7f690fc11000-7f690fc1d000 r--p 00000000 103:03 6198005                   /usr/lib/libxcb.so.1.1.0
7f690fc1d000-7f690fc31000 r-xp 0000c000 103:03 6198005                   /usr/lib/libxcb.so.1.1.0
7f690fc31000-7f690fc3a000 r--p 00020000 103:03 6198005                   /usr/lib/libxcb.so.1.1.0
7f690fc3a000-7f690fc3b000 r--p 00028000 103:03 6198005                   /usr/lib/libxcb.so.1.1.0
7f690fc3b000-7f690fc3c000 rw-p 00029000 103:03 6198005                   /usr/lib/libxcb.so.1.1.0
7f690fc3c000-7f690fc3e000 r--p 00000000 103:03 6202681                   /usr/lib/libXrender.so.1.3.0
7f690fc3e000-7f690fc45000 r-xp 00002000 103:03 6202681                   /usr/lib/libXrender.so.1.3.0
7f690fc45000-7f690fc46000 r--p 00009000 103:03 6202681                   /usr/lib/libXrender.so.1.3.0
7f690fc46000-7f690fc47000 r--p 00009000 103:03 6202681                   /usr/lib/libXrender.so.1.3.0
7f690fc47000-7f690fc48000 rw-p 0000a000 103:03 6202681                   /usr/lib/libXrender.so.1.3.0
7f690fc48000-7f690fc54000 r--p 00000000 103:03 6184577                   /usr/lib/libgobject-2.0.so.0.8800.1
7f690fc54000-7f690fc8d000 r-xp 0000c000 103:03 6184577                   /usr/lib/libgobject-2.0.so.0.8800.1
7f690fc8d000-7f690fca7000 r--p 00045000 103:03 6184577                   /usr/lib/libgobject-2.0.so.0.8800.1
7f690fca7000-7f690fcaa000 r--p 0005e000 103:03 6184577                   /usr/lib/libgobject-2.0.so.0.8800.1
7f690fcaa000-7f690fcab000 rw-p 00061000 103:03 6184577                   /usr/lib/libgobject-2.0.so.0.8800.1
7f690fcab000-7f690fcb9000 r--p 00000000 103:03 6185611                   /usr/lib/libdbus-1.so.3.38.3
7f690fcb9000-7f690fcea000 r-xp 0000e000 103:03 6185611                   /usr/lib/libdbus-1.so.3.38.3
7f690fcea000-7f690fcfb000 r--p 0003f000 103:03 6185611                   /usr/lib/libdbus-1.so.3.38.3
7f690fcfb000-7f690fcfd000 r--p 0004f000 103:03 6185611                   /usr/lib/libdbus-1.so.3.38.3
7f690fcfd000-7f690fcfe000 rw-p 00051000 103:03 6185611                   /usr/lib/libdbus-1.so.3.38.3
7f690fcfe000-7f690fcff000 rw-p 00000000 00:00 0 
7f690fcff000-7f690fd03000 ---p 00000000 00:00 0 
7f690fd03000-7f690fdff000 rw-p 00000000 00:00 0 
7f690fdff000-7f691006f000 rwxp 00000000 00:00 0 
7f691006f000-7f691725f000 ---p 00000000 00:00 0 
7f691725f000-7f69176bf000 rwxp 00000000 00:00 0 
7f69176bf000-7f69179a0000 ---p 00000000 00:00 0 
7f69179a0000-7f6917c10000 rwxp 00000000 00:00 0 
7f6917c10000-7f691ee00000 ---p 00000000 00:00 0 
7f691ee00000-7f6927e02000 r--s 00000000 103:03 6718779                   /usr/lib/jvm/java-26-openjdk/lib/modules
7f6927e04000-7f6927e08000 r--p 00000000 103:03 6201649                   /usr/lib/libxkbcommon.so.0.13.1
7f6927e08000-7f6927e36000 r-xp 00004000 103:03 6201649                   /usr/lib/libxkbcommon.so.0.13.1
7f6927e36000-7f6927e5e000 r--p 00032000 103:03 6201649                   /usr/lib/libxkbcommon.so.0.13.1
7f6927e5e000-7f6927e60000 r--p 0005a000 103:03 6201649                   /usr/lib/libxkbcommon.so.0.13.1
7f6927e60000-7f6927e61000 rw-p 0005c000 103:03 6201649                   /usr/lib/libxkbcommon.so.0.13.1
7f6927e61000-7f6927e86000 r-xp 00000000 00:2c 702                        /tmp/lwjgl_ferrium/3.4.1+2/x64/libglfw.so
7f6927e86000-7f6927ed5000 r--p 00025000 00:2c 702                        /tmp/lwjgl_ferrium/3.4.1+2/x64/libglfw.so
7f6927ed5000-7f6927ed9000 r--p 00074000 00:2c 702                        /tmp/lwjgl_ferrium/3.4.1+2/x64/libglfw.so
7f6927ed9000-7f6927edc000 rw-p 00078000 00:2c 702                        /tmp/lwjgl_ferrium/3.4.1+2/x64/libglfw.so
7f6927edc000-7f6927eff000 rw-p 00000000 00:00 0 
7f6927eff000-7f6927f00000 rw-p 00000000 00:00 0 
7f6927f00000-7f6927f04000 ---p 00000000 00:00 0 
7f6927f04000-7f6928000000 rw-p 00000000 00:00 0 
7f6928000000-7f6928a06000 rw-p 00000000 00:00 0 
7f6928a06000-7f692c000000 ---p 00000000 00:00 0 
7f692c002000-7f692c006000 r--p 00000000 103:03 6191887                   /usr/lib/libXext.so.6.4.0
7f692c006000-7f692c011000 r-xp 00004000 103:03 6191887                   /usr/lib/libXext.so.6.4.0
7f692c011000-7f692c014000 r--p 0000f000 103:03 6191887                   /usr/lib/libXext.so.6.4.0
7f692c014000-7f692c015000 r--p 00011000 103:03 6191887                   /usr/lib/libXext.so.6.4.0
7f692c015000-7f692c016000 rw-p 00012000 103:03 6191887                   /usr/lib/libXext.so.6.4.0
7f692c016000-7f692c01c000 r--p 00000000 103:03 6184552                   /usr/lib/libpng16.so.16.58.0
7f692c01c000-7f692c046000 r-xp 00006000 103:03 6184552                   /usr/lib/libpng16.so.16.58.0
7f692c046000-7f692c04f000 r--p 00030000 103:03 6184552                   /usr/lib/libpng16.so.16.58.0
7f692c04f000-7f692c050000 r--p 00039000 103:03 6184552                   /usr/lib/libpng16.so.16.58.0
7f692c050000-7f692c051000 rw-p 0003a000 103:03 6184552                   /usr/lib/libpng16.so.16.58.0
7f692c053000-7f692c054000 r--p 00000000 103:03 6200346                   /usr/lib/libX11-xcb.so.1.0.0
7f692c054000-7f692c055000 r-xp 00001000 103:03 6200346                   /usr/lib/libX11-xcb.so.1.0.0
7f692c055000-7f692c056000 r--p 00002000 103:03 6200346                   /usr/lib/libX11-xcb.so.1.0.0
7f692c056000-7f692c057000 r--p 00002000 103:03 6200346                   /usr/lib/libX11-xcb.so.1.0.0
7f692c057000-7f692c058000 rw-p 00003000 103:03 6200346                   /usr/lib/libX11-xcb.so.1.0.0
7f692c058000-7f692c05a000 r--p 00000000 103:03 6201410                   /usr/lib/libEGL.so.1.1.0
7f692c05a000-7f692c064000 r-xp 00002000 103:03 6201410                   /usr/lib/libEGL.so.1.1.0
7f692c064000-7f692c068000 r--p 0000c000 103:03 6201410                   /usr/lib/libEGL.so.1.1.0
7f692c068000-7f692c069000 r--p 0000f000 103:03 6201410                   /usr/lib/libEGL.so.1.1.0
7f692c069000-7f692c06a000 rw-p 00010000 103:03 6201410                   /usr/lib/libEGL.so.1.1.0
7f692c06a000-7f692c06e000 r--p 00000000 103:03 6709680                   /usr/lib/libdecor/plugins-1/libdecor-cairo.so
7f692c06e000-7f692c074000 r-xp 00004000 103:03 6709680                   /usr/lib/libdecor/plugins-1/libdecor-cairo.so
7f692c074000-7f692c076000 r--p 0000a000 103:03 6709680                   /usr/lib/libdecor/plugins-1/libdecor-cairo.so
7f692c076000-7f692c079000 r--p 0000b000 103:03 6709680                   /usr/lib/libdecor/plugins-1/libdecor-cairo.so
7f692c079000-7f692c07a000 rw-p 0000e000 103:03 6709680                   /usr/lib/libdecor/plugins-1/libdecor-cairo.so
7f692c07a000-7f692c0af000 r-xp 00000000 00:2c 701                        /tmp/lwjgl_ferrium/3.4.1+2/x64/liblwjgl.so
7f692c0af000-7f692c0f7000 r--p 00035000 00:2c 701                        /tmp/lwjgl_ferrium/3.4.1+2/x64/liblwjgl.so
7f692c0f7000-7f692c0f8000 r--p 0007c000 00:2c 701                        /tmp/lwjgl_ferrium/3.4.1+2/x64/liblwjgl.so
7f692c0f8000-7f692c0f9000 rw-p 0007d000 00:2c 701                        /tmp/lwjgl_ferrium/3.4.1+2/x64/liblwjgl.so
7f692c0f9000-7f692c0fa000 rw-p 00000000 00:00 0 
7f692c0fa000-7f692c0fe000 ---p 00000000 00:00 0 
7f692c0fe000-7f692c1fb000 rw-p 00000000 00:00 0 
7f692c1fb000-7f692c1ff000 ---p 00000000 00:00 0 
7f692c1ff000-7f692c2fc000 rw-p 00000000 00:00 0 
7f692c2fc000-7f692c300000 ---p 00000000 00:00 0 
7f692c300000-7f692c3fd000 rw-p 00000000 00:00 0 
7f692c3fd000-7f692c401000 ---p 00000000 00:00 0 
7f692c401000-7f692c4fe000 rw-p 00000000 00:00 0 
7f692c4fe000-7f692c502000 ---p 00000000 00:00 0 
7f692c502000-7f692c5ff000 rw-p 00000000 00:00 0 
7f692c5ff000-7f692c603000 ---p 00000000 00:00 0 
7f692c603000-7f692c700000 rw-p 00000000 00:00 0 
7f692c700000-7f692c704000 ---p 00000000 00:00 0 
7f692c704000-7f692c800000 rw-p 00000000 00:00 0 
7f692c800000-7f692caee000 r--p 00000000 103:03 6236675                   /usr/lib/locale/locale-archive
7f692caef000-7f692caf0000 r--p 00000000 103:03 6197975                   /usr/lib/libxcb-shm.so.0.0.0
7f692caf0000-7f692caf1000 r-xp 00001000 103:03 6197975                   /usr/lib/libxcb-shm.so.0.0.0
7f692caf1000-7f692caf2000 r--p 00002000 103:03 6197975                   /usr/lib/libxcb-shm.so.0.0.0
7f692caf2000-7f692caf3000 r--p 00002000 103:03 6197975                   /usr/lib/libxcb-shm.so.0.0.0
7f692caf3000-7f692caf4000 rw-p 00003000 103:03 6197975                   /usr/lib/libxcb-shm.so.0.0.0
7f692caf7000-7f692caf9000 r--p 00000000 103:03 6210503                   /usr/lib/libgbm.so.1.0.0
7f692caf9000-7f692cafa000 r-xp 00002000 103:03 6210503                   /usr/lib/libgbm.so.1.0.0
7f692cafa000-7f692cafb000 r--p 00003000 103:03 6210503                   /usr/lib/libgbm.so.1.0.0
7f692cafb000-7f692cafc000 r--p 00003000 103:03 6210503                   /usr/lib/libgbm.so.1.0.0
7f692cafc000-7f692cafd000 rw-p 00004000 103:03 6210503                   /usr/lib/libgbm.so.1.0.0
7f692cafd000-7f692cb04000 r--s 00000000 103:03 6236676                   /usr/lib/gconv/gconv-modules.cache
7f692cb04000-7f692cb07000 r--p 00000000 103:03 6216414                   /usr/lib/libdecor-0.so.0.200.5
7f692cb07000-7f692cb0a000 r-xp 00003000 103:03 6216414                   /usr/lib/libdecor-0.so.0.200.5
7f692cb0a000-7f692cb0c000 r--p 00006000 103:03 6216414                   /usr/lib/libdecor-0.so.0.200.5
7f692cb0c000-7f692cb0d000 r--p 00007000 103:03 6216414                   /usr/lib/libdecor-0.so.0.200.5
7f692cb0d000-7f692cb0e000 rw-p 00008000 103:03 6216414                   /usr/lib/libdecor-0.so.0.200.5
7f692cb0e000-7f692cbea000 rw-p 00000000 00:00 0 
7f692cbea000-7f692ccec000 rw-p 00000000 00:00 0 
7f692ccec000-7f692ccf0000 ---p 00000000 00:00 0 
7f692ccf0000-7f692cded000 rw-p 00000000 00:00 0 
7f692cded000-7f692cdf1000 ---p 00000000 00:00 0 
7f692cdf1000-7f692d2f1000 rw-p 00000000 00:00 0 
7f692d2f1000-7f692dffe000 rw-p 00000000 00:00 0 
7f692dffe000-7f692e200000 rw-p 00000000 00:00 0 
7f692e200000-7f692e270000 rw-p 00000000 00:00 0 
7f692e270000-7f692e5f8000 ---p 00000000 00:00 0 
7f692e5f8000-7f692e600000 rw-p 00000000 00:00 0 
7f692e601000-7f692e602000 r--p 00000000 103:03 6201381                   /usr/lib/libwayland-cursor.so.0.25.0
7f692e602000-7f692e604000 r-xp 00001000 103:03 6201381                   /usr/lib/libwayland-cursor.so.0.25.0
7f692e604000-7f692e605000 r--p 00003000 103:03 6201381                   /usr/lib/libwayland-cursor.so.0.25.0
7f692e605000-7f692e606000 r--p 00003000 103:03 6201381                   /usr/lib/libwayland-cursor.so.0.25.0
7f692e606000-7f692e60a000 rw-p 00004000 103:03 6201381                   /usr/lib/libwayland-cursor.so.0.25.0
7f692e60a000-7f692e60c000 r--p 00000000 103:03 6181637                   /usr/lib/libffi.so.8.2.0
7f692e60c000-7f692e613000 r-xp 00002000 103:03 6181637                   /usr/lib/libffi.so.8.2.0
7f692e613000-7f692e614000 r--p 00009000 103:03 6181637                   /usr/lib/libffi.so.8.2.0
7f692e614000-7f692e615000 r--p 0000a000 103:03 6181637                   /usr/lib/libffi.so.8.2.0
7f692e615000-7f692e616000 rw-p 0000b000 103:03 6181637                   /usr/lib/libffi.so.8.2.0
7f692e616000-7f692e619000 r--p 00000000 103:03 6201377                   /usr/lib/libwayland-client.so.0.25.0
7f692e619000-7f692e620000 r-xp 00003000 103:03 6201377                   /usr/lib/libwayland-client.so.0.25.0
7f692e620000-7f692e623000 r--p 0000a000 103:03 6201377                   /usr/lib/libwayland-client.so.0.25.0
7f692e623000-7f692e625000 r--p 0000c000 103:03 6201377                   /usr/lib/libwayland-client.so.0.25.0
7f692e625000-7f692e626000 rw-p 0000e000 103:03 6201377                   /usr/lib/libwayland-client.so.0.25.0
7f692e626000-7f692e656000 r--p 00000000 103:03 6234140                   /usr/share/locale/ru/LC_MESSAGES/libc.mo
7f692e656000-7f692e757000 rw-p 00000000 00:00 0 
7f692e757000-7f692e765000 rw-p 00000000 00:00 0 
7f692e765000-7f692e7d6000 ---p 00000000 00:00 0 
7f692e7d6000-7f692e7e5000 rw-p 00000000 00:00 0 
7f692e7e5000-7f692e856000 ---p 00000000 00:00 0 
7f692e856000-7f692e865000 rw-p 00000000 00:00 0 
7f692e865000-7f692e8d6000 ---p 00000000 00:00 0 
7f692e8d6000-7f692f5e9000 rw-p 00000000 00:00 0 
7f692f5e9000-7f692f6cd000 ---p 00000000 00:00 0 
7f692f6cd000-7f692f6dd000 r--p 00000000 103:03 6163836                   /usr/lib/libm.so.6
7f692f6dd000-7f692f776000 r-xp 00010000 103:03 6163836                   /usr/lib/libm.so.6
7f692f776000-7f692f7fe000 r--p 000a9000 103:03 6163836                   /usr/lib/libm.so.6
7f692f7fe000-7f692f7ff000 r--p 00130000 103:03 6163836                   /usr/lib/libm.so.6
7f692f7ff000-7f692f800000 rw-p 00131000 103:03 6163836                   /usr/lib/libm.so.6
7f692f800000-7f692f89a000 r--p 00000000 103:03 6191896                   /usr/lib/libstdc++.so.6.0.35
7f692f89a000-7f692fa1d000 r-xp 0009a000 103:03 6191896                   /usr/lib/libstdc++.so.6.0.35
7f692fa1d000-7f692fabd000 r--p 0021d000 103:03 6191896                   /usr/lib/libstdc++.so.6.0.35
7f692fabd000-7f692face000 r--p 002bc000 103:03 6191896                   /usr/lib/libstdc++.so.6.0.35
7f692face000-7f692facf000 rw-p 002cd000 103:03 6191896                   /usr/lib/libstdc++.so.6.0.35
7f692facf000-7f692fad3000 rw-p 00000000 00:00 0 
7f692fad4000-7f692fad5000 rw-s 120fe4000 00:07 481                       /dev/dri/renderD128
7f692fad5000-7f692fad6000 rw-s 120fe3000 00:07 481                       /dev/dri/renderD128
7f692fad6000-7f692fb1c000 rw-p 00000000 00:00 0 
7f692fb1c000-7f692fc00000 ---p 00000000 00:00 0 
7f692fc00000-7f692fc0e000 r--p 00000000 103:03 6718805                   /usr/lib/jvm/java-26-openjdk/lib/server/libjvm.so
7f692fc0e000-7f6930b1e000 r-xp 0000e000 103:03 6718805                   /usr/lib/jvm/java-26-openjdk/lib/server/libjvm.so
7f6930b1e000-7f6930d47000 r--p 00f1e000 103:03 6718805                   /usr/lib/jvm/java-26-openjdk/lib/server/libjvm.so
7f6930d47000-7f6930e38000 r--p 01146000 103:03 6718805                   /usr/lib/jvm/java-26-openjdk/lib/server/libjvm.so
7f6930e38000-7f6930e59000 rw-p 01237000 103:03 6718805                   /usr/lib/jvm/java-26-openjdk/lib/server/libjvm.so
7f6930e59000-7f6930edc000 rw-p 00000000 00:00 0 
7f6930edc000-7f6930edd000 rw-s 120fe2000 00:07 481                       /dev/dri/renderD128
7f6930edd000-7f6930ede000 rw-s 1189ce000 00:07 481                       /dev/dri/renderD128
7f6930ede000-7f6930edf000 rw-p 00000000 00:00 0 
7f6930edf000-7f6930ee0000 r--p 00000000 103:03 6201386                   /usr/lib/libwayland-egl.so.1.25.0
7f6930ee0000-7f6930ee1000 r-xp 00001000 103:03 6201386                   /usr/lib/libwayland-egl.so.1.25.0
7f6930ee1000-7f6930ee2000 r--p 00002000 103:03 6201386                   /usr/lib/libwayland-egl.so.1.25.0
7f6930ee2000-7f6930ee3000 r--p 00002000 103:03 6201386                   /usr/lib/libwayland-egl.so.1.25.0
7f6930ee3000-7f6930ee4000 rw-p 00003000 103:03 6201386                   /usr/lib/libwayland-egl.so.1.25.0
7f6930ee4000-7f6930ee5000 r--p 00000000 103:03 6163869                   /usr/lib/librt.so.1
7f6930ee5000-7f6930ee6000 r-xp 00001000 103:03 6163869                   /usr/lib/librt.so.1
7f6930ee6000-7f6930ee7000 r--p 00002000 103:03 6163869                   /usr/lib/librt.so.1
7f6930ee7000-7f6930ee8000 r--p 00002000 103:03 6163869                   /usr/lib/librt.so.1
7f6930ee8000-7f6930ee9000 rw-p 00003000 103:03 6163869                   /usr/lib/librt.so.1
7f6930ee9000-7f6930eea000 r--p 00000000 103:03 6163864                   /usr/lib/libpthread.so.0
7f6930eea000-7f6930eeb000 r-xp 00001000 103:03 6163864                   /usr/lib/libpthread.so.0
7f6930eeb000-7f6930eec000 r--p 00002000 103:03 6163864                   /usr/lib/libpthread.so.0
7f6930eec000-7f6930eed000 r--p 00002000 103:03 6163864                   /usr/lib/libpthread.so.0
7f6930eed000-7f6930eee000 rw-p 00003000 103:03 6163864                   /usr/lib/libpthread.so.0
7f6930eee000-7f6930eef000 r--p 00000000 103:03 6163828                   /usr/lib/libdl.so.2
7f6930eef000-7f6930ef0000 r-xp 00001000 103:03 6163828                   /usr/lib/libdl.so.2
7f6930ef0000-7f6930ef1000 r--p 00002000 103:03 6163828                   /usr/lib/libdl.so.2
7f6930ef1000-7f6930ef2000 r--p 00002000 103:03 6163828                   /usr/lib/libdl.so.2
7f6930ef2000-7f6930ef3000 rw-p 00003000 103:03 6163828                   /usr/lib/libdl.so.2
7f6930ef3000-7f6930ef5000 r--p 00000000 103:03 6718711                   /usr/lib/jvm/java-26-openjdk/lib/libnet.so
7f6930ef5000-7f6930efc000 r-xp 00002000 103:03 6718711                   /usr/lib/jvm/java-26-openjdk/lib/libnet.so
7f6930efc000-7f6930efe000 r--p 00009000 103:03 6718711                   /usr/lib/jvm/java-26-openjdk/lib/libnet.so
7f6930efe000-7f6930eff000 r--p 0000a000 103:03 6718711                   /usr/lib/jvm/java-26-openjdk/lib/libnet.so
7f6930eff000-7f6930f00000 rw-p 0000b000 103:03 6718711                   /usr/lib/jvm/java-26-openjdk/lib/libnet.so
7f6930f00000-7f6930f04000 ---p 00000000 00:00 0 
7f6930f04000-7f6931000000 rw-p 00000000 00:00 0 
7f6931000000-7f6931024000 r--p 00000000 103:03 6163818                   /usr/lib/libc.so.6
7f6931024000-7f693119a000 r-xp 00024000 103:03 6163818                   /usr/lib/libc.so.6
7f693119a000-7f693120f000 r--p 0019a000 103:03 6163818                   /usr/lib/libc.so.6
7f693120f000-7f6931213000 r--p 0020e000 103:03 6163818                   /usr/lib/libc.so.6
7f6931213000-7f6931215000 rw-p 00212000 103:03 6163818                   /usr/lib/libc.so.6
7f6931215000-7f693121d000 rw-p 00000000 00:00 0 
7f693121d000-7f693121e000 rw-p 00000000 00:00 0 
7f693121e000-7f6931220000 r--p 00000000 103:03 6718775                   /usr/lib/jvm/java-26-openjdk/lib/libzip.so
7f6931220000-7f6931224000 r-xp 00002000 103:03 6718775                   /usr/lib/jvm/java-26-openjdk/lib/libzip.so
7f6931224000-7f6931226000 r--p 00006000 103:03 6718775                   /usr/lib/jvm/java-26-openjdk/lib/libzip.so
7f6931226000-7f6931227000 r--p 00007000 103:03 6718775                   /usr/lib/jvm/java-26-openjdk/lib/libzip.so
7f6931227000-7f6931228000 rw-p 00008000 103:03 6718775                   /usr/lib/jvm/java-26-openjdk/lib/libzip.so
7f6931228000-7f693122f000 r--p 00000000 103:03 6718716                   /usr/lib/jvm/java-26-openjdk/lib/libnio.so
7f693122f000-7f6931238000 r-xp 00007000 103:03 6718716                   /usr/lib/jvm/java-26-openjdk/lib/libnio.so
7f6931238000-7f693123d000 r--p 00010000 103:03 6718716                   /usr/lib/jvm/java-26-openjdk/lib/libnio.so
7f693123d000-7f693123e000 r--p 00014000 103:03 6718716                   /usr/lib/jvm/java-26-openjdk/lib/libnio.so
7f693123e000-7f693123f000 rw-p 00015000 103:03 6718716                   /usr/lib/jvm/java-26-openjdk/lib/libnio.so
7f693123f000-7f6931240000 r--p 00000000 103:03 6718753                   /usr/lib/jvm/java-26-openjdk/lib/libsimdsort.so
7f6931240000-7f693127b000 r-xp 00001000 103:03 6718753                   /usr/lib/jvm/java-26-openjdk/lib/libsimdsort.so
7f693127b000-7f6931281000 r--p 0003c000 103:03 6718753                   /usr/lib/jvm/java-26-openjdk/lib/libsimdsort.so
7f6931281000-7f6931282000 r--p 00041000 103:03 6718753                   /usr/lib/jvm/java-26-openjdk/lib/libsimdsort.so
7f6931282000-7f6931283000 rw-p 00042000 103:03 6718753                   /usr/lib/jvm/java-26-openjdk/lib/libsimdsort.so
7f6931283000-7f693128d000 r--p 00000000 103:03 6718398                   /usr/lib/jvm/java-26-openjdk/lib/libjava.so
7f693128d000-7f693129b000 r-xp 0000a000 103:03 6718398                   /usr/lib/jvm/java-26-openjdk/lib/libjava.so
7f693129b000-7f69312a0000 r--p 00018000 103:03 6718398                   /usr/lib/jvm/java-26-openjdk/lib/libjava.so
7f69312a0000-7f69312a1000 r--p 0001d000 103:03 6718398                   /usr/lib/jvm/java-26-openjdk/lib/libjava.so
7f69312a1000-7f69312a2000 rw-p 0001e000 103:03 6718398                   /usr/lib/jvm/java-26-openjdk/lib/libjava.so
7f69312a2000-7f69312a3000 rw-p 00000000 00:00 0 
7f69312a3000-7f69312a7000 r--p 00000000 103:03 6164651                   /usr/lib/libgcc_s.so.1
7f69312a7000-7f69312ca000 r-xp 00004000 103:03 6164651                   /usr/lib/libgcc_s.so.1
7f69312ca000-7f69312ce000 r--p 00027000 103:03 6164651                   /usr/lib/libgcc_s.so.1
7f69312ce000-7f69312cf000 r--p 0002b000 103:03 6164651                   /usr/lib/libgcc_s.so.1
7f69312cf000-7f69312d0000 rw-p 0002c000 103:03 6164651                   /usr/lib/libgcc_s.so.1
7f69312d0000-7f69312d3000 rw-p 00000000 00:00 0 
7f69312d3000-7f69312d6000 r--p 00000000 103:03 6162622                   /usr/lib/libz.so.1.3.2
7f69312d6000-7f69312e6000 r-xp 00003000 103:03 6162622                   /usr/lib/libz.so.1.3.2
7f69312e6000-7f69312ec000 r--p 00013000 103:03 6162622                   /usr/lib/libz.so.1.3.2
7f69312ec000-7f69312ed000 r--p 00018000 103:03 6162622                   /usr/lib/libz.so.1.3.2
7f69312ed000-7f69312ee000 rw-p 00019000 103:03 6162622                   /usr/lib/libz.so.1.3.2
7f69312ee000-7f6931300000 rw-p 00000000 00:00 0 
7f6931300000-7f6931306000 ---p 00000000 00:00 0 
7f6931306000-7f693130e000 rw-s 00000000 00:2c 1032                       /tmp/hsperfdata_ferrium/78227
7f693130e000-7f693130f000 ---p 00000000 00:00 0 
7f693130f000-7f6931310000 r--p 00000000 00:00 0 
7f6931310000-7f6931311000 ---p 00000000 00:00 0 
7f6931311000-7f6931312000 r--p 00000000 103:03 6718404                   /usr/lib/jvm/java-26-openjdk/lib/libjimage.so
7f6931312000-7f6931314000 r-xp 00001000 103:03 6718404                   /usr/lib/jvm/java-26-openjdk/lib/libjimage.so
7f6931314000-7f6931315000 r--p 00003000 103:03 6718404                   /usr/lib/jvm/java-26-openjdk/lib/libjimage.so
7f6931315000-7f6931316000 r--p 00003000 103:03 6718404                   /usr/lib/jvm/java-26-openjdk/lib/libjimage.so
7f6931316000-7f6931317000 rw-p 00004000 103:03 6718404                   /usr/lib/jvm/java-26-openjdk/lib/libjimage.so
7f6931317000-7f6931319000 r--p 00000000 103:03 6718406                   /usr/lib/jvm/java-26-openjdk/lib/libjli.so
7f6931319000-7f6931323000 r-xp 00002000 103:03 6718406                   /usr/lib/jvm/java-26-openjdk/lib/libjli.so
7f6931323000-7f6931326000 r--p 0000c000 103:03 6718406                   /usr/lib/jvm/java-26-openjdk/lib/libjli.so
7f6931326000-7f6931327000 r--p 0000e000 103:03 6718406                   /usr/lib/jvm/java-26-openjdk/lib/libjli.so
7f6931327000-7f6931328000 rw-p 0000f000 103:03 6718406                   /usr/lib/jvm/java-26-openjdk/lib/libjli.so
7f6931328000-7f693132a000 rw-p 00000000 00:00 0 
7f693132a000-7f693132e000 r--p 00000000 00:00 0                          [vvar]
7f693132e000-7f6931330000 r--p 00000000 00:00 0                          [vvar_vclock]
7f6931330000-7f6931332000 r-xp 00000000 00:00 0                          [vdso]
7f6931332000-7f6931333000 r--p 00000000 103:03 6163803                   /usr/lib/ld-linux-x86-64.so.2
7f6931333000-7f693135d000 r-xp 00001000 103:03 6163803                   /usr/lib/ld-linux-x86-64.so.2
7f693135d000-7f693136c000 r--p 0002b000 103:03 6163803                   /usr/lib/ld-linux-x86-64.so.2
7f693136c000-7f693136e000 r--p 00039000 103:03 6163803                   /usr/lib/ld-linux-x86-64.so.2
7f693136e000-7f693136f000 rw-p 0003b000 103:03 6163803                   /usr/lib/ld-linux-x86-64.so.2
7f693136f000-7f6931370000 rw-p 00000000 00:00 0 
7ffd29e79000-7ffd29e9b000 rw-p 00000000 00:00 0                          [stack]
ffffffffff600000-ffffffffff601000 --xp 00000000 00:00 0                  [vsyscall]
Total number of mappings: 631

JVMTI agents: none


VM Arguments:
jvm_args: --add-opens=java.base/java.lang=ALL-UNNAMED --enable-native-access=ALL-UNNAMED -verbose:gc -Xmx256m -Dfile.encoding=UTF-8 -Duser.country=US -Duser.language=en -Duser.variant 
java_command: org.pepetrace.RenderWindowStressTest
java_class_path (initial): /home/ferrium/Code/PepeTrace/build/classes/java/test:/home/ferrium/Code/PepeTrace/build/resources/test:/home/ferrium/Code/PepeTrace/build/classes/java/main:/home/ferrium/Code/PepeTrace/build/resources/main:/home/ferrium/.gradle/caches/modules-2/files-2.1/io.github.spair/imgui-java-lwjgl3/1.90.0/f7adf38b3a461e44e6b2fd16dc291d7866482738/imgui-java-lwjgl3-1.90.0.jar:/home/ferrium/.gradle/caches/modules-2/files-2.1/org.joml/joml/1.10.5/22566d58af70ad3d72308bab63b8339906deb649/joml-1.10.5.jar:/home/ferrium/.gradle/caches/modules-2/files-2.1/org.lwjgl/lwjgl-tinyfd/3.4.1/562697d40dbd2ed0424bf24dcf65d51170f81adf/lwjgl-tinyfd-3.4.1.jar:/home/ferrium/.gradle/caches/modules-2/files-2.1/org.lwjgl/lwjgl-tinyfd/3.4.1/fc6a72690afc8defb60d82ad1de64dd8f537154c/lwjgl-tinyfd-3.4.1-natives-linux.jar:/home/ferrium/.gradle/caches/modules-2/files-2.1/org.lwjgl/lwjgl-assimp/3.4.1/e37483d7fafa5c797e1c95b8a06c5d595bcd7b40/lwjgl-assimp-3.4.1.jar:/home/ferrium/.gradle/caches/modules-2/files-2.1/org.lwjgl/lwjgl-assimp/3.4.1/61f0542a10c1c94bcfe29b16dfbbefcc7b52c00b/lwjgl-assimp-3.4.1-natives-linux.jar:/home/ferrium/.gradle/caches/modules-2/files-2.1/org.lwjgl/lwjgl-glfw/3.4.1/a782b1ddd175c9107bf300fd92920579ea65e2a4/lwjgl-glfw-3.4.1.jar:/home/ferrium/.gradle/caches/modules-2/files-2.1/org.lwjgl/lwjgl-glfw/3.4.1/23cdf7655ce9f3b27ad90f08e73345e0d5b46362/lwjgl-glfw-3.4.1-natives-linux.jar:/home/ferrium/.gradle/caches/modules-2/files-2.1/org.lwjgl/lwjgl-opengl/3.4.1/830412cab823c029cda6b9729f9d2ed36cf79959/lwjgl-opengl-3.4.1.jar:/home/ferrium/.gradle/caches/modules-2/files-2.1/org.lwjgl/lwjgl-opengl/3.4.1/b750599f0e75ddb19f1d0fe993f3011334b710ae/lwjgl-opengl-3.4.1-natives-linux.jar:/home/ferrium/.gradle/caches/modules-2/files-2.1/org.lwjgl/lwjgl-stb/3.4.1/f077c3dafc31924fbe8acb0b913f08977ba27f8e/lwjgl-stb-3.4.1.jar:/home/ferrium/.gradle/caches/modules-2/files-2.1/org.lwjgl/lwjgl-stb/3.4.1/7e1cfae909da6c68f3cb6073a9bfeb6c90e82a57/lwjgl-stb-3.4.1-natives-linux.jar:/home/ferrium/.gradle/caches/modules-2/files-2.1/org.lwjgl/lwjgl/3.4.1/6105690714874b995aa7812e4f7732a21109276c/lwjgl-3.4.1.jar:/home/ferrium/.gradle/caches/modules-2/files-2.1/org.lwjgl/lwjgl/3.4.1/2734e106bd95db49fe0da8cf8bf7fd96475c436c/lwjgl-3.4.1-natives-linux.jar:/home/ferrium/.gradle/caches/modules-2/files-2.1/io.github.spair/imgui-java-binding/1.90.0/5be1d6a471c97f90de18d2cbe14754dd132ee8ab/imgui-java-binding-1.90.0.jar:/home/ferrium/.gradle/caches/modules-2/files-2.1/io.github.spair/imgui-java-natives-linux/1.90.0/ce5ac69159d65293b51bdecf5960c5ac1595b879/imgui-java-natives-linux-1.90.0.jar:/home/ferrium/.gradle/caches/modules-2/files-2.1/org.junit.jupiter/junit-jupiter/5.10.0/8fea1d9c58b2156f1b998f2f18da04bc9e087f74/junit-jupiter-5.10.0.jar:/home/ferrium/.gradle/caches/modules-2/files-2.1/org.junit.platform/junit-platform-launcher/1.10.0/89a1922534ed102be1fb2a8c0b2c6151297a12bf/junit-platform-launcher-1.10.0.jar:/home/ferrium/.gradle/caches/modules-2/files-2.1/org.junit.jupiter/junit-jupiter-params/5.10.0/9041c7365495a897a64782ea5a6fdb99dab1814e/junit-jupiter-params-5.10.0.jar:/home/ferrium/.gradle/caches/modules-2/files-2.1/org.junit.jupiter/junit-jupiter-engine/5.10.0/90587932d718fc51a48112d33045a18476c542ad/junit-jupiter-engine-5.10.0.jar:/home/ferrium/.gradle/caches/modules-2/files-2.1/org.junit.jupiter/junit-jupiter-api/5.10.0/2fe4ba3d31d5067878e468c96aa039005a9134d3/junit-jupiter-api-5.10.0.jar:/home/ferrium/.gradle/caches/modules-2/files-2.1/org.junit.platform/junit-platform-engine/1.10.0/276c4edcf64fabb5a139fa7b4f99330d7a93b804/junit-platform-engine-1.10.0.jar:/home/ferrium/.gradle/caches/modules-2/files-2.1/org.junit.platform/junit-platform-commons/1.10.0/d533ff2c286eaf963566f92baf5f8a06628d2609/junit-platform-commons-1.10.0.jar:/home/ferrium/.gradle/caches/modules-2/files-2.1/org.opentest4j/opentest4j/1.3.0/152ea56b3a72f655d4fd677fc0ef2596c3dd5e6e/opentest4j-1.3.0.jar
Launcher Type: SUN_STANDARD

[Global flags]
     bool AOTAdapterCaching                        = false                                  {diagnostic} {ergonomic}
     bool AOTInvokeDynamicLinking                  = false                                  {diagnostic} {ergonomic}
     bool AOTRecordTraining                        = false                                  {diagnostic} {ergonomic}
     bool AOTReplayTraining                        = false                                  {diagnostic} {ergonomic}
     bool AOTStubCaching                           = false                                  {diagnostic} {ergonomic}
     intx CICompilerCount                          = 12                                        {product} {ergonomic}
     uint ConcGCThreads                            = 3                                         {product} {ergonomic}
     uint G1ConcRefinementThreads                  = 13                                        {product} {ergonomic}
     uint G1EagerReclaimRemSetThreshold            = 10                                   {experimental} {ergonomic}
   size_t G1HeapRegionSize                         = 1048576                                   {product} {ergonomic}
     uint G1RemSetArrayOfCardsEntries              = 10                                   {experimental} {ergonomic}
     uint G1RemSetHowlMaxNumBuckets                = 8                                    {experimental} {ergonomic}
     uint G1RemSetHowlNumBuckets                   = 4                                    {experimental} {ergonomic}
   size_t InitialHeapSize                          = 8388608                                   {product} {ergonomic}
     bool IntelJccErratumMitigation                = false                             {ARCH diagnostic} {ergonomic}
   size_t MarkStackSize                            = 4194304                                   {product} {ergonomic}
   size_t MarkStackSizeMax                         = 536870912                                 {product} {ergonomic}
   size_t MaxHeapSize                              = 268435456                                 {product} {command line}
   size_t MaxNewSize                               = 160432128                                 {product} {ergonomic}
 uint64_t MaxRAM                                   = 16117272576                               {product} {ergonomic}
   size_t MinHeapDeltaBytes                        = 1048576                                   {product} {ergonomic}
   size_t MinHeapSize                              = 8388608                                   {product} {ergonomic}
   size_t NonNMethodCodeHeapSize                   = 7606272                                {pd product} {ergonomic}
   size_t NonProfiledCodeHeapSize                  = 122028032                              {pd product} {ergonomic}
   size_t ProfiledCodeHeapSize                     = 122028032                              {pd product} {ergonomic}
   size_t ReservedCodeCacheSize                    = 251662336                              {pd product} {ergonomic}
     bool SegmentedCodeCache                       = true                                      {product} {ergonomic}
   size_t SoftMaxHeapSize                          = 268435456                              {manageable} {ergonomic}
     bool UseCompressedOops                        = true                           {product lp64_product} {ergonomic}
     bool UseCondCardMark                          = true                                      {product} {ergonomic}
     bool UseFastUnorderedTimeStamps               = true                                 {experimental} {ergonomic}
     bool UseG1GC                                  = true                                      {product} {ergonomic}
      int X86ICacheSync                            = 3                                 {ARCH diagnostic} {ergonomic}

Logging:
Log output configuration:
 #0: stdout all=warning,gc=info uptime,level,tags foldmultilines=false
 #1: stderr all=off uptime,level,tags foldmultilines=false

Release file:
IMPLEMENTOR="Arch Linux"
JAVA_RUNTIME_VERSION="26.0.1"
JAVA_VERSION="26.0.1"
JAVA_VERSION_DATE="2026-04-21"
LIBC="gnu"
MODULES="java.base java.compiler java.datatransfer java.xml java.prefs java.desktop java.instrument java.logging java.management java.security.sasl java.naming java.rmi java.management.rmi java.net.http java.scripting java.security.jgss java.transaction.xa java.sql java.sql.rowset java.xml.crypto java.se java.smartcardio jdk.accessibility jdk.internal.jvmstat jdk.attach jdk.charsets jdk.internal.opt jdk.zipfs jdk.compiler jdk.crypto.cryptoki jdk.crypto.ec jdk.dynalink jdk.internal.ed jdk.editpad jdk.internal.vm.ci jdk.graal.compiler jdk.graal.compiler.management jdk.hotspot.agent jdk.httpserver jdk.incubator.vector jdk.internal.le jdk.internal.md jdk.jartool jdk.javadoc jdk.jcmd jdk.management jdk.management.agent jdk.jconsole jdk.jdeps jdk.jdwp.agent jdk.jdi jdk.jfr jdk.jlink jdk.jpackage jdk.jshell jdk.jstatd jdk.localedata jdk.management.jfr jdk.naming.dns jdk.naming.rmi jdk.net jdk.nio.mapmode jdk.sctp jdk.security.auth jdk.security.jgss jdk.unsupported jdk.unsupported.desktop jdk.xml.dom"
OS_ARCH="x86_64"
OS_NAME="Linux"
SOURCE=""

Environment Variables:
PATH=/usr/local/sbin:/usr/local/bin:/usr/bin:/usr/lib/jvm/default/bin:/usr/bin/site_perl:/usr/bin/vendor_perl:/usr/bin/core_perl
SHELL=/usr/bin/bash
DISPLAY=:0
WAYLAND_DISPLAY=wayland-0
LANG=en_US.UTF-8
LC_TIME=ru_RU.UTF-8
TERM=xterm-256color

Active Locale:
LC_ALL=LC_CTYPE=en_US.UTF-8;LC_NUMERIC=en_US.UTF-8;LC_TIME=ru_RU.UTF-8;LC_COLLATE=en_US.UTF-8;LC_MONETARY=ru_RU.UTF-8;LC_MESSAGES=en_US.UTF-8;LC_PAPER=C;LC_NAME=en_US.UTF-8;LC_ADDRESS=en_US.UTF-8;LC_TELEPHONE=ru_RU.UTF-8;LC_MEASUREMENT=C;LC_IDENTIFICATION=en_US.UTF-8
LC_COLLATE=en_US.UTF-8
LC_CTYPE=en_US.UTF-8
LC_MESSAGES=en_US.UTF-8
LC_MONETARY=ru_RU.UTF-8
LC_NUMERIC=en_US.UTF-8
LC_TIME=ru_RU.UTF-8

Signal Handlers:
   SIGSEGV: 0x00007f6930a4e550 in libjvm.so+15000912, mask=11100100010111111101111111111110, flags=SA_RESTART|SA_SIGINFO, unblocked
    SIGBUS: 0x00007f6930a4e550 in libjvm.so+15000912, mask=11100100010111111101111111111110, flags=SA_RESTART|SA_SIGINFO, unblocked
    SIGFPE: 0x00007f6930a4e550 in libjvm.so+15000912, mask=11100100010111111101111111111110, flags=SA_RESTART|SA_SIGINFO, unblocked
   SIGPIPE: 0x00007f69308be910 in libjvm.so+13363472, mask=11100100010111111101111111111110, flags=SA_RESTART|SA_SIGINFO, blocked
   SIGXFSZ: 0x00007f69308be910 in libjvm.so+13363472, mask=11100100010111111101111111111110, flags=SA_RESTART|SA_SIGINFO, blocked
    SIGILL: 0x00007f6930a4e550 in libjvm.so+15000912, mask=11100100010111111101111111111110, flags=SA_RESTART|SA_SIGINFO, unblocked
   SIGUSR2: 0x00007f69308c0070 in libjvm.so+13369456, mask=00000000000000000000000000000000, flags=SA_RESTART|SA_SIGINFO, blocked
    SIGHUP: 0x00007f69308aacc0 in libjvm.so+13282496, mask=11100100010111111101111111111110, flags=SA_RESTART|SA_SIGINFO, blocked
    SIGINT: 0x00007f69308aacc0 in libjvm.so+13282496, mask=11100100010111111101111111111110, flags=SA_RESTART|SA_SIGINFO, blocked
   SIGTERM: 0x00007f69308aacc0 in libjvm.so+13282496, mask=11100100010111111101111111111110, flags=SA_RESTART|SA_SIGINFO, blocked
   SIGQUIT: 0x00007f69308aacc0 in libjvm.so+13282496, mask=11100100010111111101111111111110, flags=SA_RESTART|SA_SIGINFO, blocked
   SIGTRAP: 0x00007f6930a4e550 in libjvm.so+15000912, mask=11100100010111111101111111111110, flags=SA_RESTART|SA_SIGINFO, unblocked


Compilation memory statistics disabled.

Periodic native trim disabled

---------------  S Y S T E M  ---------------

OS:
NAME="Arch Linux"
PRETTY_NAME="Arch Linux"
ID=arch
BUILD_ID=rolling
ANSI_COLOR="38;2;23;147;209"
HOME_URL="https://archlinux.org/"
DOCUMENTATION_URL="https://wiki.archlinux.org/"
SUPPORT_URL="https://bbs.archlinux.org/"
BUG_REPORT_URL="https://gitlab.archlinux.org/groups/archlinux/-/issues"
PRIVACY_POLICY_URL="https://terms.archlinux.org/docs/privacy-policy/"
LOGO=archlinux-logo
uname: Linux 7.0.9-arch1-1 #1 SMP PREEMPT_DYNAMIC Sun, 17 May 2026 17:23:07 +0000 x86_64
OS uptime: 0 days 21:34 hours
libc: glibc 2.43 NPTL 2.43 
rlimit (soft/hard): STACK 8192k/infinity , CORE infinity/infinity , NPROC 61292/61292 , NOFILE 524288/524288 , AS infinity/infinity , CPU infinity/infinity , DATA infinity/infinity , FSIZE infinity/infinity , MEMLOCK 8192k/8192k
load average: 8.00 4.40 3.28

/proc/meminfo:
MemTotal:       15739524 kB
MemFree:          967520 kB
MemAvailable:    7543288 kB
Buffers:          229616 kB
Cached:          6286444 kB
SwapCached:            4 kB
Active:          8343556 kB
Inactive:        4556012 kB
Active(anon):    5480004 kB
Inactive(anon):   828324 kB
Active(file):    2863552 kB
Inactive(file):  3727688 kB
Unevictable:       78156 kB
Mlocked:             888 kB
SwapTotal:      10485756 kB
SwapFree:       10483216 kB
Zswap:              2020 kB
Zswapped:           2536 kB
Dirty:             23580 kB
Writeback:             0 kB
AnonPages:       6280028 kB
Mapped:          2546740 kB
Shmem:            132252 kB
KReclaimable:     319100 kB
Slab:             495308 kB
SReclaimable:     319100 kB
SUnreclaim:       176208 kB
KernelStack:       25744 kB
PageTables:        56016 kB
SecPageTables:      4160 kB
NFS_Unstable:          0 kB
Bounce:                0 kB
WritebackTmp:          0 kB
CommitLimit:    18355516 kB
Committed_AS:   14663404 kB
VmallocTotal:   34359738367 kB
VmallocUsed:       84296 kB
VmallocChunk:          0 kB
Percpu:            16320 kB
HardwareCorrupted:     0 kB
AnonHugePages:   2105344 kB
ShmemHugePages:    59392 kB
ShmemPmdMapped:    47104 kB
FileHugePages:    573440 kB
FilePmdMapped:    415744 kB
CmaTotal:              0 kB
CmaFree:               0 kB
Unaccepted:            0 kB
Balloon:               0 kB
HugePages_Total:       0
HugePages_Free:        0
HugePages_Rsvd:        0
HugePages_Surp:        0
Hugepagesize:       2048 kB
Hugetlb:               0 kB
DirectMap4k:     1468488 kB
DirectMap2M:    12582912 kB
DirectMap1G:     3145728 kB

/sys/kernel/mm/transparent_hugepage/enabled: [always] madvise never
/sys/kernel/mm/transparent_hugepage/hpage_pmd_size: 2097152
/sys/kernel/mm/transparent_hugepage/shmem_enabled: always [within_size] advise never deny force
/sys/kernel/mm/transparent_hugepage/defrag (defrag/compaction efforts parameter): always defer defer+madvise [madvise] never

Process Memory:
Virtual Size: 4575916K (peak: 4641452K)
Resident Set Size: 247456K (peak: 247456K) (anon: 84800K, file: 160960K, shmem: 1696K)
Swapped out: 0K
C-Heap outstanding allocations: 51504K, retained: 17427K
glibc malloc tunables: (default)

/proc/sys/kernel/threads-max (system-wide limit on the number of threads): 122584
/proc/sys/vm/max_map_count (maximum number of memory map areas a process may have): 1048576
/proc/sys/vm/swappiness (control to define how aggressively the kernel swaps out anonymous memory): 60
/proc/sys/kernel/pid_max (system-wide limit on number of process identifiers): 4194304

container information not found.
Steal ticks since vm start: 0
Steal ticks percentage since vm start:  0.000

CPU: total 16 (initial active 16) (8 cores per cpu, 2 threads per core) family 25 model 80 stepping 0 microcode 0xa500012, cx8, cmov, fxsr, ht, mmx, 3dnowpref, sse, sse2, sse3, ssse3, sse4a, sse4.1, sse4.2, popcnt, lzcnt, tsc, tscinvbit, avx, avx2, aes, erms, clmul, bmi1, bmi2, adx, sha, fma, vzeroupper, clflush, clflushopt, clwb, rdtscp, rdpid, fsrm, f16c, pku, ospke, cet_ss
CPU Model and flags from /proc/cpuinfo:
model name	: AMD Ryzen 7 5800U with Radeon Graphics
flags		: fpu vme de pse tsc msr pae mce cx8 apic sep mtrr pge mca cmov pat pse36 clflush mmx fxsr sse sse2 ht syscall nx mmxext fxsr_opt pdpe1gb rdtscp lm constant_tsc rep_good nopl xtopology nonstop_tsc cpuid extd_apicid aperfmperf rapl pni pclmulqdq monitor ssse3 fma cx16 sse4_1 sse4_2 movbe popcnt aes xsave avx f16c rdrand lahf_lm cmp_legacy svm extapic cr8_legacy abm sse4a misalignsse 3dnowprefetch osvw ibs skinit wdt tce topoext perfctr_core perfctr_nb bpext perfctr_llc mwaitx cpb cat_l3 cdp_l3 hw_pstate ssbd mba ibrs ibpb stibp vmmcall fsgsbase bmi1 avx2 smep bmi2 erms invpcid cqm rdt_a rdseed adx smap clflushopt clwb sha_ni xsaveopt xsavec xgetbv1 xsaves cqm_llc cqm_occup_llc cqm_mbm_total cqm_mbm_local user_shstk clzero irperf xsaveerptr rdpru wbnoinvd cppc arat npt lbrv svm_lock nrip_save tsc_scale vmcb_clean flushbyasid decodeassists pausefilter pfthreshold avic v_vmsave_vmload vgif v_spec_ctrl umip pku ospke vaes vpclmulqdq rdpid overflow_recov succor smca fsrm debug_swap

Online cpus: 0-15
Offline cpus: 
BIOS frequency limitation: <Not Available>
Frequency switch latency (ns): 0
Available cpu frequencies: <Not Available>
Current governor: powersave
Core performance/turbo boost: 0

Memory: 4k page, physical 15739524k(7543288k free), swap 10485756k(10483216k free)
Page Sizes: 4k

vm_info: OpenJDK 64-Bit Server VM (26.0.1) for linux-amd64 JRE (26.0.1), built on 2026-04-21T17:17:38Z with gcc 15.2.1 20260209

END.
