# Blender 5.1.0
# www.blender.org
o Object_14
v -0.131374 2.494216 -0.917900
v -0.109537 2.494466 -0.669197
v -0.184538 2.494705 -0.431069
v -0.344957 2.494897 -0.239768
v -0.566373 2.495012 -0.124420
v -0.815076 2.495034 -0.102584
v -1.053204 2.494959 -0.177584
v -1.244505 2.494798 -0.338003
v -1.359854 2.494576 -0.559418
v -1.381690 2.494327 -0.808122
v -1.306689 2.494088 -1.046250
v -1.146270 2.493896 -1.237550
v -0.924855 2.493780 -1.352899
v -0.676151 2.493758 -1.374736
v -0.438023 2.493834 -1.299735
v -0.246722 2.493994 -1.139316
v -0.945788 0.903265 -1.423039
v -0.937694 0.930058 -1.395331
v -1.174971 0.930182 -1.271719
v -1.193062 0.903394 -1.294219
v -1.346881 0.930388 -1.066715
v -1.372216 0.903609 -1.080577
v -1.427254 0.930644 -0.811529
v -1.455975 0.903875 -0.814639
v -1.403854 0.930911 -0.545010
v -1.431589 0.904154 -0.536890
v -1.280242 0.931149 -0.307734
v -1.302768 0.904402 -0.289616
v -1.075238 0.931321 -0.135824
v -1.089127 0.904582 -0.110463
v -0.820052 0.931402 -0.055451
v -0.823188 0.904666 -0.026703
v -0.823188 0.904666 -0.026703
v -0.820052 0.931402 -0.055451
v -0.553533 0.931379 -0.078851
v -0.545440 0.904641 -0.051089
v -0.316256 0.931255 -0.202463
v -0.298166 0.904512 -0.179909
v -0.144346 0.931049 -0.407467
v -0.119012 0.904298 -0.393551
v -0.063973 0.930793 -0.662653
v -0.035252 0.904031 -0.659490
v -0.087373 0.930526 -0.929172
v -0.059638 0.903752 -0.937238
v -0.210985 0.930288 -1.166448
v -0.188459 0.903504 -1.184512
v -0.415989 0.930115 -1.338359
v -0.402100 0.903325 -1.363666
v -0.671175 0.930035 -1.418731
v -0.668039 0.903241 -1.447425
v 1.418877 0.909716 -1.010530
v 1.392185 0.936492 -0.999501
v 1.243545 0.936269 -1.221955
v 1.263974 0.909483 -1.242358
v 1.021090 0.936120 -1.370595
v 1.032146 0.909328 -1.397260
v 0.758687 0.936068 -1.422790
v 0.758687 0.909274 -1.451655
v 0.496283 0.936120 -1.370595
v 0.485227 0.909328 -1.397260
v 0.273828 0.936269 -1.221955
v 0.253399 0.909484 -1.242358
v 0.125189 0.936492 -0.999501
v 0.098496 0.909716 -1.010530
v 0.072993 0.936755 -0.737097
v 0.044102 0.909990 -0.737070
v 0.044102 0.909990 -0.737070
v 0.072993 0.936755 -0.737097
v 0.125189 0.937018 -0.474694
v 0.098496 0.910265 -0.463611
v 0.273828 0.937242 -0.252239
v 0.253399 0.910497 -0.231783
v 0.496283 0.937391 -0.103600
v 0.485227 0.910653 -0.076880
v 0.758687 0.937443 -0.051404
v 0.758687 0.910707 -0.022486
v 1.021090 0.937391 -0.103600
v 1.032146 0.910653 -0.076881
v 1.243545 0.937242 -0.252239
v 1.263974 0.910497 -0.231783
v 1.392185 0.937019 -0.474694
v 1.418877 0.910264 -0.463611
v 1.444380 0.936755 -0.737097
v 1.473271 0.909990 -0.737071
v 1.272879 1.948626 1.171604
v 1.272879 0.937717 1.172618
v 1.064871 0.937886 1.340881
v 1.064871 1.948795 1.339867
v 0.808305 0.937962 1.416734
v 0.808304 1.948871 1.415720
v 0.542241 0.937934 1.388630
v 0.542241 1.948843 1.387616
v 0.307184 0.937806 1.260847
v 0.307184 1.948715 1.259833
v 0.138921 0.937597 1.052839
v 0.138921 1.948506 1.051825
v 0.063068 0.937340 0.796273
v 0.063068 1.948249 0.795259
v 0.091172 0.937073 0.530209
v 0.091172 1.947982 0.529195
v 0.091172 1.947982 0.529195
v 0.091172 0.937073 0.530209
v 0.218955 0.936837 0.295153
v 0.218955 1.947746 0.294139
v 0.426963 0.936668 0.126890
v 0.426963 1.947578 0.125876
v 0.683529 0.936592 0.051036
v 0.683529 1.947502 0.050022
v 0.949593 0.936621 0.079140
v 0.949593 1.947530 0.078127
v 1.184650 0.936749 0.206923
v 1.184649 1.947658 0.205910
v 1.352913 0.936957 0.414932
v 1.352913 1.947867 0.413918
v 1.428766 0.937215 0.671498
v 1.428766 1.948124 0.670484
v 1.400662 0.937482 0.937562
v 1.400662 1.948391 0.936548
v -0.745614 0.320880 -0.736479
v -0.144346 0.321211 -0.406855
v -0.063973 0.320955 -0.662041
v -0.087373 0.320688 -0.928560
v -0.210985 0.320450 -1.165836
v -0.415989 0.320277 -1.337747
v -0.671175 0.320197 -1.418120
v -0.937694 0.320220 -1.394719
v -1.174971 0.320344 -1.271108
v -1.346881 0.320550 -1.066104
v -1.427254 0.320806 -0.810918
v -1.403854 0.321073 -0.544399
v -1.280242 0.321311 -0.307123
v -1.075238 0.321483 -0.135212
v -0.820052 0.321564 -0.054839
v -0.553533 0.321541 -0.078240
v -0.316256 0.321417 -0.201851
v 0.758687 0.326917 -0.736486
v 0.758687 0.327605 -0.050793
v 1.021090 0.327553 -0.102988
v 1.243545 0.327404 -0.251628
v 1.392185 0.327180 -0.474082
v 1.444380 0.326917 -0.736486
v 1.392185 0.326654 -0.998889
v 1.243545 0.326431 -1.221344
v 1.021090 0.326282 -1.369983
v 0.758687 0.326229 -1.422178
v 0.496283 0.326282 -1.369983
v 0.273828 0.326431 -1.221344
v 0.125189 0.326654 -0.998889
v 0.072993 0.326917 -0.736485
v 0.125189 0.327180 -0.474082
v 0.273828 0.327403 -0.251627
v 0.496283 0.327553 -0.102988
v -0.452570 1.949575 1.352790
v -0.440223 1.976366 1.378884
v -0.216241 1.976200 1.212839
v -0.237644 1.949415 1.193459
v -0.072850 1.975960 0.973719
v -0.100051 1.949185 0.964007
v -0.031882 1.975683 0.697929
v -0.060739 1.948920 0.699367
v -0.099573 1.975412 0.427453
v -0.125693 1.948659 0.439828
v -0.265618 1.975187 0.203471
v -0.285025 1.948444 0.224901
v -0.504738 1.975043 0.060081
v -0.514477 1.948306 0.087308
v -0.780529 1.975002 0.019113
v -0.779117 1.948266 0.047997
v -0.779117 1.948266 0.047997
v -0.780529 1.975002 0.019113
v -1.051004 1.975070 0.086804
v -1.038657 1.948331 0.112951
v -1.274987 1.975237 0.252849
v -1.253583 1.948491 0.272282
v -1.418377 1.975476 0.491968
v -1.391176 1.948721 0.501734
v -1.459345 1.975753 0.767759
v -1.430488 1.948987 0.766374
v -1.391654 1.976024 1.038234
v -1.365534 1.949247 1.025914
v -1.225609 1.976249 1.262216
v -1.206202 1.949463 1.240840
v -0.986489 1.976393 1.405607
v -0.976750 1.949601 1.378433
v -0.710698 1.976434 1.446575
v -0.712110 1.949640 1.417745
v 1.003550 2.501026 -0.147514
v 0.758687 2.501075 -0.098808
v 0.513824 2.501026 -0.147514
v 0.306239 2.500887 -0.286218
v 0.167535 2.500679 -0.493803
v 0.118829 2.500433 -0.738665
v 0.167535 2.500187 -0.983528
v 0.306239 2.499979 -1.191113
v 0.513824 2.499840 -1.329817
v 0.758687 2.499791 -1.378523
v 1.003549 2.499840 -1.329817
v 1.211134 2.499979 -1.191113
v 1.349838 2.500187 -0.983529
v 1.398545 2.500433 -0.738666
v 1.349838 2.500679 -0.493803
v 1.211135 2.500887 -0.286218
v 0.745917 0.327439 0.734497
v 1.064871 0.328048 1.341492
v 1.272879 0.327879 1.173229
v 1.400662 0.327644 0.938173
v 1.428766 0.327377 0.672109
v 1.352913 0.327119 0.415543
v 1.184650 0.326911 0.207535
v 0.949594 0.326783 0.079752
v 0.683529 0.326754 0.051648
v 0.426963 0.326830 0.127502
v 0.218955 0.326999 0.295765
v 0.091172 0.327235 0.530820
v 0.063068 0.327502 0.796884
v 0.138921 0.327759 1.053450
v 0.307184 0.327968 1.261459
v 0.542241 0.328096 1.389242
v 0.808305 0.328124 1.417346
v -0.415989 0.843922 -1.338272
v -0.415989 0.320277 -1.337747
v -0.210985 0.320450 -1.165836
v -0.210985 0.844095 -1.166362
v -0.087373 0.320688 -0.928560
v -0.087373 0.844333 -0.929085
v -0.063973 0.320955 -0.662041
v -0.063973 0.844600 -0.662567
v -0.144346 0.321211 -0.406855
v -0.144346 0.844856 -0.407380
v -0.316256 0.321417 -0.201851
v -0.316256 0.845062 -0.202376
v -0.553533 0.321541 -0.078240
v -0.553533 0.845186 -0.078765
v -0.820052 0.321564 -0.054839
v -0.820052 0.845209 -0.055364
v -0.820052 0.845209 -0.055364
v -0.820052 0.321564 -0.054839
v -1.075238 0.321483 -0.135212
v -1.075238 0.845128 -0.135737
v -1.280242 0.321311 -0.307123
v -1.280242 0.844956 -0.307648
v -1.403854 0.321073 -0.544399
v -1.403854 0.844718 -0.544924
v -1.427254 0.320806 -0.810918
v -1.427254 0.844451 -0.811443
v -1.346881 0.320550 -1.066104
v -1.346881 0.844195 -1.066629
v -1.174971 0.320344 -1.271108
v -1.174971 0.843989 -1.271633
v -0.937694 0.320220 -1.394719
v -0.937694 0.843865 -1.395244
v -0.671175 0.320197 -1.418120
v -0.671175 0.843842 -1.418645
v 1.392185 0.850826 -0.474608
v 1.392185 0.327180 -0.474082
v 1.243545 0.327404 -0.251628
v 1.243545 0.851049 -0.252153
v 1.021090 0.327553 -0.102988
v 1.021090 0.851198 -0.103513
v 0.758687 0.327605 -0.050793
v 0.758687 0.851250 -0.051318
v 0.496283 0.327553 -0.102988
v 0.496283 0.851198 -0.103513
v 0.273828 0.327403 -0.251627
v 0.273828 0.851049 -0.252153
v 0.125189 0.327180 -0.474082
v 0.125189 0.850825 -0.474607
v 0.072993 0.326917 -0.736485
v 0.072993 0.850562 -0.737011
v 0.072993 0.850562 -0.737011
v 0.072993 0.326917 -0.736485
v 0.125189 0.326654 -0.998889
v 0.125189 0.850299 -0.999414
v 0.273828 0.326431 -1.221344
v 0.273828 0.850076 -1.221869
v 0.496283 0.326282 -1.369983
v 0.496283 0.849927 -1.370508
v 0.758687 0.326229 -1.422178
v 0.758687 0.849875 -1.422704
v 1.021090 0.326282 -1.369983
v 1.021090 0.849927 -1.370508
v 1.243545 0.326431 -1.221344
v 1.243545 0.850076 -1.221869
v 1.392185 0.326654 -0.998889
v 1.392185 0.850299 -0.999414
v 1.444380 0.326917 -0.736486
v 1.444380 0.850562 -0.737011
v -0.402100 0.870662 -1.363633
v -0.415989 0.843922 -1.338272
v -0.210985 0.844095 -1.166362
v -0.188459 0.870842 -1.184479
v -0.087373 0.844333 -0.929085
v -0.059638 0.871090 -0.937205
v -0.063973 0.844600 -0.662567
v -0.035252 0.871368 -0.659457
v -0.144346 0.844856 -0.407380
v -0.119012 0.871635 -0.393518
v -0.316256 0.845062 -0.202376
v -0.298166 0.871849 -0.179877
v -0.553533 0.845186 -0.078765
v -0.545440 0.871978 -0.051057
v -0.820052 0.845209 -0.055364
v -0.823188 0.872003 -0.026670
v -0.823188 0.872003 -0.026670
v -0.820052 0.845209 -0.055364
v -1.075238 0.845128 -0.135737
v -1.089127 0.871919 -0.110430
v -1.280242 0.844956 -0.307648
v -1.302768 0.871739 -0.289584
v -1.403854 0.844718 -0.544924
v -1.431589 0.871491 -0.536857
v -1.427254 0.844451 -0.811443
v -1.455975 0.871212 -0.814606
v -1.346881 0.844195 -1.066629
v -1.372216 0.870946 -1.080544
v -1.174971 0.843989 -1.271633
v -1.193062 0.870731 -1.294186
v -0.937694 0.843865 -1.395244
v -0.945788 0.870602 -1.423006
v -0.671175 0.843842 -1.418645
v -0.668039 0.870578 -1.447393
v 1.418877 0.877602 -0.463578
v 1.392185 0.850826 -0.474608
v 1.243545 0.851049 -0.252153
v 1.263974 0.877834 -0.231750
v 1.021090 0.851198 -0.103513
v 1.032146 0.877989 -0.076848
v 0.758687 0.851250 -0.051318
v 0.758687 0.878044 -0.022453
v 0.496283 0.851198 -0.103513
v 0.485227 0.877989 -0.076848
v 0.273828 0.851049 -0.252153
v 0.253399 0.877834 -0.231750
v 0.125189 0.850825 -0.474607
v 0.098496 0.877601 -0.463578
v 0.072993 0.850562 -0.737011
v 0.044102 0.877327 -0.737038
v 0.044102 0.877327 -0.737038
v 0.072993 0.850562 -0.737011
v 0.125189 0.850299 -0.999414
v 0.098496 0.877053 -1.010497
v 0.273828 0.850076 -1.221869
v 0.253399 0.876820 -1.242325
v 0.496283 0.849927 -1.370508
v 0.485227 0.876665 -1.397227
v 0.758687 0.849875 -1.422704
v 0.758687 0.876611 -1.451622
v 1.021090 0.849927 -1.370508
v 1.032146 0.876665 -1.397227
v 1.243545 0.850076 -1.221869
v 1.263974 0.876820 -1.242325
v 1.392185 0.850299 -0.999414
v 1.418877 0.877053 -1.010497
v 1.444380 0.850562 -0.737011
v 1.473271 0.877327 -0.737038
v -0.402100 0.903325 -1.363666
v -0.402100 0.870662 -1.363633
v -0.188459 0.870842 -1.184479
v -0.188459 0.903504 -1.184512
v -0.059638 0.871090 -0.937205
v -0.059638 0.903752 -0.937238
v -0.035252 0.871368 -0.659457
v -0.035252 0.904031 -0.659490
v -0.119012 0.871635 -0.393518
v -0.119012 0.904298 -0.393551
v -0.298166 0.871849 -0.179877
v -0.298166 0.904512 -0.179909
v -0.545440 0.871978 -0.051057
v -0.545440 0.904641 -0.051089
v -0.823188 0.872003 -0.026670
v -0.823188 0.904666 -0.026703
v -0.823188 0.904666 -0.026703
v -0.823188 0.872003 -0.026670
v -1.089127 0.871919 -0.110430
v -1.089127 0.904582 -0.110463
v -1.302768 0.871739 -0.289584
v -1.302768 0.904402 -0.289616
v -1.431589 0.871491 -0.536857
v -1.431589 0.904154 -0.536890
v -1.455975 0.871212 -0.814606
v -1.455975 0.903875 -0.814639
v -1.372216 0.870946 -1.080544
v -1.372216 0.903609 -1.080577
v -1.193062 0.870731 -1.294186
v -1.193062 0.903394 -1.294219
v -0.945788 0.870602 -1.423006
v -0.945788 0.903265 -1.423039
v -0.668039 0.870578 -1.447393
v -0.668039 0.903241 -1.447425
v 1.418877 0.910264 -0.463611
v 1.418877 0.877602 -0.463578
v 1.263974 0.877834 -0.231750
v 1.263974 0.910497 -0.231783
v 1.032146 0.877989 -0.076848
v 1.032146 0.910653 -0.076881
v 0.758687 0.878044 -0.022453
v 0.758687 0.910707 -0.022486
v 0.485227 0.877989 -0.076848
v 0.485227 0.910653 -0.076880
v 0.253399 0.877834 -0.231750
v 0.253399 0.910497 -0.231783
v 0.098496 0.877601 -0.463578
v 0.098496 0.910265 -0.463611
v 0.044102 0.877327 -0.737038
v 0.044102 0.909990 -0.737070
v 0.044102 0.909990 -0.737070
v 0.044102 0.877327 -0.737038
v 0.098496 0.877053 -1.010497
v 0.098496 0.909716 -1.010530
v 0.253399 0.876820 -1.242325
v 0.253399 0.909484 -1.242358
v 0.485227 0.876665 -1.397227
v 0.485227 0.909328 -1.397260
v 0.758687 0.876611 -1.451622
v 0.758687 0.909274 -1.451655
v 1.032146 0.876665 -1.397227
v 1.032146 0.909328 -1.397260
v 1.263974 0.876820 -1.242325
v 1.263974 0.909483 -1.242358
v 1.418877 0.877053 -1.010497
v 1.418877 0.909716 -1.010530
v 1.473271 0.877327 -0.737038
v 1.473271 0.909990 -0.737071
v -0.415989 1.941024 -1.339372
v -0.415989 0.930115 -1.338359
v -0.210985 0.930288 -1.166448
v -0.210985 1.941197 -1.167462
v -0.087373 0.930526 -0.929172
v -0.087373 1.941435 -0.930186
v -0.063973 0.930793 -0.662653
v -0.063973 1.941702 -0.663667
v -0.144346 0.931049 -0.407467
v -0.144346 1.941958 -0.408481
v -0.316256 0.931255 -0.202463
v -0.316256 1.942164 -0.203477
v -0.553533 0.931379 -0.078851
v -0.553533 1.942288 -0.079865
v -0.820052 0.931402 -0.055451
v -0.820052 1.942311 -0.056465
v -0.820052 1.942311 -0.056465
v -0.820052 0.931402 -0.055451
v -1.075238 0.931321 -0.135824
v -1.075238 1.942231 -0.136838
v -1.280242 0.931149 -0.307734
v -1.280242 1.942058 -0.308748
v -1.403854 0.930911 -0.545010
v -1.403854 1.941820 -0.546024
v -1.427254 0.930644 -0.811529
v -1.427255 1.941553 -0.812543
v -1.346881 0.930388 -1.066715
v -1.346881 1.941297 -1.067729
v -1.174971 0.930182 -1.271719
v -1.174971 1.941091 -1.272733
v -0.937694 0.930058 -1.395331
v -0.937694 1.940967 -1.396345
v -0.671175 0.930035 -1.418731
v -0.671175 1.940944 -1.419746
v 1.392185 1.947928 -0.475708
v 1.392185 0.937019 -0.474694
v 1.243545 0.937242 -0.252239
v 1.243545 1.948151 -0.253253
v 1.021090 0.937391 -0.103600
v 1.021090 1.948300 -0.104614
v 0.758687 0.937443 -0.051404
v 0.758687 1.948352 -0.052418
v 0.496283 0.937391 -0.103600
v 0.496283 1.948300 -0.104614
v 0.273828 0.937242 -0.252239
v 0.273828 1.948151 -0.253253
v 0.125189 0.937018 -0.474694
v 0.125189 1.947928 -0.475708
v 0.072993 0.936755 -0.737097
v 0.072993 1.947664 -0.738111
v 0.072993 1.947664 -0.738111
v 0.072993 0.936755 -0.737097
v 0.125189 0.936492 -0.999501
v 0.125189 1.947401 -1.000514
v 0.273828 0.936269 -1.221955
v 0.273828 1.947178 -1.222969
v 0.496283 0.936120 -1.370595
v 0.496283 1.947029 -1.371609
v 0.758687 0.936068 -1.422790
v 0.758687 1.946977 -1.423804
v 1.021090 0.936120 -1.370595
v 1.021090 1.947029 -1.371609
v 1.243545 0.936269 -1.221955
v 1.243545 1.947178 -1.222969
v 1.392185 0.936492 -0.999501
v 1.392185 1.947401 -1.000515
v 1.444380 0.936755 -0.737097
v 1.444380 1.947664 -0.738111
v -0.402100 1.967764 -1.364734
v -0.415989 1.941024 -1.339372
v -0.210985 1.941197 -1.167462
v -0.188459 1.967944 -1.185580
v -0.087373 1.941435 -0.930186
v -0.059639 1.968192 -0.938306
v -0.063973 1.941702 -0.663667
v -0.035252 1.968470 -0.660557
v -0.144346 1.941958 -0.408481
v -0.119012 1.968737 -0.394619
v -0.316256 1.942164 -0.203477
v -0.298166 1.968951 -0.180977
v -0.553533 1.942288 -0.079865
v -0.545440 1.969080 -0.052157
v -0.820052 1.942311 -0.056465
v -0.823188 1.969105 -0.027771
v -0.823188 1.969105 -0.027771
v -0.820052 1.942311 -0.056465
v -1.075238 1.942231 -0.136838
v -1.089127 1.969021 -0.111530
v -1.280242 1.942058 -0.308748
v -1.302769 1.968841 -0.290684
v -1.403854 1.941820 -0.546024
v -1.431589 1.968593 -0.537958
v -1.427255 1.941553 -0.812543
v -1.455975 1.968314 -0.815707
v -1.346881 1.941297 -1.067729
v -1.372216 1.968048 -1.081645
v -1.174971 1.941091 -1.272733
v -1.193062 1.967833 -1.295287
v -0.937694 1.940967 -1.396345
v -0.945788 1.967704 -1.424107
v -0.671175 1.940944 -1.419746
v -0.668039 1.967680 -1.448493
v 1.418877 1.974704 -0.464678
v 1.392185 1.947928 -0.475708
v 1.243545 1.948151 -0.253253
v 1.263974 1.974936 -0.232851
v 1.021090 1.948300 -0.104614
v 1.032146 1.975092 -0.077948
v 0.758687 1.948352 -0.052418
v 0.758687 1.975146 -0.023554
v 0.496283 1.948300 -0.104614
v 0.485227 1.975092 -0.077948
v 0.273828 1.948151 -0.253253
v 0.253399 1.974936 -0.232851
v 0.125189 1.947928 -0.475708
v 0.098496 1.974704 -0.464678
v 0.072993 1.947664 -0.738111
v 0.044102 1.974429 -0.738138
v 0.044102 1.974429 -0.738138
v 0.072993 1.947664 -0.738111
v 0.125189 1.947401 -1.000514
v 0.098496 1.974155 -1.011598
v 0.273828 1.947178 -1.222969
v 0.253399 1.973923 -1.243425
v 0.496283 1.947029 -1.371609
v 0.485227 1.973767 -1.398328
v 0.758687 1.946977 -1.423804
v 0.758687 1.973713 -1.452722
v 1.021090 1.947029 -1.371609
v 1.032146 1.973767 -1.398328
v 1.243545 1.947178 -1.222969
v 1.263974 1.973923 -1.243426
v 1.392185 1.947401 -1.000515
v 1.418877 1.974155 -1.011598
v 1.444380 1.947664 -0.738111
v 1.473272 1.974429 -0.738138
v 1.272879 2.545620 1.171005
v 1.272879 2.034820 1.171517
v 1.064871 2.034988 1.339780
v 1.064871 2.545789 1.339268
v 0.808304 2.035064 1.415634
v 0.808304 2.545865 1.415121
v 0.542241 2.035036 1.387530
v 0.542240 2.545836 1.387017
v 0.307184 2.034908 1.259747
v 0.307184 2.545708 1.259234
v 0.138921 2.034699 1.051738
v 0.138921 2.545500 1.051226
v 0.063068 2.034442 0.795172
v 0.063068 2.545242 0.794660
v 0.091172 2.034175 0.529108
v 0.091172 2.544976 0.528596
v 0.091172 2.544976 0.528596
v 0.091172 2.034175 0.529108
v 0.218955 2.033940 0.294052
v 0.218955 2.544740 0.293540
v 0.426963 2.033771 0.125789
v 0.426963 2.544571 0.125277
v 0.683529 2.033695 0.049936
v 0.683529 2.544495 0.049424
v 0.949593 2.033723 0.078040
v 0.949593 2.544523 0.077528
v 1.184649 2.033851 0.205823
v 1.184649 2.544651 0.205311
v 1.352913 2.034060 0.413831
v 1.352913 2.544860 0.413319
v 1.428766 2.034317 0.670397
v 1.428766 2.545117 0.669885
v 1.400662 2.034584 0.936461
v 1.400662 2.545384 0.935949
v -0.452570 0.328828 1.354416
v -0.452570 0.852473 1.353891
v -0.237644 0.852313 1.194559
v -0.237644 0.328668 1.195085
v -0.100051 0.852083 0.965108
v -0.100051 0.328438 0.965633
v -0.060739 0.851817 0.700468
v -0.060739 0.328172 0.700993
v -0.125693 0.851557 0.440928
v -0.125693 0.327912 0.441453
v -0.285025 0.851342 0.226002
v -0.285025 0.327697 0.226527
v -0.514477 0.851204 0.088409
v -0.514477 0.327559 0.088934
v -0.779117 0.851164 0.049097
v -0.779117 0.327519 0.049622
v -0.779117 0.327519 0.049622
v -0.779117 0.851164 0.049097
v -1.038657 0.851229 0.114051
v -1.038657 0.327584 0.114576
v -1.253583 0.851389 0.273382
v -1.253583 0.327744 0.273908
v -1.391176 0.851619 0.502834
v -1.391176 0.327974 0.503359
v -1.430488 0.851885 0.767474
v -1.430488 0.328240 0.768000
v -1.365534 0.852145 1.027014
v -1.365534 0.328500 1.027539
v -1.206202 0.852361 1.241940
v -1.206202 0.328715 1.242466
v -0.976750 0.852499 1.379533
v -0.976750 0.328853 1.380058
v -0.712110 0.852538 1.418845
v -0.712110 0.328893 1.419370
v 1.272879 0.851524 1.172704
v 1.272879 0.327879 1.173229
v 1.064871 0.328048 1.341492
v 1.064871 0.851693 1.340967
v 0.808305 0.328124 1.417346
v 0.808305 0.851769 1.416821
v 0.542241 0.328096 1.389242
v 0.542241 0.851741 1.388716
v 0.307184 0.327968 1.261459
v 0.307184 0.851613 1.260934
v 0.138921 0.327759 1.053450
v 0.138921 0.851404 1.052925
v 0.063068 0.327502 0.796884
v 0.063068 0.851147 0.796359
v 0.091172 0.327235 0.530820
v 0.091172 0.850880 0.530295
v 0.091172 0.850880 0.530295
v 0.091172 0.327235 0.530820
v 0.218955 0.326999 0.295765
v 0.218955 0.850644 0.295239
v 0.426963 0.326830 0.127502
v 0.426963 0.850475 0.126976
v 0.683529 0.326754 0.051648
v 0.683529 0.850399 0.051123
v 0.949594 0.326783 0.079752
v 0.949593 0.850428 0.079227
v 1.184650 0.326911 0.207535
v 1.184650 0.850556 0.207010
v 1.352913 0.327119 0.415543
v 1.352913 0.850764 0.415018
v 1.428766 0.327377 0.672109
v 1.428766 0.851022 0.671584
v 1.400662 0.327644 0.938173
v 1.400662 0.851289 0.937648
v -0.452570 2.035768 1.352704
v -0.452570 2.546568 1.352192
v -0.237644 2.546408 1.192860
v -0.237644 2.035608 1.193373
v -0.100051 2.546178 0.963409
v -0.100051 2.035378 0.963921
v -0.060739 2.545913 0.698768
v -0.060739 2.035113 0.699281
v -0.125693 2.545653 0.439229
v -0.125693 2.034853 0.439741
v -0.285025 2.545437 0.224302
v -0.285025 2.034637 0.224815
v -0.514477 2.545299 0.086710
v -0.514477 2.034499 0.087222
v -0.779117 2.545259 0.047398
v -0.779117 2.034459 0.047910
v -0.779117 2.034459 0.047910
v -0.779117 2.545259 0.047398
v -1.038657 2.545325 0.112352
v -1.038657 2.034524 0.112864
v -1.253583 2.545484 0.271683
v -1.253583 2.034684 0.272196
v -1.391176 2.545715 0.501135
v -1.391176 2.034914 0.501647
v -1.430488 2.545980 0.765775
v -1.430488 2.035180 0.766288
v -1.365534 2.546240 1.025315
v -1.365534 2.035440 1.025827
v -1.206202 2.546456 1.240241
v -1.206202 2.035656 1.240754
v -0.976750 2.546594 1.377834
v -0.976750 2.035794 1.378346
v -0.712110 2.546633 1.417146
v -0.712110 2.035833 1.417658
v -0.402100 2.000427 -1.364766
v -0.402100 1.967764 -1.364734
v -0.188459 1.967944 -1.185580
v -0.188459 2.000607 -1.185612
v -0.059639 1.968192 -0.938306
v -0.059639 2.000855 -0.938339
v -0.035252 1.968470 -0.660557
v -0.035252 2.001133 -0.660590
v -0.119012 1.968737 -0.394619
v -0.119012 2.001400 -0.394652
v -0.298166 1.968951 -0.180977
v -0.298166 2.001614 -0.181010
v -0.545440 1.969080 -0.052157
v -0.545440 2.001744 -0.052190
v -0.823188 1.969105 -0.027771
v -0.823188 2.001768 -0.027804
v -0.823188 2.001768 -0.027804
v -0.823188 1.969105 -0.027771
v -1.089127 1.969021 -0.111530
v -1.089127 2.001684 -0.111563
v -1.302769 1.968841 -0.290684
v -1.302769 2.001504 -0.290717
v -1.431589 1.968593 -0.537958
v -1.431589 2.001256 -0.537991
v -1.455975 1.968314 -0.815707
v -1.455975 2.000978 -0.815739
v -1.372216 1.968048 -1.081645
v -1.372216 2.000711 -1.081678
v -1.193062 1.967833 -1.295287
v -1.193062 2.000497 -1.295319
v -0.945788 1.967704 -1.424107
v -0.945788 2.000367 -1.424139
v -0.668039 1.967680 -1.448493
v -0.668039 2.000343 -1.448526
v 1.418877 2.007367 -0.464711
v 1.418877 1.974704 -0.464678
v 1.263974 1.974936 -0.232851
v 1.263974 2.007599 -0.232883
v 1.032146 1.975092 -0.077948
v 1.032146 2.007755 -0.077981
v 0.758687 1.975146 -0.023554
v 0.758687 2.007809 -0.023586
v 0.485227 1.975092 -0.077948
v 0.485227 2.007755 -0.077981
v 0.253399 1.974936 -0.232851
v 0.253399 2.007599 -0.232883
v 0.098496 1.974704 -0.464678
v 0.098496 2.007367 -0.464711
v 0.044102 1.974429 -0.738138
v 0.044102 2.007092 -0.738171
v 0.044102 2.007092 -0.738171
v 0.044102 1.974429 -0.738138
v 0.098496 1.974155 -1.011598
v 0.098496 2.006818 -1.011630
v 0.253399 1.973923 -1.243425
v 0.253399 2.006586 -1.243458
v 0.485227 1.973767 -1.398328
v 0.485227 2.006430 -1.398361
v 0.758687 1.973713 -1.452722
v 0.758687 2.006376 -1.452755
v 1.032146 1.973767 -1.398328
v 1.032146 2.006430 -1.398361
v 1.263974 1.973923 -1.243426
v 1.263974 2.006586 -1.243458
v 1.418877 1.974155 -1.011598
v 1.418877 2.006818 -1.011631
v 1.473272 1.974429 -0.738138
v 1.473272 2.007092 -0.738171
v 1.457538 2.007549 0.667795
v 1.428766 2.034317 0.670397
v 1.352913 2.034060 0.413831
v 1.378488 2.007281 0.400419
v 1.184649 2.033851 0.205823
v 1.203135 2.007064 0.183647
v 0.949593 2.033723 0.078040
v 0.958175 2.006930 0.050479
v 0.683529 2.033695 0.049936
v 0.680901 2.006901 0.021191
v 0.426963 2.033771 0.125789
v 0.413524 2.006980 0.100241
v 0.218955 2.033940 0.294052
v 0.196752 2.007156 0.275593
v 0.091172 2.034175 0.529108
v 0.063584 2.007401 0.520553
v 0.063584 2.007401 0.520553
v 0.091172 2.034175 0.529108
v 0.063068 2.034442 0.795172
v 0.034296 2.007680 0.797828
v 0.138921 2.034699 1.051738
v 0.113346 2.007948 1.065204
v 0.307184 2.034908 1.259747
v 0.288698 2.008165 1.281977
v 0.542241 2.035036 1.387530
v 0.533659 2.008299 1.415144
v 0.808304 2.035064 1.415634
v 0.810933 2.008328 1.444432
v 1.064871 2.034988 1.339780
v 1.078310 2.008249 1.365383
v 1.272879 2.034820 1.171517
v 1.295082 2.008073 1.190030
v 1.400662 2.034584 0.936461
v 1.428250 2.007828 0.945070
v -0.452570 0.852473 1.353891
v -0.440223 0.879264 1.379984
v -0.216241 0.879098 1.213939
v -0.237644 0.852313 1.194559
v -0.072850 0.878858 0.974820
v -0.100051 0.852083 0.965108
v -0.031882 0.878581 0.699029
v -0.060739 0.851817 0.700468
v -0.099573 0.878310 0.428554
v -0.125693 0.851557 0.440928
v -0.265618 0.878085 0.204572
v -0.285025 0.851342 0.226002
v -0.504738 0.877941 0.061181
v -0.514477 0.851204 0.088409
v -0.780529 0.877900 0.020213
v -0.779117 0.851164 0.049097
v -0.779117 0.851164 0.049097
v -0.780529 0.877900 0.020213
v -1.051004 0.877968 0.087904
v -1.038657 0.851229 0.114051
v -1.274986 0.878135 0.253949
v -1.253583 0.851389 0.273382
v -1.418377 0.878374 0.493068
v -1.391176 0.851619 0.502834
v -1.459345 0.878651 0.768859
v -1.430488 0.851885 0.767474
v -1.391654 0.878922 1.039334
v -1.365534 0.852145 1.027014
v -1.225609 0.879147 1.263317
v -1.206202 0.852361 1.241940
v -0.986489 0.879291 1.406707
v -0.976750 0.852499 1.379533
v -0.710698 0.879332 1.447675
v -0.712110 0.852538 1.418845
v 1.295082 0.878308 1.191163
v 1.272879 0.851524 1.172704
v 1.064871 0.851693 1.340967
v 1.078310 0.878484 1.366516
v 0.808305 0.851769 1.416821
v 0.810933 0.878563 1.445565
v 0.542241 0.851741 1.388716
v 0.533659 0.878534 1.416277
v 0.307184 0.851613 1.260934
v 0.288698 0.878400 1.283110
v 0.138921 0.851404 1.052925
v 0.113346 0.878183 1.066337
v 0.063068 0.851147 0.796359
v 0.034296 0.877914 0.798961
v 0.091172 0.850880 0.530295
v 0.063584 0.877636 0.521687
v 0.063584 0.877636 0.521687
v 0.091172 0.850880 0.530295
v 0.218955 0.850644 0.295239
v 0.196752 0.877391 0.276727
v 0.426963 0.850475 0.126976
v 0.413524 0.877215 0.101374
v 0.683529 0.850399 0.051123
v 0.680901 0.877135 0.022324
v 0.949593 0.850428 0.079227
v 0.958175 0.877165 0.051613
v 1.184650 0.850556 0.207010
v 1.203136 0.877298 0.184780
v 1.352913 0.850764 0.415018
v 1.378488 0.877516 0.401552
v 1.428766 0.851022 0.671584
v 1.457538 0.877784 0.668929
v 1.400662 0.851289 0.937648
v 1.428250 0.878062 0.946203
v -0.976750 2.035794 1.378346
v -0.986489 2.009056 1.405574
v -1.225609 2.008912 1.262184
v -1.206202 2.035656 1.240754
v -1.391654 2.008687 1.038201
v -1.365534 2.035440 1.025827
v -1.459345 2.008416 0.767726
v -1.430488 2.035180 0.766288
v -1.418377 2.008140 0.491935
v -1.391176 2.034914 0.501647
v -1.274987 2.007900 0.252816
v -1.253583 2.034684 0.272196
v -1.051004 2.007733 0.086771
v -1.038657 2.034524 0.112864
v -0.780529 2.007665 0.019080
v -0.779117 2.034459 0.047910
v -0.779117 2.034459 0.047910
v -0.780529 2.007665 0.019080
v -0.504738 2.007706 0.060048
v -0.514477 2.034499 0.087222
v -0.265618 2.007850 0.203438
v -0.285025 2.034637 0.224815
v -0.099573 2.008075 0.427421
v -0.125693 2.034853 0.439741
v -0.031882 2.008346 0.697896
v -0.060739 2.035113 0.699281
v -0.072850 2.008623 0.973687
v -0.100051 2.035378 0.963921
v -0.216241 2.008863 1.212806
v -0.237644 2.035608 1.193373
v -0.440223 2.009029 1.378851
v -0.452570 2.035768 1.352704
v -0.710698 2.009097 1.446542
v -0.712110 2.035833 1.417658
v -0.945788 2.000367 -1.424139
v -0.937694 2.027160 -1.396431
v -1.174971 2.027284 -1.272820
v -1.193062 2.000497 -1.295319
v -1.346881 2.027490 -1.067816
v -1.372216 2.000711 -1.081678
v -1.427255 2.027746 -0.812630
v -1.455975 2.000978 -0.815739
v -1.403854 2.028013 -0.546111
v -1.431589 2.001256 -0.537991
v -1.280242 2.028251 -0.308835
v -1.302769 2.001504 -0.290717
v -1.075238 2.028424 -0.136924
v -1.089127 2.001684 -0.111563
v -0.820052 2.028504 -0.056551
v -0.823188 2.001768 -0.027804
v -0.823188 2.001768 -0.027804
v -0.820052 2.028504 -0.056551
v -0.553533 2.028481 -0.079952
v -0.545440 2.001744 -0.052190
v -0.316256 2.028357 -0.203563
v -0.298166 2.001614 -0.181010
v -0.144346 2.028151 -0.408567
v -0.119012 2.001400 -0.394652
v -0.063973 2.027895 -0.663753
v -0.035252 2.001133 -0.660590
v -0.087373 2.027628 -0.930272
v -0.059639 2.000855 -0.938339
v -0.210985 2.027390 -1.167548
v -0.188459 2.000607 -1.185612
v -0.415989 2.027218 -1.339459
v -0.402100 2.000427 -1.364766
v -0.671175 2.027137 -1.419832
v -0.668039 2.000343 -1.448526
v 1.418877 2.006818 -1.011631
v 1.392185 2.033594 -1.000601
v 1.243545 2.033371 -1.223056
v 1.263974 2.006586 -1.243458
v 1.021090 2.033222 -1.371695
v 1.032146 2.006430 -1.398361
v 0.758687 2.033170 -1.423890
v 0.758687 2.006376 -1.452755
v 0.496283 2.033222 -1.371695
v 0.485227 2.006430 -1.398361
v 0.273828 2.033371 -1.223056
v 0.253399 2.006586 -1.243458
v 0.125189 2.033594 -1.000601
v 0.098496 2.006818 -1.011630
v 0.072993 2.033857 -0.738198
v 0.044102 2.007092 -0.738171
v 0.044102 2.007092 -0.738171
v 0.072993 2.033857 -0.738198
v 0.125189 2.034121 -0.475794
v 0.098496 2.007367 -0.464711
v 0.273828 2.034344 -0.253339
v 0.253399 2.007599 -0.232883
v 0.496283 2.034493 -0.104700
v 0.485227 2.007755 -0.077981
v 0.758687 2.034545 -0.052505
v 0.758687 2.007809 -0.023586
v 1.021090 2.034493 -0.104700
v 1.032146 2.007755 -0.077981
v 1.243545 2.034344 -0.253340
v 1.263974 2.007599 -0.232883
v 1.392185 2.034121 -0.475794
v 1.418877 2.007367 -0.464711
v 1.444380 2.033857 -0.738198
v 1.473272 2.007092 -0.738171
v 1.295082 2.008073 1.190030
v 1.295082 1.975410 1.190063
v 1.078310 1.975586 1.365415
v 1.078310 2.008249 1.365383
v 0.810933 1.975665 1.444465
v 0.810933 2.008328 1.444432
v 0.533659 1.975636 1.415177
v 0.533659 2.008299 1.415144
v 0.288698 1.975502 1.282010
v 0.288698 2.008165 1.281977
v 0.113346 1.975285 1.065237
v 0.113346 2.007948 1.065204
v 0.034296 1.975017 0.797861
v 0.034296 2.007680 0.797828
v 0.063584 1.974739 0.520586
v 0.063584 2.007401 0.520553
v 0.063584 2.007401 0.520553
v 0.063584 1.974739 0.520586
v 0.196752 1.974493 0.275626
v 0.196752 2.007156 0.275593
v 0.413524 1.974317 0.100273
v 0.413524 2.006980 0.100241
v 0.680901 1.974238 0.021224
v 0.680901 2.006901 0.021191
v 0.958175 1.974267 0.050512
v 0.958175 2.006930 0.050479
v 1.203135 1.974401 0.183679
v 1.203135 2.007064 0.183647
v 1.378488 1.974618 0.400452
v 1.378488 2.007281 0.400419
v 1.457538 1.974886 0.667828
v 1.457538 2.007549 0.667795
v 1.428250 1.975164 0.945103
v 1.428250 2.007828 0.945070
v -0.440223 0.879264 1.379984
v -0.440223 0.911927 1.379951
v -0.216241 0.911760 1.213907
v -0.216241 0.879098 1.213939
v -0.072850 0.911521 0.974787
v -0.072850 0.878858 0.974820
v -0.031882 0.911244 0.698996
v -0.031882 0.878581 0.699029
v -0.099573 0.910973 0.428521
v -0.099573 0.878310 0.428554
v -0.265618 0.910748 0.204539
v -0.265618 0.878085 0.204572
v -0.504738 0.910604 0.061149
v -0.504738 0.877941 0.061181
v -0.780529 0.910563 0.020180
v -0.780529 0.877900 0.020213
v -0.780529 0.877900 0.020213
v -0.780529 0.910563 0.020180
v -1.051004 0.910631 0.087871
v -1.051004 0.877968 0.087904
v -1.274986 0.910798 0.253916
v -1.274986 0.878135 0.253949
v -1.418377 0.911037 0.493036
v -1.418377 0.878374 0.493068
v -1.459345 0.911314 0.768826
v -1.459345 0.878651 0.768859
v -1.391654 0.911585 1.039302
v -1.391654 0.878922 1.039334
v -1.225609 0.911810 1.263284
v -1.225609 0.879147 1.263317
v -0.986489 0.911954 1.406674
v -0.986489 0.879291 1.406707
v -0.710698 0.911995 1.447642
v -0.710698 0.879332 1.447675
v 1.295082 0.910971 1.191130
v 1.295082 0.878308 1.191163
v 1.078310 0.878484 1.366516
v 1.078310 0.911147 1.366483
v 0.810933 0.878563 1.445565
v 0.810933 0.911226 1.445533
v 0.533659 0.878534 1.416277
v 0.533659 0.911197 1.416245
v 0.288698 0.878400 1.283110
v 0.288698 0.911063 1.283077
v 0.113346 0.878183 1.066337
v 0.113346 0.910846 1.066305
v 0.034296 0.877914 0.798961
v 0.034296 0.910577 0.798928
v 0.063584 0.877636 0.521687
v 0.063584 0.910299 0.521654
v 0.063584 0.910299 0.521654
v 0.063584 0.877636 0.521687
v 0.196752 0.877391 0.276727
v 0.196752 0.910054 0.276694
v 0.413524 0.877215 0.101374
v 0.413524 0.909878 0.101341
v 0.680901 0.877135 0.022324
v 0.680901 0.909799 0.022291
v 0.958175 0.877165 0.051613
v 0.958175 0.909828 0.051580
v 1.203136 0.877298 0.184780
v 1.203136 0.909962 0.184747
v 1.378488 0.877516 0.401552
v 1.378488 0.910179 0.401520
v 1.457538 0.877784 0.668929
v 1.457538 0.910447 0.668896
v 1.428250 0.878062 0.946203
v 1.428250 0.910725 0.946170
v -0.976750 0.938692 1.379447
v -0.986489 0.911954 1.406674
v -1.225609 0.911810 1.263284
v -1.206202 0.938554 1.241854
v -1.391654 0.911585 1.039302
v -1.365534 0.938338 1.026927
v -1.459345 0.911314 0.768826
v -1.430488 0.938078 0.767388
v -1.418377 0.911037 0.493036
v -1.391176 0.937812 0.502748
v -1.274986 0.910798 0.253916
v -1.253583 0.937582 0.273296
v -1.051004 0.910631 0.087871
v -1.038657 0.937422 0.113965
v -0.780529 0.910563 0.020180
v -0.779117 0.937357 0.049011
v -0.779117 0.937357 0.049011
v -0.780529 0.910563 0.020180
v -0.504738 0.910604 0.061149
v -0.514477 0.937397 0.088322
v -0.265618 0.910748 0.204539
v -0.285025 0.937535 0.225915
v -0.099573 0.910973 0.428521
v -0.125693 0.937750 0.440841
v -0.031882 0.911244 0.698996
v -0.060739 0.938011 0.700381
v -0.072850 0.911521 0.974787
v -0.100051 0.938276 0.965021
v -0.216241 0.911760 1.213907
v -0.237644 0.938506 1.194473
v -0.440223 0.911927 1.379951
v -0.452570 0.938666 1.353804
v -0.710698 0.911995 1.447642
v -0.712110 0.938731 1.418758
v -0.440223 1.976366 1.378884
v -0.440223 2.009029 1.378851
v -0.216241 2.008863 1.212806
v -0.216241 1.976200 1.212839
v -0.072850 2.008623 0.973687
v -0.072850 1.975960 0.973719
v -0.031882 2.008346 0.697896
v -0.031882 1.975683 0.697929
v -0.099573 2.008075 0.427421
v -0.099573 1.975412 0.427453
v -0.265618 2.007850 0.203438
v -0.265618 1.975187 0.203471
v -0.504738 2.007706 0.060048
v -0.504738 1.975043 0.060081
v -0.780529 2.007665 0.019080
v -0.780529 1.975002 0.019113
v -0.780529 1.975002 0.019113
v -0.780529 2.007665 0.019080
v -1.051004 2.007733 0.086771
v -1.051004 1.975070 0.086804
v -1.274987 2.007900 0.252816
v -1.274987 1.975237 0.252849
v -1.418377 2.008140 0.491935
v -1.418377 1.975476 0.491968
v -1.459345 2.008416 0.767726
v -1.459345 1.975753 0.767759
v -1.391654 2.008687 1.038201
v -1.391654 1.976024 1.038234
v -1.225609 2.008912 1.262184
v -1.225609 1.976249 1.262216
v -0.986489 2.009056 1.405574
v -0.986489 1.976393 1.405607
v -0.710698 2.009097 1.446542
v -0.710698 1.976434 1.446575
v -0.415989 2.538018 -1.339971
v -0.415989 2.027218 -1.339459
v -0.210985 2.027390 -1.167548
v -0.210985 2.538190 -1.168061
v -0.087373 2.027628 -0.930272
v -0.087373 2.538428 -0.930785
v -0.063973 2.027895 -0.663753
v -0.063973 2.538695 -0.664266
v -0.144346 2.028151 -0.408567
v -0.144346 2.538951 -0.409079
v -0.316256 2.028357 -0.203563
v -0.316256 2.539157 -0.204076
v -0.553533 2.028481 -0.079952
v -0.553533 2.539281 -0.080464
v -0.820052 2.028504 -0.056551
v -0.820052 2.539304 -0.057063
v -0.820052 2.539304 -0.057063
v -0.820052 2.028504 -0.056551
v -1.075238 2.028424 -0.136924
v -1.075238 2.539224 -0.137437
v -1.280242 2.028251 -0.308835
v -1.280242 2.539051 -0.309347
v -1.403854 2.028013 -0.546111
v -1.403854 2.538813 -0.546623
v -1.427255 2.027746 -0.812630
v -1.427255 2.538546 -0.813142
v -1.346881 2.027490 -1.067816
v -1.346881 2.538290 -1.068328
v -1.174971 2.027284 -1.272820
v -1.174971 2.538085 -1.273332
v -0.937694 2.027160 -1.396431
v -0.937694 2.537961 -1.396944
v -0.671175 2.027137 -1.419832
v -0.671175 2.537937 -1.420344
v 1.392185 2.544921 -0.476307
v 1.392185 2.034121 -0.475794
v 1.243545 2.034344 -0.253340
v 1.243545 2.545144 -0.253852
v 1.021090 2.034493 -0.104700
v 1.021090 2.545293 -0.105212
v 0.758687 2.034545 -0.052505
v 0.758687 2.545346 -0.053017
v 0.496283 2.034493 -0.104700
v 0.496283 2.545293 -0.105212
v 0.273828 2.034344 -0.253339
v 0.273828 2.545144 -0.253852
v 0.125189 2.034121 -0.475794
v 0.125189 2.544921 -0.476307
v 0.072993 2.033857 -0.738198
v 0.072993 2.544658 -0.738710
v 0.072993 2.544658 -0.738710
v 0.072993 2.033857 -0.738198
v 0.125189 2.033594 -1.000601
v 0.125189 2.544394 -1.001113
v 0.273828 2.033371 -1.223056
v 0.273828 2.544172 -1.223568
v 0.496283 2.033222 -1.371695
v 0.496283 2.544022 -1.372207
v 0.758687 2.033170 -1.423890
v 0.758687 2.543970 -1.424403
v 1.021090 2.033222 -1.371695
v 1.021090 2.544022 -1.372207
v 1.243545 2.033371 -1.223056
v 1.243545 2.544172 -1.223568
v 1.392185 2.033594 -1.000601
v 1.392185 2.544395 -1.001113
v 1.444380 2.033857 -0.738198
v 1.444380 2.544658 -0.738710
v 1.457538 0.910447 0.668896
v 1.428766 0.937215 0.671498
v 1.352913 0.936957 0.414932
v 1.378488 0.910179 0.401520
v 1.184650 0.936749 0.206923
v 1.203136 0.909962 0.184747
v 0.949593 0.936621 0.079140
v 0.958175 0.909828 0.051580
v 0.683529 0.936592 0.051036
v 0.680901 0.909799 0.022291
v 0.426963 0.936668 0.126890
v 0.413524 0.909878 0.101341
v 0.218955 0.936837 0.295153
v 0.196752 0.910054 0.276694
v 0.091172 0.937073 0.530209
v 0.063584 0.910299 0.521654
v 0.063584 0.910299 0.521654
v 0.091172 0.937073 0.530209
v 0.063068 0.937340 0.796273
v 0.034296 0.910577 0.798928
v 0.138921 0.937597 1.052839
v 0.113346 0.910846 1.066305
v 0.307184 0.937806 1.260847
v 0.288698 0.911063 1.283077
v 0.542241 0.937934 1.388630
v 0.533659 0.911197 1.416245
v 0.808305 0.937962 1.416734
v 0.810933 0.911226 1.445533
v 1.064871 0.937886 1.340881
v 1.078310 0.911147 1.366483
v 1.272879 0.937717 1.172618
v 1.295082 0.910971 1.191130
v 1.400662 0.937482 0.937562
v 1.428250 0.910725 0.946170
v 1.295082 1.975410 1.190063
v 1.272879 1.948626 1.171604
v 1.064871 1.948795 1.339867
v 1.078310 1.975586 1.365415
v 0.808304 1.948871 1.415720
v 0.810933 1.975665 1.444465
v 0.542241 1.948843 1.387616
v 0.533659 1.975636 1.415177
v 0.307184 1.948715 1.259833
v 0.288698 1.975502 1.282010
v 0.138921 1.948506 1.051825
v 0.113346 1.975285 1.065237
v 0.063068 1.948249 0.795259
v 0.034296 1.975017 0.797861
v 0.091172 1.947982 0.529195
v 0.063584 1.974739 0.520586
v 0.063584 1.974739 0.520586
v 0.091172 1.947982 0.529195
v 0.218955 1.947746 0.294139
v 0.196752 1.974493 0.275626
v 0.426963 1.947578 0.125876
v 0.413524 1.974317 0.100273
v 0.683529 1.947502 0.050022
v 0.680901 1.974238 0.021224
v 0.949593 1.947530 0.078127
v 0.958175 1.974267 0.050512
v 1.184649 1.947658 0.205910
v 1.203135 1.974401 0.183679
v 1.352913 1.947867 0.413918
v 1.378488 1.974618 0.400452
v 1.428766 1.948124 0.670484
v 1.457538 1.974886 0.667828
v 1.400662 1.948391 0.936548
v 1.428250 1.975164 0.945103
v 0.513824 2.501026 -0.147514
v 0.496283 2.545293 -0.105212
v 0.273828 2.545144 -0.253852
v 0.306239 2.500887 -0.286218
v 0.125189 2.544921 -0.476307
v 0.167535 2.500679 -0.493803
v 0.072993 2.544658 -0.738710
v 0.118829 2.500433 -0.738665
v 0.125189 2.544394 -1.001113
v 0.167535 2.500187 -0.983528
v 0.273828 2.544172 -1.223568
v 0.306239 2.499979 -1.191113
v 0.496283 2.544022 -1.372207
v 0.513824 2.499840 -1.329817
v 0.758687 2.543970 -1.424403
v 0.758687 2.499791 -1.378523
v 1.021090 2.544022 -1.372207
v 1.003549 2.499840 -1.329817
v 1.243545 2.544172 -1.223568
v 1.211134 2.499979 -1.191113
v 1.392185 2.544395 -1.001113
v 1.349838 2.500187 -0.983529
v 1.444380 2.544658 -0.738710
v 1.398545 2.500433 -0.738666
v 1.392185 2.544921 -0.476307
v 1.349838 2.500679 -0.493803
v 1.243545 2.545144 -0.253852
v 1.211135 2.500887 -0.286218
v 1.021090 2.545293 -0.105212
v 1.003550 2.501026 -0.147514
v 0.758687 2.545346 -0.053017
v 0.758687 2.501075 -0.098808
v -0.452570 0.938666 1.353804
v -0.452570 1.949575 1.352790
v -0.237644 1.949415 1.193459
v -0.237644 0.938506 1.194473
v -0.100051 1.949185 0.964007
v -0.100051 0.938276 0.965021
v -0.060739 1.948920 0.699367
v -0.060739 0.938011 0.700381
v -0.125693 1.948659 0.439828
v -0.125693 0.937750 0.440841
v -0.285025 1.948444 0.224901
v -0.285025 0.937535 0.225915
v -0.514477 1.948306 0.087308
v -0.514477 0.937397 0.088322
v -0.779117 1.948266 0.047997
v -0.779117 0.937357 0.049011
v -0.779117 0.937357 0.049011
v -0.779117 1.948266 0.047997
v -1.038657 1.948331 0.112951
v -1.038657 0.937422 0.113965
v -1.253583 1.948491 0.272282
v -1.253583 0.937582 0.273296
v -1.391176 1.948721 0.501734
v -1.391176 0.937812 0.502748
v -1.430488 1.948987 0.766374
v -1.430488 0.938078 0.767388
v -1.365534 1.949247 1.025914
v -1.365534 0.938338 1.026927
v -1.206202 1.949463 1.240840
v -1.206202 0.938554 1.241854
v -0.976750 1.949601 1.378433
v -0.976750 0.938692 1.379447
v -0.712110 1.949640 1.417745
v -0.712110 0.938731 1.418758
v -1.244505 2.494798 -0.338003
v -1.403854 2.538813 -0.546623
v -1.359854 2.494576 -0.559418
v -1.427255 2.538546 -0.813142
v -1.381690 2.494327 -0.808122
v -1.346881 2.538290 -1.068328
v -1.306689 2.494088 -1.046250
v -1.174971 2.538085 -1.273332
v -1.146270 2.493896 -1.237550
v -0.937694 2.537961 -1.396944
v -0.924855 2.493780 -1.352899
v -0.671175 2.537937 -1.420344
v -0.676151 2.493758 -1.374736
v -0.415989 2.538018 -1.339971
v -0.438023 2.493834 -1.299735
v -0.210985 2.538190 -1.168061
v -0.246722 2.493994 -1.139316
v -0.087373 2.538428 -0.930785
v -0.131374 2.494216 -0.917900
v -0.063973 2.538695 -0.664266
v -0.109537 2.494466 -0.669197
v -0.144346 2.538951 -0.409079
v -0.184538 2.494705 -0.431069
v -0.316256 2.539157 -0.204076
v -0.344957 2.494897 -0.239768
v -0.553533 2.539281 -0.080464
v -0.566373 2.495012 -0.124420
v -0.820052 2.539304 -0.057063
v -0.815076 2.495034 -0.102584
v -1.075238 2.539224 -0.137437
v -1.053204 2.494959 -0.177584
v -1.280242 2.539051 -0.309347
v -1.430488 2.545980 0.765775
v -1.324095 2.501996 1.005771
v -1.365534 2.546240 1.025315
v -1.175414 2.502197 1.206330
v -1.206202 2.546456 1.240241
v -0.961300 2.502326 1.334726
v -0.976750 2.546594 1.377834
v -0.714350 2.502363 1.371410
v -0.712110 2.546633 1.417146
v -0.472159 2.502302 1.310797
v -0.452570 2.546568 1.352192
v -0.271599 2.502153 1.162117
v -0.237644 2.546408 1.192860
v -0.143204 2.501938 0.948003
v -0.100051 2.546178 0.963409
v -0.106520 2.501691 0.701052
v -0.060739 2.545913 0.698768
v -0.167132 2.501448 0.458862
v -0.125693 2.545653 0.439229
v -0.315813 2.501246 0.258302
v -0.285025 2.545437 0.224302
v -0.529927 2.501118 0.129907
v -0.514477 2.545299 0.086710
v -0.776877 2.501081 0.093223
v -0.779117 2.545259 0.047398
v -1.019068 2.501142 0.153835
v -1.038657 2.545325 0.112352
v -1.219628 2.501291 0.302516
v -1.253583 2.545484 0.271683
v -1.348023 2.501506 0.516630
v -1.391176 2.545715 0.501135
v -1.384707 2.501753 0.763580
v 0.108713 2.501013 0.790534
v 0.091172 2.544976 0.528596
v 0.134938 2.500764 0.542255
v 0.218955 2.544740 0.293540
v 0.254180 2.500544 0.322912
v 0.426963 2.544571 0.125277
v 0.448284 2.500387 0.165896
v 0.683529 2.544495 0.049424
v 0.687700 2.500316 0.095113
v 0.949593 2.544523 0.077528
v 0.935979 2.500342 0.121339
v 1.184649 2.544651 0.205311
v 1.155322 2.500462 0.240580
v 1.352913 2.544860 0.413319
v 1.312338 2.500656 0.434684
v 1.428766 2.545117 0.669885
v 1.383121 2.500897 0.674100
v 1.400662 2.545384 0.935949
v 1.356895 2.501146 0.922378
v 1.272879 2.545620 1.171005
v 1.237654 2.501366 1.141722
v 1.064871 2.545789 1.339268
v 1.043550 2.501523 1.298738
v 0.808304 2.545865 1.415121
v 0.804134 2.501594 1.369520
v 0.542240 2.545836 1.387017
v 0.555855 2.501568 1.343295
v 0.307184 2.545708 1.259234
v 0.336511 2.501448 1.224054
v 0.138921 2.545500 1.051226
v 0.179496 2.501253 1.029950
v 0.063068 2.545242 0.794660
v -1.365534 0.328500 1.027539
v -0.745613 0.328206 0.734496
v -1.430488 0.328240 0.768000
v -1.391176 0.327974 0.503359
v -1.253583 0.327744 0.273908
v -1.038657 0.327584 0.114576
v -0.779117 0.327519 0.049622
v -0.514477 0.327559 0.088934
v -0.285025 0.327697 0.226527
v -0.125693 0.327912 0.441453
v -0.060739 0.328172 0.700993
v -0.100051 0.328438 0.965633
v -0.237644 0.328668 1.195085
v -0.452570 0.328828 1.354416
v -0.712110 0.328893 1.419370
v -0.976750 0.328853 1.380058
v -1.206202 0.328715 1.242466
v -0.106520 2.501691 0.701052
v -0.143204 2.501938 0.948003
v -0.271599 2.502153 1.162117
v -0.472159 2.502302 1.310797
v -0.714350 2.502363 1.371410
v -0.961300 2.502326 1.334726
v -1.175414 2.502197 1.206330
v -1.324095 2.501996 1.005771
v -1.384707 2.501753 0.763580
v -1.348023 2.501506 0.516630
v -1.219628 2.501291 0.302516
v -1.019068 2.501142 0.153835
v -0.776877 2.501081 0.093223
v -0.529927 2.501118 0.129907
v -0.315813 2.501246 0.258302
v -0.167132 2.501448 0.458862
v 0.804134 2.501594 1.369520
v 0.555855 2.501568 1.343295
v 0.336511 2.501448 1.224054
v 0.179496 2.501253 1.029950
v 0.108713 2.501013 0.790534
v 0.134938 2.500764 0.542255
v 0.254180 2.500544 0.322912
v 0.448284 2.500387 0.165896
v 0.687700 2.500316 0.095113
v 0.935979 2.500342 0.121339
v 1.155322 2.500462 0.240580
v 1.312338 2.500656 0.434684
v 1.383121 2.500897 0.674100
v 1.356895 2.501146 0.922378
v 1.237654 2.501366 1.141722
v 1.043550 2.501523 1.298738
v -1.272469 0.323986 -1.361803
v -1.257432 0.296632 -0.691482
v -1.537421 0.296632 -0.691482
v -1.537421 0.296632 -0.691482
v -1.558223 0.323986 -1.361803
v -1.257432 0.296632 -0.691482
v -1.552459 0.325331 -0.021217
v -1.272469 0.325331 -0.021217
v -1.537421 0.297976 0.649104
v -1.257432 0.297976 0.649104
v -1.560629 0.326675 1.319369
v -1.272469 0.326675 1.319369
v 1.477123 0.563833 0.108511
v 1.507647 0.672473 0.106140
v 1.507647 0.563830 0.106249
v 1.477123 0.672475 0.108402
v 1.477123 0.553182 0.108521
v 1.478098 0.553108 0.034507
v 1.447574 0.553110 0.036768
v 1.507647 0.553180 0.106260
v 1.477663 0.553256 0.182424
v 1.508187 0.553254 0.180163
v 1.508187 0.553254 0.180163
v 1.477663 0.563907 0.182413
v 1.508187 0.563904 0.180152
v 1.477663 0.553256 0.182424
v 1.461304 0.550624 -0.049513
v 1.450179 0.683522 -0.009441
v 1.450179 0.550664 -0.009308
v 1.461304 0.683482 -0.049647
v 1.501509 0.550607 -0.066167
v 1.501509 0.683465 -0.066300
v 1.541714 0.550624 -0.049513
v 1.541714 0.683482 -0.049647
v 1.558367 0.683522 -0.009441
v 1.558367 0.550664 -0.009308
v 1.541714 0.550705 0.030897
v 1.541714 0.683563 0.030764
v 1.501509 0.550721 0.047550
v 1.501509 0.683579 0.047417
v 1.466832 0.550704 0.030897
v 1.466832 0.683563 0.030764
v 1.450179 0.550664 -0.009308
v 1.450179 0.683522 -0.009441
v -1.272469 0.280168 1.319416
v -1.272469 0.326675 1.319369
v -1.257432 0.297976 0.649104
v -1.257432 0.251469 0.649151
v -1.272469 0.278823 -0.021170
v -1.272469 0.325331 -0.021217
v -1.257432 0.250125 -0.691435
v -1.257432 0.296632 -0.691482
v -1.272469 0.277479 -1.361756
v -1.272469 0.323986 -1.361803
v 1.507647 0.683123 0.106130
v 1.507647 0.672473 0.106140
v 1.508052 0.672528 0.161567
v 1.508187 0.672547 0.180043
v 1.508187 0.683197 0.180032
v 1.478098 0.683051 0.034376
v 1.507647 0.672473 0.106140
v 1.478098 0.672401 0.034387
v 1.507647 0.563830 0.106249
v 1.478098 0.563758 0.034496
v 1.507647 0.553180 0.106260
v 1.478098 0.553108 0.034507
v 1.507647 0.563830 0.106249
v 1.508187 0.553254 0.180163
v 1.508187 0.563904 0.180152
v 1.508052 0.563886 0.161676
v -1.560629 0.280168 1.319416
v -1.272469 0.280168 1.319416
v -1.257432 0.251469 0.649151
v -1.537421 0.251469 0.649151
v -1.552459 0.278824 -0.021170
v -1.272469 0.278823 -0.021170
v -1.537421 0.250125 -0.691435
v -1.257432 0.250125 -0.691435
v -1.558223 0.277479 -1.361756
v -1.272469 0.277479 -1.361756
v 1.447574 0.553110 0.036768
v 1.477123 0.563833 0.108511
v 1.477123 0.553182 0.108521
v 1.447574 0.563761 0.036757
v 1.447574 0.672403 0.036648
v 1.477123 0.672475 0.108402
v 1.477123 0.683125 0.108391
v 1.447574 0.683053 0.036638
v 1.477663 0.553256 0.182424
v 1.477123 0.553182 0.108521
v 1.477123 0.563833 0.108511
v 1.477528 0.563888 0.163938
v 1.477663 0.563907 0.182413
v -1.550852 0.289146 1.296613
v -1.550852 0.289032 1.183021
v -1.108727 0.289032 1.182648
v -1.113891 0.289146 1.296613
v -0.407501 0.289146 1.296613
v -0.407501 0.289032 1.182647
v 0.384381 0.289146 1.296613
v 0.384381 0.289032 1.182647
v 1.090771 0.289146 1.296613
v 1.090771 0.289032 1.182647
v 1.527731 0.289146 1.296613
v 1.527731 0.289032 1.182647
v 1.501509 0.550607 -0.066167
v 1.501509 0.550664 -0.009308
v 1.541714 0.550624 -0.049513
v 1.558367 0.550664 -0.009308
v 1.541714 0.550705 0.030897
v 1.501509 0.550721 0.047550
v 1.466832 0.550704 0.030897
v 1.450179 0.550664 -0.009308
v 1.461304 0.550624 -0.049513
v 1.541714 0.683482 -0.049647
v 1.501509 0.683522 -0.009441
v 1.501509 0.683465 -0.066300
v 1.461304 0.683482 -0.049647
v 1.450179 0.683522 -0.009441
v 1.466832 0.683563 0.030764
v 1.501509 0.683579 0.047417
v 1.541714 0.683563 0.030764
v 1.558367 0.683522 -0.009441
v 1.189555 0.323986 -1.361803
v 1.175804 0.250125 -0.691435
v 1.189555 0.277479 -1.361756
v 1.175804 0.296632 -0.691482
v 1.189555 0.278823 -0.021170
v 1.189555 0.325331 -0.021217
v 1.175804 0.251469 0.649151
v 1.175804 0.297976 0.649104
v 1.189555 0.280168 1.319415
v 1.189555 0.326675 1.319369
v -0.236693 0.277479 -1.361756
v 0.043297 0.277479 -1.361756
v 0.043297 0.323986 -1.361803
v -0.236693 0.323986 -1.361803
v -1.550852 0.046971 1.296856
v -1.171151 0.046971 1.296856
v -1.171152 0.046857 1.182891
v -1.550852 0.046857 1.182891
v -1.108727 0.111824 1.182825
v -1.171152 0.046857 1.182891
v -1.171151 0.046971 1.296856
v -1.113891 0.111938 1.296791
v -0.407501 0.111824 1.182825
v -1.108727 0.111824 1.182825
v -1.113891 0.111938 1.296791
v -0.407501 0.111938 1.296791
v -0.407501 0.111938 1.296791
v -0.350859 0.039328 1.296863
v -0.350859 0.039214 1.182898
v -0.407501 0.111824 1.182825
v 0.327739 0.039214 1.182898
v -0.350859 0.039214 1.182898
v -0.350859 0.039328 1.296863
v 0.327739 0.039328 1.296863
v 0.384381 0.111824 1.182825
v 0.327739 0.039214 1.182898
v 0.327739 0.039328 1.296863
v 0.384381 0.111938 1.296791
v 1.090771 0.111824 1.182825
v 0.384381 0.111824 1.182825
v 0.384381 0.111938 1.296791
v 1.090771 0.111938 1.296790
v 1.090771 0.111938 1.296790
v 1.142763 0.047877 1.296855
v 1.142763 0.047763 1.182889
v 1.090771 0.111824 1.182825
v 1.527731 0.047763 1.182889
v 1.142763 0.047763 1.182889
v 1.142763 0.047877 1.296855
v 1.527731 0.047877 1.296855
v 1.527731 0.111824 1.182825
v 1.527731 0.047763 1.182889
v 1.527731 0.047877 1.296855
v 1.527731 0.111938 1.296790
v 1.527731 0.289032 1.182647
v 1.527731 0.289146 1.296613
v -0.236693 0.323986 -1.361803
v -0.261869 0.250125 -0.691435
v -0.236693 0.277479 -1.361756
v -0.261869 0.296632 -0.691482
v -0.236693 0.278823 -0.021170
v -0.236693 0.325331 -0.021217
v -0.261869 0.251469 0.649151
v -0.261869 0.297976 0.649104
v -0.236693 0.280168 1.319415
v -0.236693 0.326675 1.319369
v -0.236693 0.280168 1.319415
v -0.236693 0.326675 1.319369
v 0.043297 0.326675 1.319369
v 0.043297 0.280168 1.319415
v 1.527731 0.111938 1.296790
v 1.527731 0.289146 1.296613
v 1.527731 0.289032 1.183020
v 1.527731 0.111824 1.183198
v 1.527731 0.111938 1.296790
v 1.527731 0.111938 1.296790
v 1.527731 0.047877 1.296855
v 1.142763 0.047877 1.296855
v 1.090771 0.111938 1.296790
v -1.550852 0.111938 1.296604
v -1.550852 0.289146 1.296427
v 1.527731 0.289146 1.296613
v -1.550852 0.111938 1.296604
v -1.550852 0.111824 1.183198
v -1.550852 0.289032 1.183021
v -1.550852 0.289146 1.296427
v 0.493887 0.280168 1.319415
v 0.493887 0.326675 1.319369
v 0.491690 0.297976 0.649104
v 0.491690 0.251469 0.649151
v 0.493887 0.278824 -0.021170
v 0.493887 0.325331 -0.021217
v 0.491690 0.250125 -0.691435
v 0.491690 0.296632 -0.691482
v 0.493887 0.277479 -1.361756
v 0.493887 0.323986 -1.361803
v -0.236693 0.326675 1.319369
v 0.018121 0.297976 0.649104
v 0.043297 0.326675 1.319369
v -0.261869 0.297976 0.649104
v 0.043297 0.325331 -0.021217
v -0.236693 0.325331 -0.021217
v 0.018121 0.296632 -0.691482
v -0.261869 0.296632 -0.691482
v 0.043297 0.323986 -1.361803
v -0.236693 0.323986 -1.361803
v 0.213897 0.280168 1.319415
v 0.493887 0.280168 1.319415
v 0.491690 0.251469 0.649151
v 0.211700 0.251469 0.649151
v 0.213897 0.278824 -0.021170
v 0.493887 0.278824 -0.021170
v 0.211700 0.250125 -0.691435
v 0.491690 0.250125 -0.691435
v 0.213897 0.277479 -1.361756
v 0.493887 0.277479 -1.361756
v 0.213897 0.323986 -1.361803
v 0.211700 0.250125 -0.691435
v 0.213897 0.277479 -1.361756
v 0.211700 0.296632 -0.691482
v 0.213897 0.278824 -0.021170
v 0.213897 0.325331 -0.021217
v 0.211700 0.251469 0.649151
v 0.211700 0.297976 0.649104
v 0.213897 0.280168 1.319415
v 0.213897 0.326675 1.319369
v 0.213897 0.277479 -1.361756
v 0.493887 0.277479 -1.361756
v 0.493887 0.323986 -1.361803
v 0.213897 0.323986 -1.361803
v 0.213897 0.280168 1.319415
v 0.213897 0.326675 1.319369
v 0.493887 0.326675 1.319369
v 0.493887 0.280168 1.319415
v 0.384381 0.109394 -1.240172
v 0.327738 0.036784 -1.240099
v -0.350859 0.036783 -1.240099
v -0.407502 0.109394 -1.240172
v -1.113892 0.109394 -1.240172
v -1.171152 0.044427 -1.240107
v -1.550852 0.044427 -1.240106
v -1.550852 0.109394 -1.240172
v -1.113892 0.286602 -1.240350
v -0.407502 0.286602 -1.240350
v 0.384381 0.286602 -1.240350
v 1.090771 0.109394 -1.240172
v 1.090771 0.286602 -1.240350
v 1.527731 0.109394 -1.240172
v 1.527731 0.286602 -1.240350
v -1.550852 0.286602 -1.240349
v 1.527731 0.045332 -1.240108
v 1.142762 0.045333 -1.240108
v -0.866461 0.323986 -1.361803
v -1.131414 0.296632 -0.691482
v -1.146451 0.323986 -1.361803
v -0.851424 0.296632 -0.691482
v -1.146451 0.325331 -0.021217
v -0.866461 0.325331 -0.021217
v -1.131414 0.297976 0.649104
v -0.851424 0.297976 0.649104
v -1.146451 0.326675 1.319369
v -0.866461 0.326675 1.319369
v 1.527731 0.109394 -1.240172
v 1.527731 0.286602 -1.240350
v 1.527731 0.286487 -1.354315
v 1.527731 0.109280 -1.354137
v 1.527731 0.045332 -1.240108
v 1.527731 0.045218 -1.354073
v -1.146451 0.323986 -1.361803
v -1.131414 0.250125 -0.691435
v -1.146451 0.277479 -1.361756
v -1.131414 0.296632 -0.691482
v -1.146451 0.278824 -0.021170
v -1.146451 0.325331 -0.021217
v -1.131414 0.251469 0.649151
v -1.131414 0.297976 0.649104
v -1.146451 0.280168 1.319416
v -1.146451 0.326675 1.319369
v -0.866461 0.280168 1.319415
v -0.866461 0.326675 1.319369
v -0.851424 0.297976 0.649104
v -0.851424 0.251469 0.649151
v -0.866461 0.278824 -0.021170
v -0.866461 0.325331 -0.021217
v -0.851424 0.250125 -0.691435
v -0.851424 0.296632 -0.691482
v -0.866461 0.277479 -1.361756
v -0.866461 0.323986 -1.361803
v -0.407823 0.323986 -1.361803
v -0.672775 0.296632 -0.691482
v -0.687813 0.323986 -1.361803
v -0.392786 0.296632 -0.691482
v -0.687813 0.325331 -0.021217
v -0.407823 0.325331 -0.021217
v -0.672775 0.297976 0.649104
v -0.392786 0.297976 0.649104
v -0.687812 0.326675 1.319369
v -0.407823 0.326675 1.319369
v -1.550852 0.109394 -1.240172
v -1.550852 0.044427 -1.240106
v -1.550852 0.044312 -1.354072
v -1.550852 0.109280 -1.354137
v -1.550852 0.286487 -1.354315
v -1.550852 0.286602 -1.240349
v -1.146451 0.280168 1.319416
v -0.866461 0.280168 1.319415
v -0.851424 0.251469 0.649151
v -1.131414 0.251469 0.649151
v -1.146451 0.278824 -0.021170
v -0.866461 0.278824 -0.021170
v -1.131414 0.250125 -0.691435
v -0.851424 0.250125 -0.691435
v -1.146451 0.277479 -1.361756
v -0.866461 0.277479 -1.361756
v -0.687813 0.323986 -1.361803
v -0.672775 0.250125 -0.691435
v -0.687813 0.277479 -1.361756
v -0.672775 0.296632 -0.691482
v -0.687813 0.278824 -0.021170
v -0.687813 0.325331 -0.021217
v -0.672775 0.251469 0.649151
v -0.672775 0.297976 0.649104
v -0.687812 0.280168 1.319415
v -0.687812 0.326675 1.319369
v -1.557814 -0.001023 -1.361477
v -1.206965 -0.001023 -1.361477
v -1.206965 0.045484 -1.361523
v -1.557814 0.045484 -1.361523
v -1.206965 0.001666 1.319695
v -1.206965 0.048174 1.319648
v -1.206965 0.045484 -1.361523
v -1.206965 -0.001023 -1.361477
v -1.557813 0.048174 1.319648
v -1.557814 0.045484 -1.361523
v -1.206965 0.045484 -1.361523
v -1.206965 0.048174 1.319648
v -1.557813 0.001666 1.319695
v -1.206965 0.001666 1.319695
v -1.206965 -0.001023 -1.361477
v -1.557814 -0.001023 -1.361477
v -1.557813 0.001666 1.319695
v -1.557814 -0.001023 -1.361477
v -1.557814 0.045484 -1.361523
v -1.557813 0.048174 1.319648
v -1.557813 0.001666 1.319695
v -1.557813 0.048174 1.319648
v -1.206965 0.048174 1.319648
v -1.206965 0.001666 1.319695
v -1.558223 0.277479 -1.361756
v -1.272469 0.277479 -1.361756
v -1.272469 0.323986 -1.361803
v -1.558223 0.323986 -1.361803
v -1.560629 0.280168 1.319416
v -1.560629 0.326675 1.319369
v -1.272469 0.326675 1.319369
v -1.272469 0.280168 1.319416
v -1.146451 0.277479 -1.361756
v -0.866461 0.277479 -1.361756
v -0.866461 0.323986 -1.361803
v -1.146451 0.323986 -1.361803
v -1.146451 0.280168 1.319416
v -1.146451 0.326675 1.319369
v -0.866461 0.326675 1.319369
v -0.866461 0.280168 1.319415
v -0.407823 0.280168 1.319415
v -0.407823 0.326675 1.319369
v -0.392786 0.297976 0.649104
v -0.392786 0.251469 0.649151
v -0.407823 0.278824 -0.021170
v -0.407823 0.325331 -0.021217
v -0.392786 0.250125 -0.691435
v -0.392786 0.296632 -0.691482
v -0.407823 0.277479 -1.361756
v -0.407823 0.323986 -1.361803
v 0.384381 0.289032 1.182647
v -0.407501 0.289032 1.182647
v -0.407501 0.111824 1.182825
v -1.108727 0.111824 1.182825
v -1.108727 0.289032 1.182648
v -1.550852 0.111824 1.183198
v -1.550852 0.289032 1.183021
v -1.550852 0.046857 1.182891
v -1.171152 0.046857 1.182891
v -0.350859 0.039214 1.182898
v 0.327739 0.039214 1.182898
v 0.384381 0.111824 1.182825
v 1.090771 0.289032 1.182647
v 1.090771 0.111824 1.182825
v 1.527731 0.289032 1.182647
v 1.527731 0.111824 1.182825
v 1.527731 0.047763 1.182889
v 1.142763 0.047763 1.182889
v 0.963096 0.323986 -1.361803
v 0.709633 0.296632 -0.691482
v 0.683106 0.323986 -1.361803
v 0.989623 0.296632 -0.691482
v 0.683107 0.325331 -0.021217
v 0.963096 0.325331 -0.021217
v 0.709634 0.297976 0.649104
v 0.989623 0.297976 0.649104
v 0.683107 0.326675 1.319369
v 0.963096 0.326675 1.319369
v -1.550852 0.109280 -1.354137
v -1.550852 0.044312 -1.354072
v -1.171152 0.044312 -1.354072
v -1.113892 0.109279 -1.354137
v 1.090771 0.109280 -1.354137
v 1.142762 0.045218 -1.354073
v 1.527731 0.045218 -1.354073
v 1.527731 0.109280 -1.354137
v 1.527731 0.286487 -1.354315
v 1.090771 0.286487 -1.354315
v 0.384381 0.109280 -1.354137
v 0.384381 0.286487 -1.354315
v -0.407502 0.109280 -1.354137
v -0.407502 0.286487 -1.354315
v -1.113892 0.286487 -1.354315
v -1.550852 0.286487 -1.354315
v -0.350859 0.036669 -1.354064
v 0.327738 0.036669 -1.354064
v -0.727991 0.547687 -1.424863
v 0.740522 0.547687 -1.424863
v 0.733180 0.548340 -1.446729
v -0.720649 0.548340 -1.446729
v -0.947381 0.548376 -1.410818
v -0.945756 0.547721 -1.390373
v -1.151920 0.548481 -1.306601
v -1.142204 0.547822 -1.290277
v -1.314242 0.548643 -1.144278
v -1.298106 0.547978 -1.134375
v -1.418459 0.548849 -0.939740
v -1.398201 0.548175 -0.937927
v -1.454370 0.549076 -0.713008
v -1.432692 0.548393 -0.720162
v -1.550852 0.044427 -1.240106
v -1.171152 0.044427 -1.240107
v -1.171152 0.044312 -1.354072
v -1.550852 0.044312 -1.354072
v -1.113892 0.109279 -1.354137
v -1.171152 0.044312 -1.354072
v -1.171152 0.044427 -1.240107
v -1.113892 0.109394 -1.240172
v -0.407502 0.109280 -1.354137
v -1.113892 0.109279 -1.354137
v -1.113892 0.109394 -1.240172
v -0.407502 0.109394 -1.240172
v -0.407502 0.109394 -1.240172
v -0.350859 0.036783 -1.240099
v -0.350859 0.036669 -1.354064
v -0.407502 0.109280 -1.354137
v 0.327738 0.036669 -1.354064
v -0.350859 0.036669 -1.354064
v -0.350859 0.036783 -1.240099
v 0.327738 0.036784 -1.240099
v 0.384381 0.109280 -1.354137
v 0.327738 0.036669 -1.354064
v 0.327738 0.036784 -1.240099
v 0.384381 0.109394 -1.240172
v 1.090771 0.109280 -1.354137
v 0.384381 0.109280 -1.354137
v 0.384381 0.109394 -1.240172
v 1.090771 0.109394 -1.240172
v 1.090771 0.109394 -1.240172
v 1.142762 0.045333 -1.240108
v 1.142762 0.045218 -1.354073
v 1.090771 0.109280 -1.354137
v 1.527731 0.045218 -1.354073
v 1.142762 0.045218 -1.354073
v 1.142762 0.045333 -1.240108
v 1.527731 0.045332 -1.240108
v -0.687812 0.280168 1.319415
v -0.407823 0.280168 1.319415
v -0.392786 0.251469 0.649151
v -0.672775 0.251469 0.649151
v -0.687813 0.278824 -0.021170
v -0.407823 0.278824 -0.021170
v -0.672775 0.250125 -0.691435
v -0.392786 0.250125 -0.691435
v -0.687813 0.277479 -1.361756
v -0.407823 0.277479 -1.361756
v -0.720649 0.551233 1.437487
v 0.740523 0.550536 1.415622
v -0.727991 0.550536 1.415622
v 0.733180 0.551233 1.437487
v 0.959912 0.551197 1.401576
v 0.958287 0.550501 1.381132
v 1.164451 0.551092 1.297359
v 1.154735 0.550401 1.281036
v 1.326773 0.550930 1.135036
v 1.310637 0.550244 1.125134
v 1.430990 0.550725 0.930498
v 1.410733 0.550047 0.928686
v 1.466901 0.550497 0.703766
v 1.445223 0.549829 0.710922
v -0.687813 0.277479 -1.361756
v -0.407823 0.277479 -1.361756
v -0.407823 0.323986 -1.361803
v -0.687813 0.323986 -1.361803
v -0.687812 0.280168 1.319415
v -0.687812 0.326675 1.319369
v -0.407823 0.326675 1.319369
v -0.407823 0.280168 1.319415
v -1.550852 0.110550 -0.087629
v -1.550852 0.045583 -0.087563
v -1.171152 0.045583 -0.087563
v -1.113892 0.110550 -0.087629
v -1.113892 0.287758 -0.087806
v -1.550852 0.287758 -0.087806
v -0.407502 0.287758 -0.087806
v -0.407502 0.110550 -0.087629
v 0.384381 0.287758 -0.087807
v 0.384381 0.110550 -0.087629
v 1.090771 0.287758 -0.087807
v 1.090771 0.110550 -0.087629
v 1.527731 0.287758 -0.087807
v 1.527731 0.110550 -0.087629
v 1.527731 0.046488 -0.087565
v 1.142762 0.046489 -0.087565
v -0.350859 0.037939 -0.087556
v 0.327738 0.037939 -0.087556
v 0.683106 0.277479 -1.361756
v 0.963096 0.277479 -1.361756
v 0.963096 0.323986 -1.361803
v 0.683106 0.323986 -1.361803
v 0.683107 0.280168 1.319415
v 0.683107 0.326675 1.319369
v 0.963096 0.326675 1.319369
v 0.963096 0.280168 1.319415
v 1.469545 0.280168 1.319415
v 1.469545 0.326675 1.319369
v 1.455793 0.297976 0.649104
v 1.455793 0.251469 0.649151
v 1.469544 0.278823 -0.021170
v 1.469544 0.325331 -0.021217
v 1.455793 0.250125 -0.691435
v 1.455793 0.296632 -0.691482
v 1.469544 0.277479 -1.361756
v 1.469544 0.323986 -1.361803
v -0.727992 2.191383 -1.426511
v 0.740522 2.191383 -1.426511
v 0.733180 2.192037 -1.448377
v -0.720649 2.192037 -1.448377
v -0.947381 2.192073 -1.412467
v -0.945756 2.191418 -1.392021
v -1.151920 2.192177 -1.308249
v -1.142204 2.191518 -1.291926
v -1.314242 2.192340 -1.145926
v -1.298106 2.191675 -1.136023
v -1.418459 2.192545 -0.941388
v -1.398202 2.191872 -0.939575
v -1.454370 2.192773 -0.714656
v -1.432692 2.192090 -0.721811
v -1.550852 0.045697 0.026402
v -1.171152 0.045697 0.026402
v -1.171152 0.045583 -0.087563
v -1.550852 0.045583 -0.087563
v -1.113892 0.110550 -0.087629
v -1.171152 0.045583 -0.087563
v -1.171152 0.045697 0.026402
v -1.113892 0.110664 0.026337
v -0.407502 0.110550 -0.087629
v -1.113892 0.110550 -0.087629
v -1.113892 0.110664 0.026337
v -0.407502 0.110664 0.026337
v -0.407502 0.110664 0.026337
v -0.350859 0.038054 0.026409
v -0.350859 0.037939 -0.087556
v -0.407502 0.110550 -0.087629
v 0.327738 0.037939 -0.087556
v -0.350859 0.037939 -0.087556
v -0.350859 0.038054 0.026409
v 0.327738 0.038054 0.026409
v 0.384381 0.110550 -0.087629
v 0.327738 0.037939 -0.087556
v 0.327738 0.038054 0.026409
v 0.384381 0.110664 0.026337
v 1.090771 0.110550 -0.087629
v 0.384381 0.110550 -0.087629
v 0.384381 0.110664 0.026337
v 1.090771 0.110664 0.026337
v 1.090771 0.110664 0.026337
v 1.142762 0.046603 0.026401
v 1.142762 0.046489 -0.087565
v 1.090771 0.110550 -0.087629
v 1.527731 0.046488 -0.087565
v 1.142762 0.046489 -0.087565
v 1.142762 0.046603 0.026401
v 1.527731 0.046603 0.026401
v 1.189555 0.280168 1.319415
v 1.469545 0.280168 1.319415
v 1.455793 0.251469 0.649151
v 1.175804 0.251469 0.649151
v 1.189555 0.278823 -0.021170
v 1.469544 0.278823 -0.021170
v 1.175804 0.250125 -0.691435
v 1.455793 0.250125 -0.691435
v 1.189555 0.277479 -1.361756
v 1.469544 0.277479 -1.361756
v -0.720649 2.194929 1.435839
v 0.740522 2.194232 1.413974
v -0.727991 2.194232 1.413974
v 0.733180 2.194930 1.435839
v 0.959912 2.194894 1.399928
v 0.958287 2.194198 1.379483
v 1.164451 2.194789 1.295710
v 1.154735 2.194098 1.279388
v 1.326773 2.194626 1.133388
v 1.310637 2.193941 1.123486
v 1.430990 2.194421 0.928849
v 1.410733 2.193744 0.927038
v 1.466901 2.194194 0.702117
v 1.445223 2.193526 0.709273
v 1.189555 0.277479 -1.361756
v 1.469544 0.277479 -1.361756
v 1.469544 0.323986 -1.361803
v 1.189555 0.323986 -1.361803
v 1.189555 0.280168 1.319415
v 1.189555 0.326675 1.319369
v 1.469545 0.326675 1.319369
v 1.469545 0.280168 1.319415
v 1.170737 -0.001023 -1.361477
v 1.521585 -0.001023 -1.361477
v 1.521585 0.045484 -1.361524
v 1.170737 0.045484 -1.361524
v 1.521586 0.001666 1.319695
v 1.521586 0.048174 1.319648
v 1.521585 0.045484 -1.361524
v 1.521585 -0.001023 -1.361477
v 1.170738 0.048174 1.319648
v 1.170737 0.045484 -1.361524
v 1.521585 0.045484 -1.361524
v 1.521586 0.048174 1.319648
v 1.170738 0.001666 1.319695
v 1.521586 0.001666 1.319695
v 1.521585 -0.001023 -1.361477
v 1.170737 -0.001023 -1.361477
v 1.170738 0.001666 1.319695
v 1.170737 -0.001023 -1.361477
v 1.170737 0.045484 -1.361524
v 1.170738 0.048174 1.319648
v 1.170738 0.001666 1.319695
v 1.170738 0.048174 1.319648
v 1.521586 0.048174 1.319648
v 1.521586 0.001666 1.319695
v 0.304333 0.001666 1.319695
v 0.304333 0.048174 1.319648
v 0.304333 0.045484 -1.361523
v 0.304333 -0.001023 -1.361477
v 0.003677 0.048174 1.319648
v 0.003677 0.045484 -1.361523
v 0.304333 0.045484 -1.361523
v 0.304333 0.048174 1.319648
v 0.003677 0.001666 1.319695
v 0.304333 0.001666 1.319695
v 0.304333 -0.001023 -1.361477
v 0.003677 -0.001023 -1.361477
v 0.003677 0.001666 1.319695
v 0.003677 -0.001023 -1.361477
v 0.003677 0.045484 -1.361523
v 0.003677 0.048174 1.319648
v 0.003677 0.001666 1.319695
v 0.003677 0.048174 1.319648
v 0.304333 0.048174 1.319648
v 0.304333 0.001666 1.319695
v -0.330646 -0.001023 -1.361477
v -0.029989 -0.001023 -1.361477
v -0.029989 0.045484 -1.361523
v -0.330646 0.045484 -1.361523
v -0.029989 0.001666 1.319695
v -0.029989 0.048174 1.319648
v -0.029989 0.045484 -1.361523
v -0.029989 -0.001023 -1.361477
v -0.330645 0.048174 1.319648
v -0.330646 0.045484 -1.361523
v -0.029989 0.045484 -1.361523
v -0.029989 0.048174 1.319648
v -0.330645 0.001666 1.319695
v -0.029989 0.001666 1.319695
v -0.029989 -0.001023 -1.361477
v -0.330646 -0.001023 -1.361477
v -0.330645 0.001666 1.319695
v -0.330646 -0.001023 -1.361477
v -0.330646 0.045484 -1.361523
v -0.330645 0.048174 1.319648
v -0.330645 0.001666 1.319695
v -0.330645 0.048174 1.319648
v -0.029989 0.048174 1.319648
v -0.029989 0.001666 1.319695
v -1.113891 0.111938 1.296791
v -1.171151 0.046971 1.296856
v -1.550852 0.046971 1.296856
v -1.550852 0.111938 1.296791
v -1.550852 0.111938 1.296791
v -1.550852 0.046971 1.296856
v -1.550852 0.046857 1.182891
v -1.550852 0.111824 1.183198
v 0.384381 0.111938 1.296791
v 0.327739 0.039328 1.296863
v -0.350859 0.039328 1.296863
v -0.407501 0.111938 1.296791
v 1.527731 0.110664 0.026336
v 1.527731 0.046603 0.026401
v 1.142762 0.046603 0.026401
v 1.090771 0.110664 0.026337
v 1.090771 0.287872 0.026159
v 1.527731 0.287872 0.026159
v 0.384381 0.287872 0.026159
v 0.384381 0.110664 0.026337
v -0.407502 0.287872 0.026159
v 0.327738 0.038054 0.026409
v -0.350859 0.038054 0.026409
v -0.407502 0.110664 0.026337
v -1.113892 0.287872 0.026159
v -1.113892 0.110664 0.026337
v -1.171152 0.045697 0.026402
v -1.550852 0.045697 0.026402
v -1.550852 0.110664 0.026337
v -1.550852 0.287872 0.026159
v 1.478098 2.326257 0.032728
v 1.477123 2.326331 0.106743
v 1.447574 2.326259 0.034990
v 1.507647 2.326329 0.104482
v 1.477663 2.326405 0.180646
v 1.508187 2.326403 0.178384
v 1.527731 0.110550 -0.087629
v 1.527731 0.046488 -0.087565
v 1.527731 0.046603 0.026401
v 1.527731 0.110664 0.026336
v 1.527731 0.287758 -0.087807
v 1.527731 0.287872 0.026159
v 1.507647 2.326329 0.104482
v 1.507647 2.315678 0.104492
v 1.508052 2.315734 0.159919
v 1.508187 2.315753 0.178395
v 1.508187 2.326403 0.178384
v 1.478098 2.315606 0.032739
v 1.478098 2.326257 0.032728
v 1.507647 2.315678 0.104492
v 1.507647 2.207036 0.104601
v 1.478098 2.206964 0.032848
v 1.478098 2.196314 0.032859
v 1.507647 2.196386 0.104612
v 1.508052 2.207092 0.160028
v 1.507647 2.207036 0.104601
v 1.508187 2.207110 0.178504
v 1.508187 2.196460 0.178515
v -1.550852 0.287872 0.026159
v -1.550852 0.287758 -0.087806
v -1.113892 0.287758 -0.087806
v -1.113892 0.287872 0.026159
v -0.407502 0.287872 0.026159
v -0.407502 0.287758 -0.087806
v 0.384381 0.287872 0.026159
v 0.384381 0.287758 -0.087807
v 1.090771 0.287872 0.026159
v 1.090771 0.287758 -0.087807
v 1.527731 0.287872 0.026159
v 1.527731 0.287758 -0.087807
v 1.447574 2.196316 0.035120
v 1.477123 2.207038 0.106863
v 1.477123 2.196388 0.106873
v 1.447574 2.206966 0.035109
v 1.477123 2.315681 0.106754
v 1.447574 2.315609 0.035000
v 1.477123 2.326331 0.106743
v 1.447574 2.326259 0.034990
v 1.501509 2.193813 -0.067815
v 1.501509 2.193870 -0.010956
v 1.541714 2.193829 -0.051161
v 1.558367 2.193870 -0.010956
v 1.541714 2.193910 0.029249
v 1.501509 2.193927 0.045902
v 1.466832 2.193910 0.029249
v 1.450179 2.193870 -0.010956
v 1.461304 2.193829 -0.051161
v 1.541714 2.326688 -0.051295
v 1.501509 2.326728 -0.011090
v 1.501509 2.326671 -0.067948
v 1.461304 2.326688 -0.051295
v 1.450179 2.326728 -0.011090
v 1.466832 2.326768 0.029115
v 1.501509 2.326785 0.045769
v 1.541714 2.326768 0.029115
v 1.558367 2.326728 -0.011090
v 1.491344 0.522486 0.300071
v 1.477355 0.522394 0.207820
v 1.461104 0.522481 0.294394
v 1.507595 0.522400 0.213497
v 1.495107 0.522307 0.121528
v 1.464867 0.522302 0.115851
v 1.511895 0.522213 0.027392
v 1.483361 0.522207 0.022035
v 1.529312 0.522199 0.013757
v 1.472075 0.522188 0.003012
v 1.539340 0.522181 -0.004606
v 1.469389 0.522168 -0.017737
v 1.536654 0.522160 -0.025356
v 1.479417 0.522149 -0.036100
v 1.496834 0.522135 -0.049735
v 1.525367 0.522141 -0.044379
v -1.550852 0.110664 0.026337
v -1.550852 0.045697 0.026402
v -1.550852 0.045583 -0.087563
v -1.550852 0.110550 -0.087629
v -1.550852 0.287758 -0.087806
v -1.550852 0.287872 0.026159
v 0.963096 0.280168 1.319415
v 0.963096 0.326675 1.319369
v 0.989623 0.297976 0.649104
v 0.989623 0.251469 0.649151
v 0.963096 0.278823 -0.021170
v 0.963096 0.325331 -0.021217
v 0.989623 0.250125 -0.691435
v 0.989623 0.296632 -0.691482
v 0.963096 0.277479 -1.361756
v 0.963096 0.323986 -1.361803
v 1.525367 0.522141 -0.044379
v 1.536654 0.548625 -0.025382
v 1.525367 0.548606 -0.044405
v 1.536654 0.522160 -0.025356
v 1.539340 0.548645 -0.004633
v 1.539340 0.522181 -0.004606
v 1.529312 0.522199 0.013757
v 1.529312 0.548664 0.013730
v 1.511895 0.548678 0.027365
v 1.511895 0.522213 0.027392
v 1.495107 0.548772 0.121501
v 1.495107 0.522307 0.121528
v 1.507595 0.522400 0.213497
v 1.507595 0.548864 0.213470
v 1.491344 0.522486 0.300071
v 1.491344 0.548951 0.300044
v 0.683107 0.280168 1.319415
v 0.963096 0.280168 1.319415
v 0.989623 0.251469 0.649151
v 0.709634 0.251469 0.649151
v 0.683107 0.278824 -0.021170
v 0.963096 0.278823 -0.021170
v 0.709633 0.250125 -0.691435
v 0.989623 0.250125 -0.691435
v 0.683106 0.277479 -1.361756
v 0.963096 0.277479 -1.361756
v 1.524868 0.711256 -0.044662
v 1.478917 0.711265 -0.036384
v 1.496334 0.711251 -0.050018
v 1.536154 0.711275 -0.025639
v 1.538840 0.711296 -0.004890
v 1.468889 0.711283 -0.018021
v 1.528812 0.711315 0.013473
v 1.471575 0.711304 0.002729
v 1.511395 0.711328 0.027108
v 1.482861 0.711323 0.021752
v 1.464367 0.711417 0.115568
v 1.494607 0.711423 0.121244
v 1.507095 0.711515 0.213213
v 1.476855 0.711509 0.207537
v 1.490844 0.711602 0.299788
v 1.460604 0.711596 0.294111
v 0.003677 -0.001023 -1.361477
v 0.304333 -0.001023 -1.361477
v 0.304333 0.045484 -1.361523
v 0.003677 0.045484 -1.361523
v -0.720649 0.551233 1.437487
v -0.727991 0.550536 1.415622
v -0.945756 0.550501 1.381132
v -0.947381 0.551197 1.401576
v -1.142204 0.550401 1.281037
v -1.151919 0.551092 1.297359
v -1.298106 0.550244 1.125135
v -1.314242 0.550930 1.135037
v -1.398201 0.550047 0.928687
v -1.418459 0.550724 0.930498
v -1.432692 0.549829 0.710922
v -1.454370 0.550497 0.703766
v -1.454370 0.549076 -0.713008
v -1.432692 0.548393 -0.720162
v 1.496334 0.711251 -0.050018
v 1.478917 0.684800 -0.036357
v 1.496334 0.684786 -0.049992
v 1.478917 0.711265 -0.036384
v 1.468889 0.684818 -0.017994
v 1.468889 0.711283 -0.018021
v 1.471575 0.684839 0.002756
v 1.471575 0.711304 0.002729
v 1.482861 0.684858 0.021779
v 1.482861 0.711323 0.021752
v 1.464367 0.711417 0.115568
v 1.464367 0.684952 0.115594
v 1.476855 0.685045 0.207563
v 1.476855 0.711509 0.207537
v 1.460604 0.711596 0.294111
v 1.460604 0.685131 0.294137
v 0.733180 0.548340 -1.446729
v 0.740522 0.547687 -1.424863
v 0.958287 0.547721 -1.390373
v 0.959912 0.548376 -1.410818
v 1.154735 0.547822 -1.290277
v 1.164450 0.548481 -1.306601
v 1.310637 0.547978 -1.134375
v 1.326773 0.548644 -1.144278
v 1.410733 0.548175 -0.937927
v 1.430990 0.548849 -0.939740
v 1.445223 0.548394 -0.720163
v 1.466901 0.549076 -0.713008
v 1.466901 0.550497 0.703766
v 1.445223 0.549829 0.710922
v 1.477528 0.672530 0.163829
v 1.477123 0.672475 0.108402
v 1.477123 0.683125 0.108391
v 1.477663 0.683199 0.182294
v 1.477663 0.672549 0.182304
v -1.432692 0.683403 -0.720298
v -1.432692 0.548393 -0.720162
v -1.432692 0.549829 0.710922
v -1.432692 0.684838 0.710787
v 1.430990 0.550725 0.930498
v 1.466901 0.684156 0.703632
v 1.466901 0.550497 0.703766
v 1.430990 0.684384 0.930364
v 1.326773 0.550930 1.135036
v 1.326773 0.684589 1.134902
v 1.164451 0.551092 1.297359
v 1.164451 0.684752 1.297225
v 0.959912 0.551197 1.401576
v 0.959912 0.684856 1.401442
v 0.733180 0.551233 1.437487
v 0.733180 0.684892 1.437353
v -0.720649 0.684892 1.437353
v -0.720649 0.551233 1.437487
v -1.558223 0.323986 -1.361803
v -1.537421 0.250125 -0.691435
v -1.558223 0.277479 -1.361756
v -1.537421 0.296632 -0.691482
v -1.552459 0.278824 -0.021170
v -1.552459 0.325331 -0.021217
v -1.537421 0.251469 0.649151
v -1.537421 0.297976 0.649104
v -1.560629 0.280168 1.319416
v -1.560629 0.326675 1.319369
v 0.740523 0.685545 1.415487
v -0.727991 0.685545 1.415487
v -0.727991 0.550536 1.415622
v 0.740523 0.550536 1.415622
v 1.445223 0.683403 -0.720298
v 1.445223 0.684838 0.710787
v 1.445223 0.549829 0.710922
v 1.445223 0.548394 -0.720163
v -1.418459 0.548849 -0.939740
v -1.454370 0.682735 -0.713142
v -1.454370 0.549076 -0.713008
v -1.418459 0.682508 -0.939874
v -1.314242 0.548643 -1.144278
v -1.314242 0.682303 -1.144412
v -1.151920 0.548481 -1.306601
v -1.151920 0.682140 -1.306735
v -0.947381 0.548376 -1.410818
v -0.947381 0.682036 -1.410952
v -0.720649 0.548340 -1.446729
v -0.720649 0.681999 -1.446863
v 0.733180 0.682000 -1.446863
v 0.733180 0.548340 -1.446729
v 0.683106 0.323986 -1.361803
v 0.709633 0.250125 -0.691435
v 0.683106 0.277479 -1.361756
v 0.709633 0.296632 -0.691482
v 0.683107 0.278824 -0.021170
v 0.683107 0.325331 -0.021217
v 0.709634 0.251469 0.649151
v 0.709634 0.297976 0.649104
v 0.683107 0.280168 1.319415
v 0.683107 0.326675 1.319369
v 0.740522 0.682696 -1.424998
v 0.740522 0.547687 -1.424863
v -0.727991 0.547687 -1.424863
v -0.727991 0.682696 -1.424998
v 0.733180 2.328589 1.435704
v -0.720649 2.328589 1.435704
v -0.727991 2.329242 1.413838
v 0.740522 2.329242 1.413838
v 0.958287 2.329207 1.379348
v 0.959912 2.328553 1.399794
v 1.154735 2.329107 1.279253
v 1.164451 2.328448 1.295576
v 1.310637 2.328951 1.123350
v 1.326773 2.328286 1.133253
v 1.410733 2.328753 0.926902
v 1.430990 2.328080 0.928715
v 1.445223 2.328535 0.709138
v 1.466901 2.327853 0.701983
v -0.720649 2.194929 1.435839
v -0.727991 2.194232 1.413974
v -0.945756 2.194198 1.379483
v -0.947381 2.194893 1.399928
v -1.142204 2.194097 1.279388
v -1.151919 2.194789 1.295710
v -1.298106 2.193941 1.123486
v -1.314242 2.194626 1.133388
v -1.398202 2.193744 0.927038
v -1.418459 2.194421 0.928850
v -1.432692 2.193526 0.709273
v -1.454370 2.194194 0.702117
v -1.454370 2.192773 -0.714656
v -1.432692 2.192090 -0.721811
v 1.189555 0.326675 1.319369
v 1.455793 0.297976 0.649104
v 1.469545 0.326675 1.319369
v 1.175804 0.297976 0.649104
v 1.469544 0.325331 -0.021217
v 1.189555 0.325331 -0.021217
v 1.455793 0.296632 -0.691482
v 1.175804 0.296632 -0.691482
v 1.469544 0.323986 -1.361803
v 1.189555 0.323986 -1.361803
v 0.213897 0.326675 1.319369
v 0.491690 0.297976 0.649104
v 0.493887 0.326675 1.319369
v 0.211700 0.297976 0.649104
v 0.493887 0.325331 -0.021217
v 0.213897 0.325331 -0.021217
v 0.491690 0.296632 -0.691482
v 0.211700 0.296632 -0.691482
v 0.493887 0.323986 -1.361803
v 0.213897 0.323986 -1.361803
v 0.740522 0.682696 -1.424998
v -0.720649 0.681999 -1.446863
v 0.733180 0.682000 -1.446863
v -0.727991 0.682696 -1.424998
v -0.945756 0.682731 -1.390508
v -0.947381 0.682036 -1.410952
v -1.142204 0.682831 -1.290412
v -1.151920 0.682140 -1.306735
v -1.298106 0.682988 -1.134510
v -1.314242 0.682303 -1.144412
v -1.398201 0.683185 -0.938062
v -1.418459 0.682508 -0.939874
v -1.432692 0.683403 -0.720298
v -1.454370 0.682735 -0.713142
v 0.733180 2.192037 -1.448377
v 0.740522 2.191383 -1.426511
v 0.958287 2.191418 -1.392021
v 0.959912 2.192073 -1.412467
v 1.154735 2.191519 -1.291926
v 1.164450 2.192177 -1.308249
v 1.310637 2.191675 -1.136024
v 1.326773 2.192340 -1.145927
v 1.410733 2.191872 -0.939576
v 1.430990 2.192545 -0.941389
v 1.445223 2.192090 -0.721811
v 1.466901 2.192773 -0.714656
v 1.466901 2.194194 0.702117
v 1.445223 2.193526 0.709273
v 1.461104 2.165686 0.292746
v 1.477355 2.192064 0.206146
v 1.461104 2.192151 0.292720
v 1.477355 2.165600 0.206172
v 1.464867 2.165507 0.114203
v 1.464867 2.191972 0.114177
v 1.483361 2.191878 0.020361
v 1.483361 2.165413 0.020387
v 1.472074 2.191859 0.001338
v 1.472074 2.165394 0.001364
v 1.469389 2.191838 -0.019412
v 1.469389 2.165373 -0.019385
v 1.479416 2.165355 -0.037748
v 1.479416 2.191820 -0.037775
v 1.496834 2.165341 -0.051383
v 1.496834 2.191806 -0.051410
v -1.432692 2.327100 -0.721946
v -1.432692 2.192090 -0.721811
v -1.432692 2.193526 0.709273
v -1.432692 2.328535 0.709138
v 1.430990 2.194421 0.928849
v 1.466901 2.327853 0.701983
v 1.466901 2.194194 0.702117
v 1.430990 2.328080 0.928715
v 1.326773 2.194626 1.133388
v 1.326773 2.328286 1.133253
v 1.164451 2.194789 1.295710
v 1.164451 2.328448 1.295576
v 0.959912 2.194894 1.399928
v 0.959912 2.328553 1.399794
v 0.733180 2.194930 1.435839
v 0.733180 2.328589 1.435704
v -0.720649 2.328589 1.435704
v -0.720649 2.194929 1.435839
v 1.525367 2.191811 -0.046053
v 1.479416 2.191820 -0.037775
v 1.496834 2.191806 -0.051410
v 1.536654 2.191830 -0.027030
v 1.469389 2.191838 -0.019412
v 1.539340 2.191851 -0.006281
v 1.472074 2.191859 0.001338
v 1.529312 2.191869 0.012082
v 1.511895 2.191883 0.025717
v 1.483361 2.191878 0.020361
v 1.464867 2.191972 0.114177
v 1.495107 2.191978 0.119853
v 1.477355 2.192064 0.206146
v 1.507595 2.192070 0.211822
v 1.491344 2.192157 0.298396
v 1.461104 2.192151 0.292720
v 0.740522 2.329242 1.413838
v -0.727991 2.329242 1.413838
v -0.727991 2.194232 1.413974
v 0.740522 2.194232 1.413974
v 1.445223 2.327100 -0.721947
v 1.445223 2.328535 0.709138
v 1.445223 2.193526 0.709273
v 1.445223 2.192090 -0.721811
v -1.418459 2.192545 -0.941388
v -1.454370 2.326432 -0.714790
v -1.454370 2.192773 -0.714656
v -1.418459 2.326205 -0.941523
v -1.314242 2.192340 -1.145926
v -1.314242 2.325999 -1.146061
v -1.151920 2.192177 -1.308249
v -1.151920 2.325837 -1.308383
v -0.947381 2.192073 -1.412467
v -0.947381 2.325732 -1.412601
v -0.720649 2.192037 -1.448377
v -0.720649 2.325696 -1.448512
v 0.733180 2.325696 -1.448512
v 0.733180 2.192037 -1.448377
v 1.496334 2.354456 -0.051667
v 1.478917 2.328005 -0.038005
v 1.496334 2.327992 -0.051640
v 1.478917 2.354470 -0.038032
v 1.468889 2.354489 -0.019669
v 1.468889 2.328024 -0.019642
v 1.471574 2.354509 0.001081
v 1.471574 2.328045 0.001107
v 1.482861 2.354528 0.020104
v 1.482861 2.328064 0.020130
v 1.464367 2.354622 0.113920
v 1.464367 2.328158 0.113946
v 1.476855 2.354715 0.205889
v 1.476855 2.328250 0.205915
v 1.460604 2.328337 0.292489
v 1.460604 2.354802 0.292463
v 1.490844 0.685137 0.299814
v 1.476855 0.685045 0.207563
v 1.460604 0.685131 0.294137
v 1.507095 0.685050 0.213240
v 1.464367 0.684952 0.115594
v 1.494607 0.684958 0.121271
v 1.511395 0.684864 0.027135
v 1.482861 0.684858 0.021779
v 1.528812 0.684850 0.013500
v 1.471575 0.684839 0.002756
v 1.468889 0.684818 -0.017994
v 1.538840 0.684832 -0.004863
v 1.536154 0.684811 -0.025613
v 1.478917 0.684800 -0.036357
v 1.524868 0.684792 -0.044636
v 1.496334 0.684786 -0.049992
v 1.469150 2.333082 0.282350
v 1.467248 2.189979 0.273444
v 1.467248 2.333073 0.273300
v 1.469150 2.189988 0.282494
v 1.476895 2.333087 0.287405
v 1.476895 2.189993 0.287549
v 1.485945 2.333086 0.285503
v 1.485945 2.189991 0.285647
v 1.491000 2.333078 0.277759
v 1.491000 2.189983 0.277902
v 1.489098 2.333069 0.268708
v 1.489098 2.189974 0.268852
v 1.481353 2.189969 0.263797
v 1.481353 2.333064 0.263654
v 1.472303 2.333066 0.265556
v 1.472303 2.189971 0.265699
v 1.467248 2.333073 0.273300
v 1.467248 2.189979 0.273444
v 1.477355 0.548859 0.207794
v 1.491344 0.548951 0.300044
v 1.461104 0.548945 0.294368
v 1.507595 0.548864 0.213470
v 1.464867 0.548766 0.115825
v 1.495107 0.548772 0.121501
v 1.511895 0.548678 0.027365
v 1.483361 0.548672 0.022009
v 1.472075 0.548653 0.002986
v 1.529312 0.548664 0.013730
v 1.539340 0.548645 -0.004633
v 1.469389 0.548632 -0.017764
v 1.479417 0.548614 -0.036127
v 1.536654 0.548625 -0.025382
v 1.496834 0.548600 -0.049761
v 1.525367 0.548606 -0.044405
v 1.536154 2.328016 -0.027261
v 1.524868 2.354462 -0.046310
v 1.524868 2.327997 -0.046284
v 1.536154 2.354481 -0.027287
v 1.538840 2.328037 -0.006511
v 1.538840 2.354502 -0.006538
v 1.528812 2.354520 0.011825
v 1.528812 2.328055 0.011852
v 1.511395 2.354534 0.025460
v 1.511395 2.328069 0.025487
v 1.494607 2.328163 0.119623
v 1.494607 2.354628 0.119596
v 1.507095 2.354720 0.211565
v 1.507095 2.328256 0.211592
v 1.490844 2.328342 0.298166
v 1.490844 2.354807 0.298139
v 1.478917 2.328005 -0.038005
v 1.478917 2.328005 -0.038005
v 1.524868 2.327997 -0.046284
v 1.524868 2.327997 -0.046284
v 1.496334 2.327992 -0.051640
v 1.536154 2.328016 -0.027261
v 1.468889 2.328024 -0.019642
v 1.538840 2.328037 -0.006511
v 1.471574 2.328045 0.001107
v 1.528812 2.328055 0.011852
v 1.511395 2.328069 0.025487
v 1.482861 2.328064 0.020130
v 1.464367 2.328158 0.113946
v 1.494607 2.328163 0.119623
v 1.476855 2.328250 0.205915
v 1.507095 2.328256 0.211592
v 1.490844 2.328342 0.298166
v 1.460604 2.328337 0.292489
v 0.740522 2.326393 -1.426647
v 0.740522 2.191383 -1.426511
v -0.727992 2.191383 -1.426511
v -0.727992 2.326393 -1.426647
v 1.461104 2.165686 0.292746
v 1.491344 2.192157 0.298396
v 1.491344 2.165692 0.298423
v 1.461104 2.192151 0.292720
v 1.525367 2.191811 -0.046053
v 1.496834 2.165341 -0.051383
v 1.525367 2.165347 -0.046027
v 1.496834 2.191806 -0.051410
v 1.479416 2.165355 -0.037748
v 1.525367 2.165347 -0.046027
v 1.496834 2.165341 -0.051383
v 1.536654 2.165366 -0.027004
v 1.539340 2.165386 -0.006254
v 1.469389 2.165373 -0.019385
v 1.472074 2.165394 0.001364
v 1.529312 2.165405 0.012109
v 1.483361 2.165413 0.020387
v 1.511895 2.165419 0.025744
v 1.464867 2.165507 0.114203
v 1.495107 2.165513 0.119880
v 1.507595 2.165605 0.211849
v 1.477355 2.165600 0.206172
v 1.461104 2.165686 0.292746
v 1.491344 2.165692 0.298423
v 1.536654 2.165366 -0.027004
v 1.525367 2.191811 -0.046053
v 1.525367 2.165347 -0.046027
v 1.536654 2.191830 -0.027030
v 1.539340 2.165386 -0.006254
v 1.539340 2.191851 -0.006281
v 1.529312 2.165405 0.012109
v 1.529312 2.191869 0.012082
v 1.511895 2.191883 0.025717
v 1.511895 2.165419 0.025744
v 1.495107 2.165513 0.119880
v 1.495107 2.191978 0.119853
v 1.507595 2.165605 0.211849
v 1.507595 2.192070 0.211822
v 1.491344 2.192157 0.298396
v 1.491344 2.165692 0.298423
v -0.720649 2.328589 1.435704
v -0.720649 2.194929 1.435839
v -0.947381 2.194893 1.399928
v -0.947381 2.328553 1.399794
v -1.151919 2.194789 1.295710
v -1.151919 2.328448 1.295576
v -1.314242 2.194626 1.133388
v -1.314242 2.328285 1.133254
v -1.418459 2.194421 0.928850
v -1.418459 2.328080 0.928716
v -1.454370 2.194194 0.702117
v -1.454370 2.327853 0.701983
v -1.454370 2.326432 -0.714790
v -1.454370 2.192773 -0.714656
v 1.460604 2.328337 0.292489
v 1.490844 2.354807 0.298139
v 1.490844 2.328342 0.298166
v 1.460604 2.354802 0.292463
v 1.536154 2.354481 -0.027287
v 1.496334 2.354456 -0.051667
v 1.524868 2.354462 -0.046310
v 1.478917 2.354470 -0.038032
v 1.468889 2.354489 -0.019669
v 1.538840 2.354502 -0.006538
v 1.528812 2.354520 0.011825
v 1.471574 2.354509 0.001081
v 1.511395 2.354534 0.025460
v 1.482861 2.354528 0.020104
v 1.464367 2.354622 0.113920
v 1.494607 2.354628 0.119596
v 1.507095 2.354720 0.211565
v 1.476855 2.354715 0.205889
v 1.490844 2.354807 0.298139
v 1.460604 2.354802 0.292463
v 1.524868 2.354462 -0.046310
v 1.496334 2.327992 -0.051640
v 1.524868 2.327997 -0.046284
v 1.496334 2.354456 -0.051667
v 1.508187 2.207110 0.178504
v 1.477663 2.315755 0.180656
v 1.508187 2.315753 0.178395
v 1.477663 2.207112 0.180765
v 1.477528 2.207094 0.162290
v 1.477663 2.315755 0.180656
v 1.477663 2.207112 0.180765
v 1.477528 2.315736 0.162181
v 1.477528 2.315736 0.162181
v 1.508052 2.207092 0.160028
v 1.508052 2.315734 0.159919
v 1.477528 2.207094 0.162290
v 1.508187 2.207110 0.178504
v 1.508052 2.315734 0.159919
v 1.508052 2.207092 0.160028
v 1.508187 2.315753 0.178395
v 1.477528 2.207094 0.162290
v 1.507647 2.207036 0.104601
v 1.508052 2.207092 0.160028
v 1.477123 2.207038 0.106863
v 1.477528 2.315736 0.162181
v 1.507647 2.315678 0.104492
v 1.477123 2.315681 0.106754
v 1.508052 2.315734 0.159919
v 1.477123 2.326331 0.106743
v 1.477528 2.315736 0.162181
v 1.477123 2.315681 0.106754
v 1.477663 2.315755 0.180656
v 1.477663 2.326405 0.180646
v 1.508187 2.315753 0.178395
v 1.477663 2.326405 0.180646
v 1.508187 2.326403 0.178384
v 1.477663 2.315755 0.180656
v 1.507647 2.315678 0.104492
v 1.477123 2.207038 0.106863
v 1.477123 2.315681 0.106754
v 1.507647 2.207036 0.104601
v 1.507647 2.196386 0.104612
v 1.477663 2.196462 0.180776
v 1.508187 2.196460 0.178515
v 1.477123 2.196388 0.106873
v 1.447574 2.196316 0.035120
v 1.478098 2.196314 0.032859
v -0.727991 2.329242 1.413838
v -0.720649 2.328589 1.435704
v -0.947381 2.328553 1.399794
v -0.945756 2.329207 1.379348
v -1.151919 2.328448 1.295576
v -1.142204 2.329107 1.279253
v -1.314242 2.328285 1.133254
v -1.298106 2.328950 1.123351
v -1.418459 2.328080 0.928716
v -1.398202 2.328753 0.926903
v -1.454370 2.327853 0.701983
v -1.432692 2.328535 0.709138
v -1.432692 2.327100 -0.721946
v -1.454370 2.326432 -0.714790
v 1.477528 2.207094 0.162290
v 1.477123 2.196388 0.106873
v 1.477123 2.207038 0.106863
v 1.477663 2.196462 0.180776
v 1.477663 2.207112 0.180765
v 1.477663 2.196462 0.180776
v 1.508187 2.207110 0.178504
v 1.508187 2.196460 0.178515
v 1.477663 2.207112 0.180765
v 1.461304 2.193829 -0.051161
v 1.450179 2.326728 -0.011090
v 1.450179 2.193870 -0.010956
v 1.461304 2.326688 -0.051295
v 1.501509 2.193813 -0.067815
v 1.501509 2.326671 -0.067948
v 1.541714 2.193829 -0.051161
v 1.541714 2.326688 -0.051295
v 1.558367 2.193870 -0.010956
v 1.558367 2.326728 -0.011090
v 1.541714 2.326768 0.029115
v 1.541714 2.193910 0.029249
v 1.501509 2.326785 0.045769
v 1.501509 2.193927 0.045902
v 1.466832 2.193910 0.029249
v 1.466832 2.326768 0.029115
v 1.450179 2.193870 -0.010956
v 1.450179 2.326728 -0.011090
v 1.491344 0.522486 0.300071
v 1.461104 0.548945 0.294368
v 1.491344 0.548951 0.300044
v 1.461104 0.522481 0.294394
v 1.525367 0.548606 -0.044405
v 1.496834 0.522135 -0.049735
v 1.525367 0.522141 -0.044379
v 1.496834 0.548600 -0.049761
v 1.479417 0.548614 -0.036127
v 1.496834 0.522135 -0.049735
v 1.496834 0.548600 -0.049761
v 1.479417 0.522149 -0.036100
v 1.469389 0.522168 -0.017737
v 1.469389 0.548632 -0.017764
v 1.472075 0.522188 0.003012
v 1.472075 0.548653 0.002986
v 1.483361 0.522207 0.022035
v 1.483361 0.548672 0.022009
v 1.464867 0.548766 0.115825
v 1.464867 0.522302 0.115851
v 1.477355 0.522394 0.207820
v 1.477355 0.548859 0.207794
v 1.461104 0.548945 0.294368
v 1.461104 0.522481 0.294394
v 1.460604 0.711596 0.294111
v 1.490844 0.685137 0.299814
v 1.460604 0.685131 0.294137
v 1.490844 0.711602 0.299788
v 1.496334 0.711251 -0.050018
v 1.524868 0.684792 -0.044636
v 1.524868 0.711256 -0.044662
v 1.496334 0.684786 -0.049992
v 1.536154 0.684811 -0.025613
v 1.524868 0.711256 -0.044662
v 1.524868 0.684792 -0.044636
v 1.536154 0.711275 -0.025639
v 1.538840 0.711296 -0.004890
v 1.538840 0.684832 -0.004863
v 1.528812 0.711315 0.013473
v 1.528812 0.684850 0.013500
v 1.511395 0.684864 0.027135
v 1.511395 0.711328 0.027108
v 1.494607 0.711423 0.121244
v 1.494607 0.684958 0.121271
v 1.507095 0.685050 0.213240
v 1.507095 0.711515 0.213213
v 1.490844 0.711602 0.299788
v 1.490844 0.685137 0.299814
v 0.740522 2.326393 -1.426647
v 0.733180 2.325696 -1.448512
v 0.959912 2.325732 -1.412601
v 0.958287 2.326427 -1.392156
v 1.164450 2.325837 -1.308383
v 1.154735 2.326528 -1.292061
v 1.326773 2.325999 -1.146061
v 1.310637 2.326684 -1.136159
v 1.430990 2.326205 -0.941523
v 1.410733 2.326881 -0.939711
v 1.466901 2.326432 -0.714791
v 1.445223 2.327100 -0.721947
v 1.445223 2.328535 0.709138
v 1.466901 2.327853 0.701983
v 1.472303 0.546765 0.267347
v 1.467248 0.689868 0.274948
v 1.467248 0.546773 0.275092
v 1.472303 0.689860 0.267204
v 1.481354 0.689858 0.265302
v 1.481354 0.546763 0.265445
v 1.489098 0.689863 0.270356
v 1.489098 0.546768 0.270500
v 1.491000 0.689872 0.279407
v 1.491000 0.546778 0.279550
v 1.485945 0.546785 0.287295
v 1.485945 0.689880 0.287151
v 1.476895 0.689882 0.289053
v 1.476895 0.546787 0.289197
v 1.469151 0.689877 0.283998
v 1.469151 0.546782 0.284142
v 1.467248 0.546773 0.275092
v 1.467248 0.689868 0.274948
v 1.477663 0.672549 0.182304
v 1.508187 0.563904 0.180152
v 1.477663 0.563907 0.182413
v 1.508187 0.672547 0.180043
v 1.477663 0.672549 0.182304
v 1.477528 0.563888 0.163938
v 1.477528 0.672530 0.163829
v 1.477663 0.563907 0.182413
v 1.508052 0.563886 0.161676
v 1.477528 0.672530 0.163829
v 1.477528 0.563888 0.163938
v 1.508052 0.672528 0.161567
v 1.508187 0.672547 0.180043
v 1.508187 0.563904 0.180152
v 1.508052 0.563886 0.161676
v 1.477123 0.563833 0.108511
v 1.507647 0.563830 0.106249
v 1.477528 0.563888 0.163938
v 1.477528 0.672530 0.163829
v 1.507647 0.672473 0.106140
v 1.477123 0.672475 0.108402
v 1.508052 0.672528 0.161567
v 1.507647 0.683123 0.106130
v 1.447574 0.683053 0.036638
v 1.478098 0.683051 0.034376
v 1.477123 0.683125 0.108391
v 1.508187 0.683197 0.180032
v 1.477663 0.683199 0.182294
v 1.477663 0.672549 0.182304
v 1.508187 0.683197 0.180032
v 1.508187 0.672547 0.180043
v 1.477663 0.683199 0.182294
v -0.236693 0.280168 1.319415
v 0.043297 0.280168 1.319415
v 0.018121 0.251469 0.649151
v -0.261869 0.251469 0.649151
v -0.236693 0.278823 -0.021170
v 0.043297 0.278823 -0.021170
v -0.261869 0.250125 -0.691435
v 0.018121 0.250125 -0.691435
v -0.236693 0.277479 -1.361756
v 0.043297 0.277479 -1.361756
v -1.418459 2.326205 -0.941523
v -1.432692 2.327100 -0.721946
v -1.454370 2.326432 -0.714790
v -1.398202 2.326881 -0.939711
v -1.314242 2.325999 -1.146061
v -1.298106 2.326684 -1.136159
v -1.151920 2.325837 -1.308383
v -1.142204 2.326528 -1.292061
v -0.947381 2.325732 -1.412601
v -0.945756 2.326427 -1.392156
v -0.720649 2.325696 -1.448512
v -0.727992 2.326393 -1.426647
v 0.740522 2.326393 -1.426647
v 0.733180 2.325696 -1.448512
v 0.733180 2.325696 -1.448512
v 0.733180 2.192037 -1.448377
v 0.959912 2.192073 -1.412467
v 0.959912 2.325732 -1.412601
v 1.164450 2.192177 -1.308249
v 1.164450 2.325837 -1.308383
v 1.326773 2.192340 -1.145927
v 1.326773 2.325999 -1.146061
v 1.430990 2.192545 -0.941389
v 1.430990 2.326205 -0.941523
v 1.466901 2.192773 -0.714656
v 1.466901 2.326432 -0.714791
v 1.466901 2.327853 0.701983
v 1.466901 2.194194 0.702117
v -1.550852 0.286602 -1.240349
v -1.550852 0.286487 -1.354315
v -1.113892 0.286487 -1.354315
v -1.113892 0.286602 -1.240350
v -0.407502 0.286602 -1.240350
v -0.407502 0.286487 -1.354315
v 0.384381 0.286602 -1.240350
v 0.384381 0.286487 -1.354315
v 1.090771 0.286602 -1.240350
v 1.090771 0.286487 -1.354315
v 1.527731 0.286602 -1.240350
v 1.527731 0.286487 -1.354315
v -0.720649 0.684892 1.437353
v -0.720649 0.551233 1.437487
v -0.947381 0.551197 1.401576
v -0.947381 0.684856 1.401442
v -1.151919 0.551092 1.297359
v -1.151919 0.684752 1.297225
v -1.314242 0.550930 1.135037
v -1.314242 0.684589 1.134903
v -1.418459 0.550724 0.930498
v -1.418459 0.684384 0.930364
v -1.454370 0.550497 0.703766
v -1.454370 0.684156 0.703632
v -1.454370 0.682735 -0.713142
v -1.454370 0.549076 -0.713008
v 0.043297 0.280168 1.319415
v 0.043297 0.326675 1.319369
v 0.018121 0.297976 0.649104
v 0.018121 0.251469 0.649151
v 0.043297 0.278823 -0.021170
v 0.043297 0.325331 -0.021217
v 0.018121 0.250125 -0.691435
v 0.018121 0.296632 -0.691482
v 0.043297 0.277479 -1.361756
v 0.043297 0.323986 -1.361803
v -0.727991 0.685545 1.415487
v -0.720649 0.684892 1.437353
v -0.947381 0.684856 1.401442
v -0.945756 0.685511 1.380997
v -1.151919 0.684752 1.297225
v -1.142204 0.685410 1.280901
v -1.314242 0.684589 1.134903
v -1.298106 0.685254 1.124999
v -1.418459 0.684384 0.930364
v -1.398201 0.685057 0.928551
v -1.454370 0.684156 0.703632
v -1.432692 0.684838 0.710787
v -1.432692 0.683403 -0.720298
v -1.454370 0.682735 -0.713142
v 0.733180 0.682000 -1.446863
v 0.733180 0.548340 -1.446729
v 0.959912 0.548376 -1.410818
v 0.959912 0.682036 -1.410952
v 1.164450 0.548481 -1.306601
v 1.164450 0.682140 -1.306735
v 1.326773 0.548644 -1.144278
v 1.326773 0.682303 -1.144412
v 1.430990 0.548849 -0.939740
v 1.430990 0.682508 -0.939874
v 1.466901 0.549076 -0.713008
v 1.466901 0.682736 -0.713142
v 1.466901 0.684156 0.703632
v 1.466901 0.550497 0.703766
v 0.733180 0.684892 1.437353
v -0.720649 0.684892 1.437353
v -0.727991 0.685545 1.415487
v 0.740523 0.685545 1.415487
v 0.958287 0.685511 1.380997
v 0.959912 0.684856 1.401442
v 1.154735 0.685410 1.280901
v 1.164451 0.684752 1.297225
v 1.310637 0.685254 1.124999
v 1.326773 0.684589 1.134902
v 1.410733 0.685057 0.928551
v 1.430990 0.684384 0.930364
v 1.445223 0.684838 0.710787
v 1.466901 0.684156 0.703632
v 1.466901 0.682736 -0.713142
v 1.466901 0.684156 0.703632
v 1.445223 0.684838 0.710787
v 1.445223 0.683403 -0.720298
v 1.410733 0.683185 -0.938062
v 1.430990 0.682508 -0.939874
v 1.310637 0.682988 -1.134511
v 1.326773 0.682303 -1.144412
v 1.154735 0.682831 -1.290413
v 1.164450 0.682140 -1.306735
v 0.958287 0.682731 -1.390508
v 0.959912 0.682036 -1.410952
v 0.740522 0.682696 -1.424998
v 0.733180 0.682000 -1.446863
vn -0.0000 1.0000 -0.0010
vn -0.0000 -1.0000 0.0010
vn 0.6630 0.7198 0.2055
vn 0.6915 0.7196 -0.0639
vn 0.6147 0.7193 -0.3237
vn 0.4443 0.7191 -0.5343
vn 0.2062 0.7190 -0.6637
vn 0.2063 0.7190 -0.6637
vn -0.0632 0.7189 -0.6922
vn -0.3230 0.7190 -0.6154
vn -0.5336 0.7192 -0.4450
vn -0.6630 0.7194 -0.2070
vn -0.6915 0.7197 0.0625
vn -0.6915 0.7197 0.0624
vn -0.6147 0.7200 0.3223
vn -0.4443 0.7202 0.5329
vn -0.2062 0.7203 0.6623
vn -0.2063 0.7203 0.6623
vn 0.0632 0.7203 0.6907
vn 0.3230 0.7203 0.6139
vn 0.5336 0.7201 0.4435
vn 0.5336 0.7201 0.4436
vn 0.6277 0.7193 -0.2975
vn 0.6935 0.7196 -0.0346
vn 0.6537 0.7199 0.2333
vn 0.5144 0.7201 0.4657
vn 0.2967 0.7203 0.6270
vn 0.2969 0.7200 0.6272
vn 0.0339 0.7203 0.6928
vn -0.2341 0.7203 0.6530
vn -0.4664 0.7202 0.5137
vn -0.6277 0.7199 0.2960
vn -0.6935 0.7197 0.0332
vn -0.6537 0.7194 -0.2348
vn -0.5144 0.7192 -0.4671
vn -0.2967 0.7190 -0.6285
vn -0.0339 0.7189 -0.6942
vn 0.2341 0.7190 -0.6544
vn 0.4664 0.7191 -0.5151
vn 0.6665 0.7194 -0.1952
vn 0.5414 0.7192 -0.4355
vn 0.3338 0.7190 -0.6096
vn 0.0754 0.7189 -0.6910
vn -0.1945 0.7190 -0.6673
vn -0.4348 0.7191 -0.5421
vn -0.6089 0.7193 -0.3345
vn -0.6902 0.7196 -0.0761
vn -0.6665 0.7198 0.1938
vn -0.6666 0.7198 0.1938
vn -0.5414 0.7201 0.4341
vn -0.3338 0.7202 0.6081
vn -0.0754 0.7203 0.6895
vn 0.1945 0.7203 0.6658
vn 0.4348 0.7202 0.5407
vn 0.6089 0.7200 0.3331
vn 0.6902 0.7197 0.0747
vn 0.4274 0.0009 0.9041
vn 0.0489 0.0010 0.9988
vn -0.3371 0.0009 0.9415
vn -0.6717 0.0007 0.7408
vn -0.9041 0.0004 0.4274
vn -0.9988 -0.0000 0.0489
vn -0.9415 -0.0003 -0.3371
vn -0.7408 -0.0007 -0.6717
vn -0.4274 -0.0009 -0.9041
vn -0.0490 -0.0010 -0.9988
vn -0.0488 -0.0010 -0.9988
vn 0.3371 -0.0009 -0.9415
vn 0.6717 -0.0007 -0.7408
vn 0.9041 -0.0004 -0.4274
vn 0.9988 -0.0000 -0.0489
vn 0.9415 0.0003 0.3371
vn 0.7408 0.0007 0.6717
vn 0.2657 0.7190 -0.6422
vn -0.0000 0.7189 -0.6951
vn -0.2657 0.7190 -0.6422
vn -0.4910 0.7191 -0.4917
vn -0.6415 0.7194 -0.2664
vn -0.6944 0.7196 -0.0007
vn -0.6415 0.7199 0.2650
vn -0.4910 0.7201 0.4903
vn -0.2657 0.7203 0.6408
vn -0.0000 0.7203 0.6936
vn 0.2657 0.7203 0.6408
vn 0.4910 0.7201 0.4903
vn 0.6415 0.7199 0.2650
vn 0.6944 0.7196 -0.0007
vn 0.6415 0.7194 -0.2664
vn 0.4910 0.7191 -0.4917
vn 0.5223 -0.7332 0.4356
vn 0.6489 -0.7334 0.2026
vn 0.6768 -0.7336 -0.0611
vn 0.6768 -0.7337 -0.0611
vn 0.6016 -0.7339 -0.3154
vn 0.4348 -0.7341 -0.5215
vn 0.2019 -0.7342 -0.6482
vn -0.0618 -0.7343 -0.6760
vn -0.3161 -0.7342 -0.6009
vn -0.5223 -0.7340 -0.4341
vn -0.6489 -0.7338 -0.2013
vn -0.6489 -0.7338 -0.2011
vn -0.6768 -0.7335 0.0626
vn -0.6016 -0.7333 0.3169
vn -0.4348 -0.7331 0.5230
vn -0.2019 -0.7329 0.6497
vn 0.0618 -0.7329 0.6775
vn 0.3161 -0.7330 0.6023
vn 0.6768 0.7335 -0.0626
vn 0.6489 0.7338 0.2011
vn 0.5223 0.7340 0.4341
vn 0.3161 0.7342 0.6009
vn 0.0618 0.7343 0.6760
vn -0.2019 0.7342 0.6482
vn -0.4348 0.7341 0.5215
vn -0.6016 0.7339 0.3154
vn -0.6768 0.7337 0.0611
vn -0.6489 0.7334 -0.2026
vn -0.6489 0.7334 -0.2027
vn -0.6489 0.7334 -0.2028
vn -0.5223 0.7332 -0.4356
vn -0.3161 0.7330 -0.6023
vn -0.0618 0.7329 -0.6775
vn 0.2019 0.7329 -0.6497
vn 0.4348 0.7331 -0.5230
vn 0.6016 0.7333 -0.3168
vn 0.6016 0.7333 -0.3169
vn 0.9239 0.0004 0.3827
vn 1.0000 -0.0000 -0.0000
vn 0.9239 -0.0004 -0.3827
vn 0.7071 -0.0007 -0.7071
vn 0.3827 -0.0009 -0.9239
vn -0.0000 -0.0010 -1.0000
vn -0.3827 -0.0009 -0.9239
vn -0.7071 -0.0007 -0.7071
vn -0.9239 -0.0004 -0.3827
vn -1.0000 -0.0000 -0.0000
vn -0.9239 0.0004 0.3827
vn -0.7071 0.0007 0.7071
vn -0.3827 0.0009 0.9239
vn -0.0000 0.0010 1.0000
vn 0.3827 0.0009 0.9239
vn 0.7071 0.0007 0.7071
vn 0.4807 -0.0009 -0.8769
vn 0.1086 -0.0010 -0.9941
vn -0.2801 -0.0010 -0.9600
vn -0.6262 -0.0008 -0.7797
vn -0.8769 -0.0005 -0.4807
vn -0.9941 -0.0001 -0.1086
vn -0.9600 0.0003 0.2801
vn -0.7797 0.0006 0.6262
vn -0.4807 0.0009 0.8769
vn -0.1086 0.0010 0.9941
vn -0.1085 0.0010 0.9941
vn 0.2801 0.0010 0.9600
vn 0.6262 0.0008 0.7797
vn 0.8769 0.0005 0.4807
vn 0.9941 0.0001 0.1086
vn 0.9600 -0.0003 -0.2801
vn 0.7797 -0.0006 -0.6262
vn -0.2291 0.7342 0.6391
vn 0.0332 0.7343 0.6780
vn 0.2904 0.7342 0.6137
vn 0.5035 0.7340 0.4558
vn 0.5034 0.7340 0.4558
vn 0.6398 0.7338 0.2283
vn 0.6788 0.7336 -0.0339
vn 0.6144 0.7333 -0.2912
vn 0.4565 0.7331 -0.5042
vn 0.2291 0.7329 -0.6406
vn -0.0332 0.7329 -0.6795
vn -0.2904 0.7330 -0.6151
vn -0.5035 0.7331 -0.4572
vn -0.5034 0.7331 -0.4572
vn -0.6398 0.7334 -0.2298
vn -0.6788 0.7336 0.0325
vn -0.6144 0.7339 0.2897
vn -0.4565 0.7341 0.5027
vn 0.7685 0.0006 0.6398
vn 0.9549 0.0003 0.2970
vn 0.9959 -0.0001 -0.0910
vn 0.8852 -0.0005 -0.4652
vn 0.6398 -0.0008 -0.7685
vn 0.2970 -0.0010 -0.9549
vn -0.0910 -0.0010 -0.9959
vn -0.4652 -0.0009 -0.8852
vn -0.7685 -0.0006 -0.6398
vn -0.9548 -0.0003 -0.2973
vn -0.9549 -0.0003 -0.2970
vn -0.9959 0.0001 0.0910
vn -0.8852 0.0005 0.4652
vn -0.6398 0.0008 0.7685
vn -0.2970 0.0010 0.9549
vn 0.0910 0.0010 0.9959
vn 0.4652 0.0009 0.8852
vn -0.0489 -0.0010 -0.9988
vn 0.6279 0.7333 -0.2608
vn 0.6796 0.7336 -0.0007
vn 0.6279 0.7339 0.2593
vn 0.4805 0.7341 0.4798
vn 0.2601 0.7342 0.6271
vn -0.0000 0.7343 0.6789
vn -0.2601 0.7342 0.6271
vn -0.4805 0.7341 0.4798
vn -0.6279 0.7339 0.2593
vn -0.6796 0.7336 -0.0007
vn -0.6796 0.7336 -0.0008
vn -0.6279 0.7333 -0.2608
vn -0.4805 0.7331 -0.4813
vn -0.2601 0.7330 -0.6286
vn -0.0000 0.7329 -0.6803
vn 0.2601 0.7330 -0.6286
vn 0.4805 0.7331 -0.4813
vn -0.1904 0.7329 -0.6531
vn 0.0738 0.7329 -0.6763
vn 0.3267 0.7330 -0.5967
vn 0.5299 0.7332 -0.4263
vn 0.6524 0.7334 -0.1911
vn 0.6756 0.7337 0.0730
vn 0.5959 0.7339 0.3260
vn 0.4255 0.7341 0.5291
vn 0.1904 0.7342 0.6516
vn -0.0738 0.7343 0.6749
vn -0.0738 0.7343 0.6748
vn -0.0739 0.7343 0.6748
vn -0.3267 0.7342 0.5952
vn -0.5299 0.7340 0.4248
vn -0.6524 0.7338 0.1896
vn -0.6756 0.7335 -0.0745
vn -0.5959 0.7333 -0.3274
vn -0.4255 0.7331 -0.5306
vn 0.6398 0.7338 0.2284
vn -0.6489 -0.7338 -0.2012
vn 0.2904 -0.7330 0.6151
vn 0.0332 -0.7329 0.6795
vn -0.2291 -0.7329 0.6406
vn -0.4565 -0.7331 0.5042
vn -0.6144 -0.7333 0.2912
vn -0.6788 -0.7336 0.0339
vn -0.6398 -0.7338 -0.2283
vn -0.5034 -0.7340 -0.4558
vn -0.5035 -0.7340 -0.4558
vn -0.2904 -0.7342 -0.6137
vn -0.0332 -0.7343 -0.6781
vn 0.2291 -0.7342 -0.6391
vn 0.4565 -0.7341 -0.5027
vn 0.6144 -0.7339 -0.2897
vn 0.6788 -0.7336 -0.0325
vn 0.6398 -0.7334 0.2298
vn 0.5035 -0.7331 0.4572
vn -0.1087 0.0010 0.9941
vn -0.1085 0.0011 0.9941
vn 0.6279 -0.7333 0.2608
vn 0.6796 -0.7336 0.0007
vn 0.6279 -0.7338 -0.2593
vn 0.4805 -0.7341 -0.4798
vn 0.2601 -0.7342 -0.6271
vn -0.0000 -0.7343 -0.6789
vn -0.2601 -0.7342 -0.6271
vn -0.4805 -0.7341 -0.4798
vn -0.6279 -0.7338 -0.2593
vn -0.6796 -0.7336 0.0007
vn -0.6796 -0.7336 0.0008
vn -0.6279 -0.7333 0.2608
vn -0.4805 -0.7331 0.4813
vn -0.2601 -0.7330 0.6286
vn -0.0000 -0.7329 0.6803
vn 0.2601 -0.7330 0.6286
vn 0.4805 -0.7331 0.4813
vn 0.3267 -0.7342 -0.5952
vn 0.0738 -0.7343 -0.6748
vn -0.1904 -0.7342 -0.6516
vn -0.4255 -0.7341 -0.5291
vn -0.5959 -0.7339 -0.3260
vn -0.6756 -0.7337 -0.0730
vn -0.6524 -0.7334 0.1911
vn -0.5299 -0.7332 0.4263
vn -0.3267 -0.7330 0.5967
vn -0.0739 -0.7329 0.6763
vn -0.0738 -0.7329 0.6763
vn 0.1904 -0.7329 0.6531
vn 0.4255 -0.7331 0.5306
vn 0.5959 -0.7333 0.3274
vn 0.6756 -0.7335 0.0745
vn 0.6524 -0.7338 -0.1896
vn 0.5299 -0.7340 -0.4248
vn -0.1086 0.0009 0.9941
vn -0.1085 0.0009 0.9941
vn -1.0000 -0.0001 -0.0000
vn 0.6279 -0.7339 -0.2593
vn -0.6279 -0.7339 -0.2593
vn -0.5034 -0.7341 -0.4558
vn -0.5035 -0.7341 -0.4557
vn -0.0332 -0.7343 -0.6780
vn 0.5034 -0.7331 0.4572
vn -0.9548 -0.0002 -0.2973
vn 0.6279 0.7338 0.2593
vn -0.6279 0.7338 0.2593
vn -0.0739 0.7342 0.6748
vn 0.0097 0.9994 -0.0332
vn 0.0019 0.9995 -0.0325
vn 0.0033 0.9995 -0.0329
vn 0.0114 0.9994 -0.0331
vn 0.0207 0.9993 -0.0300
vn 0.0213 0.9993 -0.0296
vn 0.0290 0.9993 -0.0218
vn 0.0287 0.9993 -0.0223
vn 0.0324 0.9994 -0.0108
vn 0.0323 0.9994 -0.0124
vn 0.0317 0.9995 -0.0029
vn 0.0322 0.9995 -0.0042
vn 0.0322 0.9995 0.0022
vn 0.0317 0.9995 0.0009
vn 0.0324 0.9994 0.0088
vn 0.0323 0.9994 0.0104
vn 0.0290 0.9994 0.0198
vn 0.0287 0.9994 0.0203
vn 0.0207 0.9994 0.0280
vn 0.0213 0.9994 0.0276
vn 0.0097 0.9995 0.0312
vn 0.0114 0.9995 0.0311
vn 0.0019 0.9995 0.0305
vn 0.0032 0.9995 0.0309
vn -0.0033 0.9995 0.0309
vn -0.0019 0.9995 0.0305
vn 0.9969 0.0001 0.0784
vn 0.9969 -0.0001 -0.0785
vn 0.9511 -0.0003 -0.3090
vn 0.8090 -0.0006 -0.5878
vn 0.5878 -0.0008 -0.8090
vn 0.3090 -0.0010 -0.9511
vn 0.0785 -0.0010 -0.9969
vn -0.0322 0.9995 -0.0042
vn -0.0317 0.9995 -0.0029
vn -0.0317 0.9995 0.0009
vn -0.0322 0.9995 0.0022
vn -0.0323 0.9994 0.0104
vn -0.0324 0.9994 0.0088
vn -0.0287 0.9994 0.0203
vn -0.0290 0.9994 0.0198
vn -0.0213 0.9994 0.0276
vn -0.0207 0.9994 0.0280
vn -0.0114 0.9995 0.0311
vn -0.0097 0.9995 0.0312
vn 0.9993 -0.0000 0.0375
vn 0.9993 -0.0000 -0.0375
vn -0.9969 -0.0001 -0.0784
vn -0.9969 0.0001 0.0785
vn -0.9511 0.0003 0.3090
vn -0.8090 0.0006 0.5878
vn -0.5878 0.0008 0.8090
vn -0.3090 0.0010 0.9511
vn -0.0785 0.0010 0.9969
vn -0.0019 0.9995 -0.0325
vn -0.0032 0.9995 -0.0329
vn -0.0114 0.9994 -0.0331
vn -0.0097 0.9994 -0.0332
vn -0.0213 0.9993 -0.0296
vn -0.0207 0.9993 -0.0300
vn -0.0287 0.9993 -0.0223
vn -0.0290 0.9993 -0.0218
vn -0.0323 0.9994 -0.0124
vn -0.0324 0.9994 -0.0108
vn -0.0000 -0.9992 -0.0408
vn -0.0000 -0.9991 0.0428
vn 0.0739 0.0010 0.9973
vn 1.0000 -0.0000 -0.0073
vn 0.6778 -0.0007 -0.7352
vn -0.0739 -0.0010 -0.9973
vn -1.0000 -0.0000 0.0073
vn -0.9829 -0.0002 -0.1843
vn -0.8254 0.0006 0.5645
vn -0.1845 0.0010 0.9828
vn 0.5645 0.0008 0.8254
vn 0.9828 0.0002 0.1845
vn 0.8254 -0.0006 -0.5645
vn 0.1845 -0.0010 -0.9828
vn -0.5645 -0.0008 -0.8254
vn -0.9828 -0.0002 -0.1846
vn 0.0316 0.9995 0.0007
vn 0.0213 0.9993 -0.0297
vn 0.0032 0.9995 -0.0329
vn 0.9997 -0.0000 0.0253
vn 0.9998 -0.0000 0.0208
vn 0.8569 0.0005 0.5155
vn 0.7628 0.0006 0.6467
vn 0.9454 -0.0003 -0.3260
vn 0.8600 -0.0005 -0.5103
vn -0.9828 -0.0002 -0.1845
vn -0.9997 -0.0000 -0.0253
vn -0.9996 -0.0000 -0.0298
vn -0.9855 0.0002 0.1696
vn -0.9454 0.0003 0.3260
vn -0.7628 -0.0006 -0.6467
vn -0.6164 -0.0008 -0.7874
vn -0.9981 -0.0000 0.0614
vn -0.9981 0.0003 0.0614
vn -0.7263 0.0007 0.6874
vn -0.0275 0.0010 0.9996
vn -0.7492 -0.0007 -0.6624
vn -0.7491 -0.0007 -0.6624
vn -0.9981 -0.0000 0.0613
vn -0.9981 0.0001 0.0613
vn -0.9803 0.0002 0.1977
vn -0.9655 0.0003 0.2605
vn -0.0322 0.9995 -0.0043
vn -0.0317 0.9995 -0.0027
vn -0.0032 0.9995 0.0309
vn -1.0000 -0.0001 0.0073
vn -0.0000 -1.0000 0.0011
vn -0.9829 -0.0002 -0.1844
vn 0.0784 -0.0010 -0.9969
vn -0.0785 -0.0010 -0.9969
vn -0.3090 -0.0010 -0.9511
vn -0.5878 -0.0008 -0.8090
vn -0.8090 -0.0006 -0.5878
vn -0.9511 -0.0003 -0.3090
vn -0.9969 -0.0001 -0.0785
vn -0.0784 0.0010 0.9969
vn 0.0785 0.0010 0.9969
vn 0.3090 0.0010 0.9511
vn 0.5878 0.0008 0.8090
vn 0.8090 0.0006 0.5878
vn 0.9511 0.0003 0.3090
vn 0.9969 0.0001 0.0785
vn 0.0322 -0.9995 0.0042
vn 0.0322 -0.9995 -0.0022
vn 0.0318 -0.9995 0.0029
vn 0.0318 -0.9995 -0.0009
vn 0.0324 -0.9994 -0.0088
vn 0.0323 -0.9994 -0.0104
vn 0.0290 -0.9994 -0.0198
vn 0.0288 -0.9994 -0.0203
vn 0.0207 -0.9994 -0.0280
vn 0.0213 -0.9994 -0.0277
vn 0.0097 -0.9995 -0.0312
vn 0.0114 -0.9995 -0.0311
vn 0.0019 -0.9995 -0.0305
vn 0.0032 -0.9995 -0.0309
vn -0.0000 0.9992 0.0408
vn -0.0000 0.9991 -0.0428
vn -0.0322 -0.9995 -0.0023
vn -0.0322 -0.9995 0.0042
vn -0.0319 -0.9995 -0.0009
vn -0.0318 -0.9995 0.0029
vn -0.0324 -0.9994 0.0108
vn -0.0323 -0.9994 0.0124
vn -0.0290 -0.9993 0.0218
vn -0.0288 -0.9993 0.0223
vn -0.0207 -0.9993 0.0300
vn -0.0213 -0.9993 0.0297
vn -0.0097 -0.9994 0.0332
vn -0.0114 -0.9994 0.0331
vn -0.0019 -0.9995 0.0325
vn -0.0032 -0.9995 0.0329
vn -0.0020 0.9995 0.0305
vn -0.9992 -0.0000 -0.0395
vn -0.9992 -0.0000 0.0395
vn -0.9994 -0.0000 -0.0346
vn -1.0000 -0.0000 -0.0061
vn -1.0000 -0.0000 0.0043
vn -0.9995 -0.0000 0.0310
vn 0.0291 -0.9994 -0.0198
vn 0.0098 -0.9995 -0.0312
vn -0.0318 -0.9995 -0.0009
vn -0.0291 -0.9993 0.0218
vn -0.0098 -0.9994 0.0332
vn -0.0033 -0.9995 0.0329
vn 0.9992 -0.0000 -0.0395
vn 0.9992 -0.0000 0.0395
vn -0.9247 0.0004 0.3808
vn -0.9654 0.0003 0.2607
vn 0.9803 -0.0002 -0.1977
vn 0.9655 -0.0003 -0.2604
vn 0.9247 -0.0004 -0.3808
vn 0.9654 -0.0003 -0.2607
vn 1.0000 -0.0001 -0.0073
vn 0.9655 -0.0002 -0.2604
vn 0.0319 -0.9995 0.0029
vn 0.0323 -0.9994 0.0124
vn 0.0324 -0.9994 0.0108
vn 0.0288 -0.9993 0.0223
vn 0.0290 -0.9993 0.0218
vn 0.0213 -0.9993 0.0297
vn 0.0207 -0.9993 0.0300
vn 0.0114 -0.9994 0.0331
vn 0.0097 -0.9994 0.0332
vn 0.0032 -0.9995 0.0329
vn 0.0019 -0.9995 0.0325
vn -0.7765 -0.6302 0.0006
vn 0.7885 -0.6151 0.0006
vn -0.7885 -0.6151 0.0006
vn 0.7502 -0.6612 0.0007
vn -0.0322 -0.9995 -0.0022
vn -0.0323 -0.9994 -0.0104
vn -0.0324 -0.9994 -0.0088
vn -0.0288 -0.9994 -0.0203
vn -0.0291 -0.9994 -0.0198
vn -0.0213 -0.9994 -0.0277
vn -0.0207 -0.9994 -0.0280
vn -0.0114 -0.9995 -0.0311
vn -0.0097 -0.9995 -0.0312
vn -0.0032 -0.9995 -0.0309
vn -0.0019 -0.9995 -0.0305
vn 0.0033 -0.9995 -0.0309
vn 0.9998 -0.0000 0.0205
vn 0.9998 -0.0000 -0.0205
vn 0.0291 -0.9993 0.0218
vn 0.0098 -0.9994 0.0332
vn -0.0098 -0.9995 -0.0312
vn -0.0005 -0.0008 -1.0000
vn -0.0008 0.0002 -1.0000
vn -0.0005 0.0016 -1.0000
vn -0.0000 0.0047 -1.0000
vn -0.0008 -0.0010 -1.0000
vn -0.0004 -0.0010 -1.0000
vn 0.9997 -0.0000 -0.0224
vn 0.9997 -0.0000 0.0224
vn -0.9997 -0.0000 -0.0224
vn -0.9997 -0.0000 0.0224
vn -1.0000 -0.0000 0.0033
vn -1.0000 -0.0000 -0.0033
vn 1.0000 -0.0000 0.0033
vn 1.0000 -0.0000 -0.0033
vn -0.0001 0.0010 1.0000
vn -0.9993 -0.0000 0.0375
vn -0.9993 -0.0000 -0.0375
vn 0.7498 -0.6608 0.0346
vn 0.7378 -0.6747 0.0202
vn 0.7332 -0.6798 0.0148
vn 0.7211 -0.6929 0.0007
vn -0.9998 -0.0000 0.0205
vn -0.9998 -0.0000 -0.0205
vn -0.0000 -1.0000 0.0009
vn -0.0000 -1.0000 0.0012
vn 1.0000 -0.0003 -0.0073
vn 0.9655 -0.0002 -0.2605
vn -0.0000 1.0000 -0.0012
vn -0.0000 0.9997 -0.0258
vt 0.895025 0.827311
vt 0.921247 0.835777
vt 0.867560 0.829524
vt 0.942233 0.853633
vt 0.954788 0.878160
vt 0.957001 0.905626
vt 0.948535 0.931847
vt 0.930680 0.952833
vt 0.906152 0.965389
vt 0.878687 0.967602
vt 0.852465 0.959136
vt 0.831479 0.941280
vt 0.818924 0.916752
vt 0.816710 0.889287
vt 0.825176 0.863065
vt 0.843032 0.842080
vt 0.455656 0.935094
vt 0.465289 0.909279
vt 0.436876 0.955258
vt 0.464311 0.881742
vt 0.452868 0.856676
vt 0.432705 0.837896
vt 0.406889 0.828263
vt 0.379352 0.829241
vt 0.354286 0.840684
vt 0.335507 0.860847
vt 0.325873 0.886663
vt 0.326852 0.914200
vt 0.338294 0.939266
vt 0.358458 0.958045
vt 0.384273 0.967679
vt 0.411810 0.966700
vt 0.139616 0.978683
vt 0.193083 0.898663
vt 0.113063 0.952131
vt 0.098693 0.917438
vt 0.098693 0.879888
vt 0.113063 0.845195
vt 0.139616 0.818642
vt 0.174308 0.804272
vt 0.211858 0.804272
vt 0.246550 0.818642
vt 0.273103 0.845194
vt 0.287472 0.879887
vt 0.287472 0.917438
vt 0.273103 0.952130
vt 0.246550 0.978683
vt 0.211858 0.993053
vt 0.174308 0.993053
vt 0.810243 0.958085
vt 0.792873 0.924152
vt 0.789811 0.886154
vt 0.801524 0.849877
vt 0.826227 0.820844
vt 0.860160 0.803474
vt 0.898158 0.800412
vt 0.934435 0.812124
vt 0.963468 0.836827
vt 0.980838 0.870761
vt 0.983900 0.908758
vt 0.972188 0.945035
vt 0.947485 0.974069
vt 0.913551 0.991439
vt 0.875554 0.994501
vt 0.839277 0.982789
vt 0.338450 0.818715
vt 0.373129 0.802885
vt 0.411226 0.801531
vt 0.446941 0.814859
vt 0.474837 0.840840
vt 0.490667 0.875519
vt 0.492021 0.913615
vt 0.478693 0.949330
vt 0.452712 0.977226
vt 0.418033 0.993056
vt 0.379937 0.994410
vt 0.344222 0.981083
vt 0.316326 0.955102
vt 0.300496 0.920423
vt 0.299142 0.882326
vt 0.312469 0.846611
vt 0.441022 0.485653
vt 0.404332 0.496000
vt 0.402207 0.469003
vt 0.374844 0.465764
vt 0.366475 0.491519
vt 0.350803 0.452301
vt 0.333215 0.472893
vt 0.333744 0.430662
vt 0.309615 0.442956
vt 0.326265 0.404142
vt 0.299267 0.406266
vt 0.329503 0.376779
vt 0.303748 0.368410
vt 0.342967 0.352738
vt 0.322375 0.335150
vt 0.364606 0.335679
vt 0.352312 0.311550
vt 0.391126 0.328199
vt 0.389001 0.301202
vt 0.418489 0.331438
vt 0.426858 0.305683
vt 0.442530 0.344901
vt 0.460118 0.324309
vt 0.459589 0.366541
vt 0.483718 0.354246
vt 0.467068 0.393060
vt 0.494066 0.390936
vt 0.463830 0.420424
vt 0.489585 0.428793
vt 0.450366 0.444465
vt 0.470958 0.462052
vt 0.428727 0.461524
vt 0.224195 0.561281
vt 0.224195 0.720724
vt 0.254655 0.561281
vt 0.254655 0.720724
vt 0.285115 0.561281
vt 0.285115 0.720724
vt 0.315575 0.561281
vt 0.315575 0.720724
vt 0.346035 0.561281
vt 0.346035 0.720724
vt 0.376495 0.561281
vt 0.376495 0.720724
vt 0.406955 0.561281
vt 0.406955 0.720724
vt 0.437415 0.561281
vt 0.437415 0.720724
vt 0.467875 0.561281
vt 0.467875 0.720724
vt 0.498335 0.561281
vt 0.498335 0.720724
vt 0.010975 0.561281
vt 0.010975 0.720724
vt 0.041435 0.561281
vt 0.041435 0.720724
vt 0.071895 0.561281
vt 0.071895 0.720724
vt 0.102355 0.561281
vt 0.102355 0.720724
vt 0.132815 0.561281
vt 0.132815 0.720724
vt 0.163275 0.561281
vt 0.163275 0.720724
vt 0.193735 0.561281
vt 0.193735 0.720724
vt 0.890867 0.328132
vt 0.890867 0.301051
vt 0.917891 0.333508
vt 0.928255 0.308488
vt 0.940802 0.348816
vt 0.959951 0.329667
vt 0.956110 0.371727
vt 0.981130 0.361364
vt 0.961486 0.398751
vt 0.988567 0.398751
vt 0.956110 0.425777
vt 0.981130 0.436140
vt 0.940802 0.448687
vt 0.959951 0.467836
vt 0.917891 0.463996
vt 0.928255 0.489015
vt 0.890867 0.469371
vt 0.890867 0.496452
vt 0.863842 0.463996
vt 0.853478 0.489015
vt 0.840931 0.448687
vt 0.821782 0.467836
vt 0.825623 0.425777
vt 0.800603 0.436140
vt 0.820247 0.398751
vt 0.793166 0.398751
vt 0.825623 0.371727
vt 0.800603 0.361364
vt 0.840931 0.348816
vt 0.821782 0.329667
vt 0.863842 0.333508
vt 0.853478 0.308488
vt 0.715470 0.724972
vt 0.715470 0.720210
vt 0.745929 0.724972
vt 0.745929 0.720210
vt 0.776389 0.724972
vt 0.776389 0.720210
vt 0.806849 0.724972
vt 0.806849 0.720210
vt 0.837309 0.724972
vt 0.837309 0.720210
vt 0.867769 0.724972
vt 0.867769 0.720210
vt 0.898229 0.724972
vt 0.898229 0.720210
vt 0.928689 0.724972
vt 0.928689 0.720210
vt 0.959149 0.724972
vt 0.959149 0.720210
vt 0.989609 0.724972
vt 0.989609 0.720210
vt 0.502250 0.724972
vt 0.502250 0.720210
vt 0.532710 0.724972
vt 0.532710 0.720210
vt 0.563170 0.724972
vt 0.563170 0.720210
vt 0.593630 0.724972
vt 0.593630 0.720210
vt 0.624090 0.724972
vt 0.624090 0.720210
vt 0.654550 0.724972
vt 0.654550 0.720210
vt 0.685010 0.724972
vt 0.685010 0.720210
vt 0.776389 0.554192
vt 0.776389 0.560767
vt 0.745929 0.554192
vt 0.745929 0.560767
vt 0.715470 0.554192
vt 0.715470 0.560767
vt 0.685010 0.554192
vt 0.685010 0.560767
vt 0.654550 0.554192
vt 0.654550 0.560767
vt 0.624090 0.554192
vt 0.624090 0.560767
vt 0.593630 0.554192
vt 0.593630 0.560767
vt 0.563170 0.554192
vt 0.563170 0.560767
vt 0.532710 0.554192
vt 0.532710 0.560767
vt 0.502250 0.554192
vt 0.502250 0.560767
vt 0.989609 0.554192
vt 0.989609 0.560767
vt 0.959149 0.554192
vt 0.959149 0.560767
vt 0.928689 0.554192
vt 0.928689 0.560767
vt 0.898229 0.554192
vt 0.898229 0.560767
vt 0.867769 0.554192
vt 0.867769 0.560767
vt 0.837309 0.554192
vt 0.837309 0.560767
vt 0.806849 0.554192
vt 0.806849 0.560767
vt 0.719480 0.297355
vt 0.719480 0.239658
vt 0.749940 0.297355
vt 0.749940 0.239658
vt 0.780400 0.297355
vt 0.780400 0.239658
vt 0.810860 0.297355
vt 0.810860 0.239658
vt 0.841320 0.297355
vt 0.841320 0.239658
vt 0.871780 0.297355
vt 0.871780 0.239658
vt 0.902240 0.297355
vt 0.902240 0.239658
vt 0.932700 0.297355
vt 0.932700 0.239658
vt 0.963160 0.297355
vt 0.963160 0.239658
vt 0.993620 0.297355
vt 0.993620 0.239658
vt 0.506260 0.297355
vt 0.506260 0.239658
vt 0.536720 0.297355
vt 0.536720 0.239658
vt 0.567180 0.297355
vt 0.567180 0.239658
vt 0.597640 0.297355
vt 0.597640 0.239658
vt 0.628100 0.297355
vt 0.628100 0.239658
vt 0.658560 0.297355
vt 0.658560 0.239658
vt 0.689020 0.297355
vt 0.689020 0.239658
vt 0.225280 0.297204
vt 0.225280 0.239507
vt 0.255740 0.297204
vt 0.255740 0.239507
vt 0.286200 0.297204
vt 0.286200 0.239507
vt 0.316660 0.297204
vt 0.316660 0.239507
vt 0.347120 0.297204
vt 0.347120 0.239507
vt 0.377580 0.297204
vt 0.377580 0.239507
vt 0.408040 0.297204
vt 0.408040 0.239507
vt 0.438500 0.297204
vt 0.438500 0.239507
vt 0.468960 0.297204
vt 0.468960 0.239507
vt 0.499420 0.297204
vt 0.499420 0.239507
vt 0.012060 0.297204
vt 0.012060 0.239507
vt 0.042520 0.297204
vt 0.042520 0.239507
vt 0.072980 0.297204
vt 0.072980 0.239507
vt 0.103440 0.297204
vt 0.103440 0.239507
vt 0.133900 0.297204
vt 0.133900 0.239507
vt 0.164360 0.297204
vt 0.164360 0.239507
vt 0.194820 0.297204
vt 0.194820 0.239507
vt 0.224195 0.725486
vt 0.224195 0.732298
vt 0.254655 0.725486
vt 0.254655 0.732298
vt 0.285115 0.725486
vt 0.285115 0.732298
vt 0.315575 0.725486
vt 0.315575 0.732298
vt 0.346035 0.725486
vt 0.346035 0.732298
vt 0.376495 0.725486
vt 0.376495 0.732298
vt 0.406955 0.725486
vt 0.406955 0.732298
vt 0.437415 0.725486
vt 0.437415 0.732298
vt 0.467875 0.725486
vt 0.467875 0.732298
vt 0.498335 0.725486
vt 0.498335 0.732298
vt 0.010975 0.725486
vt 0.010975 0.732298
vt 0.041435 0.725486
vt 0.041435 0.732298
vt 0.071895 0.725486
vt 0.071895 0.732298
vt 0.102355 0.725486
vt 0.102355 0.732298
vt 0.132815 0.725486
vt 0.132815 0.732298
vt 0.163275 0.725486
vt 0.163275 0.732298
vt 0.193735 0.725486
vt 0.193735 0.732298
vt 0.285115 0.554707
vt 0.254655 0.554707
vt 0.224195 0.554707
vt 0.193735 0.554707
vt 0.163275 0.554707
vt 0.132815 0.554707
vt 0.102355 0.554707
vt 0.071895 0.554707
vt 0.041435 0.554707
vt 0.010975 0.554707
vt 0.498335 0.554707
vt 0.467875 0.554707
vt 0.437415 0.554707
vt 0.406955 0.554707
vt 0.376495 0.554707
vt 0.346035 0.554707
vt 0.315575 0.554707
vt 0.715470 0.546691
vt 0.745929 0.546691
vt 0.776389 0.546691
vt 0.806849 0.546691
vt 0.837309 0.546691
vt 0.867769 0.546691
vt 0.898229 0.546691
vt 0.928689 0.546691
vt 0.959149 0.546691
vt 0.989609 0.546691
vt 0.502250 0.546691
vt 0.532710 0.546691
vt 0.563170 0.546691
vt 0.593630 0.546691
vt 0.624090 0.546691
vt 0.654550 0.546691
vt 0.685010 0.546691
vt 0.224195 0.547205
vt 0.254655 0.547205
vt 0.285115 0.547205
vt 0.315575 0.547205
vt 0.346035 0.547205
vt 0.376495 0.547205
vt 0.406955 0.547205
vt 0.437415 0.547205
vt 0.467875 0.547205
vt 0.498335 0.547205
vt 0.010975 0.547205
vt 0.041435 0.547205
vt 0.071895 0.547205
vt 0.102355 0.547205
vt 0.132815 0.547205
vt 0.163275 0.547205
vt 0.193735 0.547205
vt 0.715470 0.731783
vt 0.745929 0.731783
vt 0.776389 0.731783
vt 0.806849 0.731783
vt 0.837309 0.731783
vt 0.867769 0.731783
vt 0.898229 0.731783
vt 0.928689 0.731783
vt 0.959149 0.731783
vt 0.989609 0.731783
vt 0.502250 0.731783
vt 0.532710 0.731783
vt 0.563170 0.731783
vt 0.593630 0.731783
vt 0.624090 0.731783
vt 0.654550 0.731783
vt 0.685010 0.731783
vt 0.780400 0.233079
vt 0.749940 0.233079
vt 0.719480 0.233079
vt 0.689020 0.233079
vt 0.658560 0.233079
vt 0.628100 0.233079
vt 0.597640 0.233079
vt 0.567180 0.233079
vt 0.536720 0.233079
vt 0.506260 0.233079
vt 0.993620 0.233079
vt 0.963160 0.233079
vt 0.932700 0.233079
vt 0.902240 0.233079
vt 0.871780 0.233079
vt 0.841320 0.233079
vt 0.810860 0.233079
vt 0.286200 0.232928
vt 0.255740 0.232928
vt 0.225280 0.232928
vt 0.194820 0.232928
vt 0.164360 0.232928
vt 0.133900 0.232928
vt 0.103440 0.232928
vt 0.072980 0.232928
vt 0.042520 0.232928
vt 0.012060 0.232928
vt 0.499420 0.232928
vt 0.468960 0.232928
vt 0.438500 0.232928
vt 0.408040 0.232928
vt 0.377580 0.232928
vt 0.347120 0.232928
vt 0.316660 0.232928
vt 0.285115 0.738877
vt 0.254655 0.738877
vt 0.224195 0.738877
vt 0.193735 0.738877
vt 0.163275 0.738877
vt 0.132815 0.738877
vt 0.102355 0.738877
vt 0.071895 0.738877
vt 0.041435 0.738877
vt 0.010975 0.738877
vt 0.498335 0.738877
vt 0.467875 0.738877
vt 0.437415 0.738877
vt 0.406955 0.738877
vt 0.376495 0.738877
vt 0.346035 0.738877
vt 0.315575 0.738877
vt 0.715470 0.540758
vt 0.745929 0.540758
vt 0.776389 0.540758
vt 0.806849 0.540758
vt 0.837309 0.540758
vt 0.867769 0.540758
vt 0.898229 0.540758
vt 0.928689 0.540758
vt 0.959149 0.540758
vt 0.989609 0.540758
vt 0.502250 0.540758
vt 0.532710 0.540758
vt 0.563170 0.540758
vt 0.593630 0.540758
vt 0.624090 0.540758
vt 0.654550 0.540758
vt 0.685010 0.540758
vt 0.224195 0.541273
vt 0.254655 0.541273
vt 0.285115 0.541273
vt 0.315575 0.541273
vt 0.346035 0.541273
vt 0.376495 0.541273
vt 0.406955 0.541273
vt 0.437415 0.541273
vt 0.467875 0.541273
vt 0.498335 0.541273
vt 0.010975 0.541273
vt 0.041435 0.541273
vt 0.071895 0.541273
vt 0.102355 0.541273
vt 0.132815 0.541273
vt 0.163275 0.541273
vt 0.193735 0.541273
vt 0.776389 0.738362
vt 0.745929 0.738362
vt 0.715470 0.738362
vt 0.685010 0.738362
vt 0.654550 0.738362
vt 0.624090 0.738362
vt 0.593630 0.738362
vt 0.563170 0.738362
vt 0.532710 0.738362
vt 0.502250 0.738362
vt 0.989609 0.738362
vt 0.959149 0.738362
vt 0.928689 0.738362
vt 0.898229 0.738362
vt 0.867769 0.738362
vt 0.837309 0.738362
vt 0.806849 0.738362
vt 0.719480 0.226267
vt 0.749940 0.226267
vt 0.780400 0.226267
vt 0.810860 0.226267
vt 0.841320 0.226267
vt 0.871780 0.226267
vt 0.902240 0.226267
vt 0.932700 0.226267
vt 0.963160 0.226267
vt 0.993620 0.226267
vt 0.506260 0.226267
vt 0.536720 0.226267
vt 0.567180 0.226267
vt 0.597640 0.226267
vt 0.628100 0.226267
vt 0.658560 0.226267
vt 0.689020 0.226267
vt 0.225280 0.226117
vt 0.255740 0.226117
vt 0.286200 0.226117
vt 0.316660 0.226117
vt 0.347120 0.226117
vt 0.377580 0.226117
vt 0.408040 0.226117
vt 0.438500 0.226117
vt 0.468960 0.226117
vt 0.499420 0.226117
vt 0.012060 0.226117
vt 0.042520 0.226117
vt 0.072980 0.226117
vt 0.103440 0.226117
vt 0.133900 0.226117
vt 0.164360 0.226117
vt 0.194820 0.226117
vt 0.224195 0.796574
vt 0.254655 0.796574
vt 0.285115 0.796574
vt 0.315575 0.796574
vt 0.346035 0.796574
vt 0.376495 0.796574
vt 0.406955 0.796574
vt 0.437415 0.796574
vt 0.467875 0.796574
vt 0.498335 0.796574
vt 0.010975 0.796574
vt 0.041435 0.796574
vt 0.071895 0.796574
vt 0.102355 0.796574
vt 0.132815 0.796574
vt 0.163275 0.796574
vt 0.193735 0.796574
vt 0.715470 0.501984
vt 0.745929 0.501984
vt 0.776389 0.501984
vt 0.806849 0.501984
vt 0.837309 0.501984
vt 0.867769 0.501984
vt 0.898229 0.501984
vt 0.928689 0.501984
vt 0.959149 0.501984
vt 0.989609 0.501984
vt 0.502250 0.501984
vt 0.532710 0.501984
vt 0.563170 0.501984
vt 0.593630 0.501984
vt 0.624090 0.501984
vt 0.654550 0.501984
vt 0.685010 0.501984
vt 0.224195 0.502498
vt 0.254655 0.502498
vt 0.285115 0.502498
vt 0.315575 0.502498
vt 0.346035 0.502498
vt 0.376495 0.502498
vt 0.406955 0.502498
vt 0.437415 0.502498
vt 0.467875 0.502498
vt 0.498335 0.502498
vt 0.010975 0.502498
vt 0.041435 0.502498
vt 0.071895 0.502498
vt 0.102355 0.502498
vt 0.132815 0.502498
vt 0.163275 0.502498
vt 0.193735 0.502498
vt 0.715470 0.796060
vt 0.745929 0.796060
vt 0.776389 0.796060
vt 0.806849 0.796060
vt 0.837309 0.796060
vt 0.867769 0.796060
vt 0.898229 0.796060
vt 0.928689 0.796060
vt 0.959149 0.796060
vt 0.989609 0.796060
vt 0.502250 0.796060
vt 0.532710 0.796060
vt 0.563170 0.796060
vt 0.593630 0.796060
vt 0.624090 0.796060
vt 0.654550 0.796060
vt 0.685010 0.796060
vt 0.719480 0.221506
vt 0.749940 0.221506
vt 0.780400 0.221506
vt 0.810860 0.221506
vt 0.841320 0.221506
vt 0.871780 0.221506
vt 0.902240 0.221506
vt 0.932700 0.221506
vt 0.963160 0.221506
vt 0.993620 0.221506
vt 0.506260 0.221506
vt 0.536720 0.221506
vt 0.567180 0.221506
vt 0.597640 0.221506
vt 0.628100 0.221506
vt 0.658560 0.221506
vt 0.689020 0.221506
vt 0.225280 0.221355
vt 0.255740 0.221355
vt 0.286200 0.221355
vt 0.316660 0.221355
vt 0.347120 0.221355
vt 0.377580 0.221355
vt 0.408040 0.221355
vt 0.438500 0.221355
vt 0.468960 0.221355
vt 0.499420 0.221355
vt 0.012060 0.221355
vt 0.042520 0.221355
vt 0.072980 0.221355
vt 0.103440 0.221355
vt 0.133900 0.221355
vt 0.164360 0.221355
vt 0.194820 0.221355
vt 0.719480 0.062062
vt 0.749940 0.062062
vt 0.780400 0.062062
vt 0.810860 0.062062
vt 0.841320 0.062062
vt 0.871780 0.062062
vt 0.902240 0.062062
vt 0.932700 0.062062
vt 0.963160 0.062062
vt 0.993620 0.062062
vt 0.506260 0.062062
vt 0.536720 0.062062
vt 0.567180 0.062062
vt 0.597640 0.062062
vt 0.628100 0.062062
vt 0.658560 0.062062
vt 0.689020 0.062062
vt 0.225280 0.061912
vt 0.255740 0.061912
vt 0.286200 0.061912
vt 0.316660 0.061912
vt 0.347120 0.061912
vt 0.377580 0.061912
vt 0.408040 0.061912
vt 0.438500 0.061912
vt 0.468960 0.061912
vt 0.499420 0.061912
vt 0.012060 0.061912
vt 0.042520 0.061912
vt 0.072980 0.061912
vt 0.103440 0.061912
vt 0.133900 0.061912
vt 0.164360 0.061912
vt 0.194820 0.061912
vt 0.719480 0.055487
vt 0.719480 0.047986
vt 0.749940 0.055487
vt 0.749940 0.047986
vt 0.780400 0.055487
vt 0.780400 0.047986
vt 0.810860 0.055487
vt 0.810860 0.047986
vt 0.841320 0.055487
vt 0.841320 0.047986
vt 0.871780 0.055487
vt 0.871780 0.047986
vt 0.902240 0.055487
vt 0.902240 0.047986
vt 0.932700 0.055487
vt 0.932700 0.047986
vt 0.963160 0.055487
vt 0.963160 0.047986
vt 0.993620 0.055487
vt 0.993620 0.047986
vt 0.506260 0.055487
vt 0.506260 0.047986
vt 0.536720 0.055487
vt 0.536720 0.047986
vt 0.567180 0.055487
vt 0.567180 0.047986
vt 0.597640 0.055487
vt 0.597640 0.047986
vt 0.628100 0.055487
vt 0.628100 0.047986
vt 0.658560 0.055487
vt 0.658560 0.047986
vt 0.689020 0.055487
vt 0.689020 0.047986
vt 0.225280 0.055337
vt 0.225280 0.047835
vt 0.255740 0.055337
vt 0.255740 0.047835
vt 0.286200 0.055337
vt 0.286200 0.047835
vt 0.316660 0.055337
vt 0.316660 0.047835
vt 0.347120 0.055337
vt 0.347120 0.047835
vt 0.377580 0.055337
vt 0.377580 0.047835
vt 0.408040 0.055337
vt 0.408040 0.047835
vt 0.438500 0.055337
vt 0.438500 0.047835
vt 0.468960 0.055337
vt 0.468960 0.047835
vt 0.499420 0.055337
vt 0.499420 0.047835
vt 0.012060 0.055337
vt 0.012060 0.047835
vt 0.042520 0.055337
vt 0.042520 0.047835
vt 0.072980 0.055337
vt 0.072980 0.047835
vt 0.103440 0.055337
vt 0.103440 0.047835
vt 0.133900 0.055337
vt 0.133900 0.047835
vt 0.164360 0.055337
vt 0.164360 0.047835
vt 0.194820 0.055337
vt 0.194820 0.047835
vt 0.719480 0.042054
vt 0.749940 0.042054
vt 0.780400 0.042054
vt 0.810860 0.042054
vt 0.841320 0.042054
vt 0.871780 0.042054
vt 0.902240 0.042054
vt 0.932700 0.042054
vt 0.963160 0.042054
vt 0.993620 0.042054
vt 0.506260 0.042054
vt 0.536720 0.042054
vt 0.567180 0.042054
vt 0.597640 0.042054
vt 0.628100 0.042054
vt 0.658560 0.042054
vt 0.689020 0.042054
vt 0.225280 0.041903
vt 0.255740 0.041903
vt 0.286200 0.041903
vt 0.316660 0.041903
vt 0.347120 0.041903
vt 0.377580 0.041903
vt 0.408040 0.041903
vt 0.438500 0.041903
vt 0.468960 0.041903
vt 0.499420 0.041903
vt 0.012060 0.041903
vt 0.042520 0.041903
vt 0.072980 0.041903
vt 0.103440 0.041903
vt 0.133900 0.041903
vt 0.164360 0.041903
vt 0.194820 0.041903
vt 0.719480 0.003279
vt 0.749940 0.003279
vt 0.780400 0.003279
vt 0.810860 0.003279
vt 0.841320 0.003279
vt 0.871780 0.003279
vt 0.902240 0.003279
vt 0.932700 0.003279
vt 0.963160 0.003279
vt 0.993620 0.003279
vt 0.506260 0.003279
vt 0.536720 0.003279
vt 0.567180 0.003279
vt 0.597640 0.003279
vt 0.628100 0.003279
vt 0.658560 0.003279
vt 0.689020 0.003279
vt 0.225280 0.003128
vt 0.255740 0.003128
vt 0.286200 0.003128
vt 0.316660 0.003128
vt 0.347120 0.003128
vt 0.377580 0.003128
vt 0.408040 0.003128
vt 0.438500 0.003128
vt 0.468960 0.003128
vt 0.499420 0.003128
vt 0.012060 0.003128
vt 0.042520 0.003128
vt 0.072980 0.003128
vt 0.103440 0.003128
vt 0.133900 0.003128
vt 0.164360 0.003128
vt 0.194820 0.003128
vt 0.630890 0.818128
vt 0.665582 0.803758
vt 0.684357 0.898148
vt 0.703133 0.803758
vt 0.737825 0.818128
vt 0.764377 0.844680
vt 0.778747 0.879372
vt 0.778747 0.916923
vt 0.764377 0.951616
vt 0.737825 0.978168
vt 0.703133 0.992538
vt 0.665582 0.992539
vt 0.630890 0.978169
vt 0.604338 0.951616
vt 0.589968 0.916924
vt 0.589968 0.879373
vt 0.604338 0.844681
vt 0.707144 0.305053
vt 0.741836 0.319423
vt 0.688368 0.399444
vt 0.768388 0.345976
vt 0.782758 0.380668
vt 0.782758 0.418219
vt 0.768388 0.452911
vt 0.741836 0.479464
vt 0.707144 0.493834
vt 0.669593 0.493834
vt 0.634901 0.479464
vt 0.608349 0.452911
vt 0.593979 0.418220
vt 0.593979 0.380669
vt 0.608349 0.345976
vt 0.634901 0.319424
vt 0.669593 0.305053
vt 0.247636 0.319272
vt 0.274188 0.345825
vt 0.194168 0.399293
vt 0.288558 0.380517
vt 0.288558 0.418068
vt 0.274188 0.452760
vt 0.247636 0.479313
vt 0.212944 0.493683
vt 0.175393 0.493683
vt 0.140701 0.479313
vt 0.114149 0.452761
vt 0.099779 0.418069
vt 0.099779 0.380518
vt 0.114149 0.345826
vt 0.140701 0.319273
vt 0.175393 0.304903
vt 0.212944 0.304903
vt 0.797415 0.635073
vt 0.797513 0.680832
vt 0.793375 0.678701
vt 0.793471 0.634109
vt 0.797319 0.589435
vt 0.793554 0.589073
vt 0.797258 0.543794
vt 0.793498 0.544073
vt 0.797219 0.498157
vt 0.793296 0.499062
vt 0.797077 0.452397
vt 0.792736 0.453829
vt 0.792736 0.167378
vt 0.797077 0.168811
vt 0.693722 0.676134
vt 0.689622 0.674037
vt 0.693737 0.630389
vt 0.689818 0.629465
vt 0.693690 0.584765
vt 0.689934 0.584454
vt 0.693614 0.539143
vt 0.689848 0.539478
vt 0.693496 0.493529
vt 0.689553 0.494491
vt 0.693284 0.447794
vt 0.689039 0.449237
vt 0.687934 0.163930
vt 0.692184 0.165357
vt 0.823831 0.168811
vt 0.823831 0.452397
vt 0.823800 0.498142
vt 0.823831 0.543766
vt 0.823890 0.589388
vt 0.823992 0.635002
vt 0.824188 0.680737
vt 0.763919 0.744373
vt 0.759578 0.742940
vt 0.759578 0.459354
vt 0.763919 0.457922
vt 0.762242 0.414432
vt 0.758463 0.415302
vt 0.762098 0.371053
vt 0.758469 0.371318
vt 0.762127 0.327587
vt 0.758485 0.327229
vt 0.762345 0.283944
vt 0.758492 0.282990
vt 0.762729 0.239985
vt 0.758482 0.238552
vt 0.874870 0.176031
vt 0.861594 0.329567
vt 0.851013 0.177501
vt 0.837738 0.331038
vt 0.877073 0.481331
vt 0.853216 0.482801
vt 0.863798 0.634867
vt 0.839941 0.636338
vt 0.855419 0.788102
vt 0.879276 0.786631
vt 0.732824 0.742940
vt 0.732824 0.459354
vt 0.732854 0.415308
vt 0.732825 0.371327
vt 0.732768 0.327248
vt 0.732674 0.283027
vt 0.732519 0.238610
vt 0.950864 0.867513
vt 0.950864 0.747365
vt 0.910301 0.867513
vt 0.910301 0.747365
vt 0.950864 0.553132
vt 0.910301 0.553132
vt 0.950864 0.335393
vt 0.910301 0.335393
vt 0.950864 0.141161
vt 0.910301 0.141161
vt 0.910301 0.021013
vt 0.950864 0.021013
vt 0.656620 0.740206
vt 0.654574 0.456968
vt 0.660892 0.741606
vt 0.658819 0.455490
vt 0.658057 0.411475
vt 0.654189 0.412421
vt 0.657504 0.367724
vt 0.653848 0.368070
vt 0.657161 0.324139
vt 0.653523 0.323860
vt 0.656994 0.280616
vt 0.653201 0.279748
vt 0.656883 0.237566
vt 0.652910 0.235568
vt 0.260374 0.209782
vt 0.266354 0.368986
vt 0.326876 0.209782
vt 0.332855 0.368986
vt 0.260374 0.528191
vt 0.326876 0.528191
vt 0.266354 0.687395
vt 0.332855 0.687395
vt 0.326876 0.846600
vt 0.260374 0.846600
vt 0.800698 0.150422
vt 0.798891 0.146681
vt 0.811448 0.145229
vt 0.809641 0.141488
vt 0.821781 0.136216
vt 0.813494 0.139934
vt 0.814057 0.109481
vt 0.802712 0.113199
vt 0.814057 0.079212
vt 0.802712 0.082930
vt 0.806946 0.134804
vt 0.796195 0.139997
vt 0.798859 0.114753
vt 0.788108 0.119946
vt 0.758542 0.139997
vt 0.747791 0.134804
vt 0.766629 0.119946
vt 0.755878 0.114753
vt 0.764444 0.153736
vt 0.764398 0.149196
vt 0.791141 0.153467
vt 0.791095 0.148926
vt 0.791019 0.141405
vt 0.764322 0.141675
vt 0.764520 0.161257
vt 0.791217 0.160988
vt 0.764566 0.165798
vt 0.791263 0.165528
vt 0.690551 0.757279
vt 0.690551 0.690054
vt 0.694896 0.757279
vt 0.694896 0.690054
vt 0.699240 0.690054
vt 0.699240 0.757279
vt 0.703585 0.690054
vt 0.703585 0.757279
vt 0.707930 0.757279
vt 0.707930 0.690054
vt 0.712274 0.690054
vt 0.712274 0.757279
vt 0.716619 0.690054
vt 0.716619 0.757279
vt 0.720964 0.690054
vt 0.720964 0.757279
vt 0.725308 0.757279
vt 0.725308 0.690054
vt 0.882369 0.728965
vt 0.882369 0.668817
vt 0.900441 0.728965
vt 0.900441 0.668817
vt 0.900441 0.605440
vt 0.882369 0.605440
vt 0.882369 0.540146
vt 0.900441 0.540146
vt 0.900441 0.525042
vt 0.882369 0.525042
vt 0.882369 0.510755
vt 0.900441 0.510755
vt 0.882369 0.496468
vt 0.900441 0.496468
vt 0.900441 0.481364
vt 0.882369 0.481364
vt 0.882369 0.461540
vt 0.900441 0.461540
vt 0.024192 0.863415
vt 0.024192 0.876021
vt 0.013349 0.863415
vt 0.013349 0.876021
vt 0.595894 0.227003
vt 0.613965 0.227003
vt 0.595894 0.287152
vt 0.613965 0.287152
vt 0.613965 0.350528
vt 0.595894 0.350528
vt 0.595894 0.415823
vt 0.613965 0.415823
vt 0.613965 0.430927
vt 0.595894 0.430927
vt 0.613965 0.445213
vt 0.595894 0.445213
vt 0.613965 0.459500
vt 0.595894 0.459500
vt 0.595894 0.474604
vt 0.613965 0.474604
vt 0.613965 0.494429
vt 0.595894 0.494429
vt 0.338376 0.869512
vt 0.338376 0.856907
vt 0.349219 0.869512
vt 0.349219 0.856907
vt 0.802061 0.686364
vt 0.831230 0.686364
vt 0.802061 0.695918
vt 0.831230 0.695918
vt 0.802061 0.704364
vt 0.831230 0.704364
vt 0.831230 0.713918
vt 0.802061 0.713918
vt 0.831230 0.723472
vt 0.802061 0.723472
vt 0.802061 0.733027
vt 0.831230 0.733027
vt 0.802061 0.742581
vt 0.831230 0.742581
vt 0.802061 0.752136
vt 0.831230 0.752136
vt 0.802061 0.761294
vt 0.831230 0.761294
vt 0.755846 0.146681
vt 0.754039 0.150422
vt 0.745096 0.141488
vt 0.743289 0.145229
vt 0.759699 0.148235
vt 0.770482 0.121500
vt 0.752025 0.082930
vt 0.752025 0.113199
vt 0.740680 0.079212
vt 0.740680 0.109481
vt 0.731937 0.136216
vt 0.741243 0.139934
vt 0.756180 0.039870
vt 0.798557 0.039870
vt 0.756180 0.051809
vt 0.798557 0.051809
vt 0.795038 0.148235
vt 0.784255 0.121500
vt 0.060282 0.876021
vt 0.060282 0.863415
vt 0.096371 0.888001
vt 0.096371 0.875395
vt 0.135546 0.875751
vt 0.135546 0.887645
vt 0.142353 0.893628
vt 0.142353 0.869768
vt 0.150505 0.896278
vt 0.150505 0.867118
vt 0.158657 0.869768
vt 0.158657 0.893628
vt 0.165464 0.887645
vt 0.165464 0.875751
vt 0.595894 0.742030
vt 0.595894 0.681881
vt 0.613965 0.742030
vt 0.613965 0.681881
vt 0.613965 0.618504
vt 0.595894 0.618504
vt 0.613965 0.553210
vt 0.595894 0.553210
vt 0.595894 0.538106
vt 0.613965 0.538106
vt 0.613965 0.523819
vt 0.595894 0.523819
vt 0.613965 0.509533
vt 0.595894 0.509533
vt 0.385896 0.879538
vt 0.385896 0.892144
vt 0.349806 0.879538
vt 0.349806 0.892144
vt 0.313717 0.904124
vt 0.313717 0.891518
vt 0.274542 0.891874
vt 0.274542 0.903768
vt 0.267735 0.885891
vt 0.267735 0.909751
vt 0.259583 0.883241
vt 0.259583 0.912401
vt 0.251431 0.909751
vt 0.251431 0.885891
vt 0.244624 0.891874
vt 0.244624 0.903768
vt 0.685123 0.455300
vt 0.687197 0.741416
vt 0.317220 0.869929
vt 0.281131 0.869929
vt 0.317220 0.857323
vt 0.281131 0.857323
vt 0.245041 0.869303
vt 0.245041 0.881909
vt 0.205866 0.869659
vt 0.205866 0.881553
vt 0.199059 0.887536
vt 0.199059 0.863676
vt 0.190907 0.861026
vt 0.190907 0.890186
vt 0.182755 0.863676
vt 0.182755 0.887536
vt 0.175948 0.869659
vt 0.175948 0.881553
vt 0.490491 0.869243
vt 0.490491 0.881137
vt 0.483684 0.863260
vt 0.483684 0.887120
vt 0.475532 0.860610
vt 0.475532 0.889770
vt 0.467379 0.887120
vt 0.467379 0.863260
vt 0.460573 0.869243
vt 0.460573 0.881137
vt 0.421398 0.881493
vt 0.421398 0.868887
vt 0.385308 0.856907
vt 0.385308 0.869512
vt 0.900441 0.213939
vt 0.900441 0.274088
vt 0.882369 0.213939
vt 0.882369 0.274088
vt 0.882369 0.337464
vt 0.900441 0.337464
vt 0.882369 0.402758
vt 0.900441 0.402758
vt 0.882369 0.417862
vt 0.900441 0.417862
vt 0.882369 0.432149
vt 0.900441 0.432149
vt 0.882369 0.446436
vt 0.900441 0.446436
vt 0.630580 0.740395
vt 0.628537 0.457156
vt 0.628298 0.412596
vt 0.628059 0.368239
vt 0.627806 0.324033
vt 0.627521 0.279933
vt 0.627150 0.235765
vt 0.765712 0.453829
vt 0.765712 0.167378
vt 0.662809 0.449338
vt 0.661704 0.164032
vt 0.718147 0.165256
vt 0.719250 0.447692
vt 0.720073 0.493448
vt 0.720185 0.539086
vt 0.720262 0.584727
vt 0.720317 0.630364
vt 0.720399 0.676125
vt 0.790943 0.457922
vt 0.790943 0.744373
vt 0.828172 0.167378
vt 0.827930 0.454496
vt 0.827718 0.499067
vt 0.827587 0.544078
vt 0.827657 0.589055
vt 0.827935 0.634041
vt 0.828300 0.678549
vt 0.249567 0.209782
vt 0.250089 0.368986
vt 0.183065 0.209782
vt 0.183587 0.368986
vt 0.249567 0.528191
vt 0.183065 0.528191
vt 0.250089 0.687395
vt 0.183587 0.687395
vt 0.249567 0.846600
vt 0.183065 0.846600
vt 0.078740 0.209782
vt 0.082006 0.368986
vt 0.012238 0.209782
vt 0.015504 0.368986
vt 0.078740 0.528191
vt 0.012238 0.528191
vt 0.082006 0.687395
vt 0.015504 0.687395
vt 0.078740 0.846600
vt 0.012238 0.846600
vt 0.728483 0.744372
vt 0.728877 0.457333
vt 0.729080 0.414416
vt 0.729200 0.371026
vt 0.729121 0.327572
vt 0.728812 0.283949
vt 0.728278 0.240062
vt 0.799814 0.780257
vt 0.687678 0.780257
vt 0.799814 0.762911
vt 0.687678 0.762911
vt 0.097782 0.209782
vt 0.091481 0.368986
vt 0.164283 0.209782
vt 0.157983 0.368986
vt 0.097782 0.528191
vt 0.164283 0.528191
vt 0.091481 0.687395
vt 0.157983 0.687395
vt 0.164283 0.846600
vt 0.097782 0.846600
vt 0.880992 0.133044
vt 0.823985 0.133044
vt 0.880992 0.044402
vt 0.823985 0.044402
vt 0.823985 0.011905
vt 0.880992 0.011905
vt 0.704295 0.907615
vt 0.717807 0.894103
vt 0.717807 0.913212
vt 0.731319 0.907615
vt 0.736915 0.894103
vt 0.731319 0.882449
vt 0.717807 0.876853
vt 0.704295 0.880591
vt 0.698698 0.894103
vt 0.737655 0.897018
vt 0.756764 0.897018
vt 0.743252 0.910530
vt 0.756764 0.914269
vt 0.770276 0.908672
vt 0.775873 0.897018
vt 0.770276 0.883506
vt 0.756764 0.877909
vt 0.743252 0.883506
vt 0.802712 0.082078
vt 0.798557 0.082078
vt 0.802712 0.051809
vt 0.756180 0.082078
vt 0.752025 0.082078
vt 0.752025 0.051809
vt 0.950675 0.867513
vt 0.950675 0.747365
vt 0.910113 0.867513
vt 0.910113 0.747365
vt 0.950675 0.553132
vt 0.910113 0.553132
vt 0.950675 0.335393
vt 0.910113 0.335393
vt 0.950675 0.141161
vt 0.910113 0.141161
vt 0.910113 0.021013
vt 0.950675 0.021013
vt 0.756180 0.113199
vt 0.756180 0.082930
vt 0.798557 0.082930
vt 0.798557 0.113199
vt 0.731133 0.152086
vt 0.673912 0.152086
vt 0.673912 0.063112
vt 0.731133 0.063112
vt 0.673912 0.030947
vt 0.731133 0.030947
vt 0.849959 0.981361
vt 0.989508 0.981361
vt 0.989508 0.917586
vt 0.849959 0.917586
vt 0.989508 0.894205
vt 0.868245 0.894205
vt 0.624363 0.917586
vt 0.624363 0.981361
vt 0.371465 0.917586
vt 0.606274 0.891455
vt 0.389554 0.891455
vt 0.371465 0.981361
vt 0.145869 0.917586
vt 0.145869 0.981361
vt 0.006320 0.917586
vt 0.006320 0.981361
vt 0.129265 0.894531
vt 0.006320 0.894531
vt 0.604919 0.784512
vt 0.604919 0.752015
vt 0.661925 0.784512
vt 0.661925 0.752015
vt 0.986138 0.869438
vt 0.986138 0.012950
vt 0.962717 0.869438
vt 0.962717 0.012950
vt 0.652522 0.104351
vt 0.652522 0.176439
vt 0.009664 0.104351
vt 0.009664 0.176439
vt 0.678066 0.785378
vt 0.678066 0.802724
vt 0.808922 0.785378
vt 0.808922 0.802724
vt 0.652522 0.009221
vt 0.652522 0.093343
vt 0.009664 0.009221
vt 0.009664 0.093343
vt 0.900124 0.811684
vt 0.900124 0.874314
vt 0.672463 0.811684
vt 0.672463 0.874314
vt 0.724488 0.673990
vt 0.724240 0.629458
vt 0.724022 0.584447
vt 0.723951 0.539447
vt 0.724017 0.494412
vt 0.724098 0.449819
vt 0.722385 0.163796
vt 0.910113 0.866822
vt 0.910113 0.760970
vt 0.950675 0.866822
vt 0.950675 0.760970
vt 0.950675 0.746857
vt 0.910113 0.746857
vt 0.910113 0.552625
vt 0.950675 0.552625
vt 0.910113 0.536843
vt 0.950675 0.536843
vt 0.910113 0.350252
vt 0.950675 0.350252
vt 0.950675 0.334886
vt 0.910113 0.334886
vt 0.910113 0.140654
vt 0.950675 0.140654
vt 0.910113 0.124723
vt 0.950675 0.124723
vt 0.950675 0.020319
vt 0.910113 0.020319
vt 0.623217 0.237852
vt 0.623737 0.280831
vt 0.624170 0.324321
vt 0.624404 0.367901
vt 0.624429 0.411661
vt 0.624271 0.455740
vt 0.626328 0.741856
vt 0.899858 0.874314
vt 0.672198 0.874314
vt 0.899858 0.811684
vt 0.672198 0.811684
vt 0.349120 0.209782
vt 0.345548 0.368986
vt 0.415622 0.209782
vt 0.412050 0.368986
vt 0.349120 0.528191
vt 0.415622 0.528191
vt 0.345548 0.687395
vt 0.412050 0.687395
vt 0.415622 0.846600
vt 0.349120 0.846600
vt 0.910301 0.866822
vt 0.910301 0.760970
vt 0.950864 0.866822
vt 0.950864 0.760970
vt 0.950864 0.746857
vt 0.910301 0.746857
vt 0.910301 0.552625
vt 0.950864 0.552625
vt 0.910301 0.536843
vt 0.950864 0.536843
vt 0.910301 0.350252
vt 0.950864 0.350252
vt 0.950864 0.334886
vt 0.910301 0.334886
vt 0.910301 0.140654
vt 0.950864 0.140654
vt 0.910301 0.124723
vt 0.950864 0.124723
vt 0.950864 0.020319
vt 0.910301 0.020319
vt 0.434160 0.209782
vt 0.430588 0.368986
vt 0.500662 0.209782
vt 0.497090 0.368986
vt 0.434160 0.528191
vt 0.500662 0.528191
vt 0.430588 0.687395
vt 0.497090 0.687395
vt 0.500662 0.846600
vt 0.434160 0.846600
vt 0.662019 0.873154
vt 0.605012 0.873154
vt 0.662019 0.784512
vt 0.605012 0.784512
vt 0.605012 0.752015
vt 0.662019 0.752015
vt 0.823577 0.012074
vt 0.880798 0.012074
vt 0.880798 0.044238
vt 0.823577 0.044238
vt 0.880798 0.133213
vt 0.823577 0.133213
vt 0.662112 0.873154
vt 0.605105 0.873154
vt 0.662112 0.784512
vt 0.605105 0.784512
vt 0.662032 0.784180
vt 0.662032 0.873154
vt 0.604811 0.784180
vt 0.604811 0.873154
vt 0.662220 0.873154
vt 0.604998 0.873154
vt 0.604998 0.784180
vt 0.662220 0.784180
vt 0.604998 0.752015
vt 0.662220 0.752015
vt 0.909897 0.866822
vt 0.909897 0.760970
vt 0.950460 0.866822
vt 0.950460 0.760970
vt 0.950460 0.746857
vt 0.909897 0.746857
vt 0.909897 0.552625
vt 0.950460 0.552625
vt 0.909897 0.536843
vt 0.950460 0.536843
vt 0.909897 0.350252
vt 0.950460 0.350252
vt 0.950460 0.334886
vt 0.909897 0.334886
vt 0.909897 0.140654
vt 0.950460 0.140654
vt 0.909897 0.124723
vt 0.950460 0.124723
vt 0.950460 0.020319
vt 0.909897 0.020319
vt 0.950460 0.867513
vt 0.950460 0.747365
vt 0.909897 0.867513
vt 0.909897 0.747365
vt 0.950460 0.553132
vt 0.909897 0.553132
vt 0.950460 0.335393
vt 0.909897 0.335393
vt 0.950460 0.141161
vt 0.909897 0.141161
vt 0.909897 0.021013
vt 0.950460 0.021013
vt 0.519200 0.209782
vt 0.515628 0.368986
vt 0.585701 0.209782
vt 0.582130 0.368986
vt 0.519200 0.528191
vt 0.585701 0.528191
vt 0.515628 0.687395
vt 0.582130 0.687395
vt 0.585701 0.846600
vt 0.519200 0.846600
s 0
f 1484/1/1 1483/2/1 1469/3/1
f 1483/2/1 1482/4/1 1469/3/1
f 1482/4/1 1481/5/1 1469/3/1
f 1481/5/1 1480/6/1 1469/3/1
f 1480/6/1 1479/7/1 1469/3/1
f 1479/7/1 1478/8/1 1469/3/1
f 1478/8/1 1477/9/1 1469/3/1
f 1477/9/1 1476/10/1 1469/3/1
f 1476/10/1 1475/11/1 1469/3/1
f 1475/11/1 1474/12/1 1469/3/1
f 1474/12/1 1473/13/1 1469/3/1
f 1473/13/1 1472/14/1 1469/3/1
f 1472/14/1 1471/15/1 1469/3/1
f 1471/15/1 1470/16/1 1469/3/1
f 1468/17/1 1467/18/1 1453/19/1
f 1467/18/1 1466/20/1 1453/19/1
f 1466/20/1 1465/21/1 1453/19/1
f 1465/21/1 1464/22/1 1453/19/1
f 1464/22/1 1463/23/1 1453/19/1
f 1463/23/1 1462/24/1 1453/19/1
f 1462/24/1 1461/25/1 1453/19/1
f 1461/25/1 1460/26/1 1453/19/1
f 1460/26/1 1459/27/1 1453/19/1
f 1459/27/1 1458/28/1 1453/19/1
f 1458/28/1 1457/29/1 1453/19/1
f 1457/29/1 1456/30/1 1453/19/1
f 1456/30/1 1455/31/1 1453/19/1
f 1455/31/1 1454/32/1 1453/19/1
f 1436/33/2 1437/34/2 1452/35/2
f 1452/35/2 1437/34/2 1451/36/2
f 1451/36/2 1437/34/2 1450/37/2
f 1450/37/2 1437/34/2 1449/38/2
f 1449/38/2 1437/34/2 1448/39/2
f 1448/39/2 1437/34/2 1447/40/2
f 1447/40/2 1437/34/2 1446/41/2
f 1446/41/2 1437/34/2 1445/42/2
f 1445/42/2 1437/34/2 1444/43/2
f 1444/43/2 1437/34/2 1443/44/2
f 1443/44/2 1437/34/2 1442/45/2
f 1442/45/2 1437/34/2 1441/46/2
f 1441/46/2 1437/34/2 1440/47/2
f 1440/47/2 1437/34/2 1439/48/2
f 1439/48/2 1437/34/2 1438/49/2
f 1438/49/2 1437/34/2 1436/33/2
s 1
f 1405/50/3 1435/51/4 1404/13/4
f 1404/13/4 1435/51/4 1434/14/5
f 1435/51/4 1433/52/5 1434/14/5
f 1434/14/5 1433/52/5 1432/15/6
f 1433/52/5 1431/53/6 1432/15/6
f 1432/15/6 1431/53/6 1430/16/7
f 1431/53/6 1429/54/8 1430/16/7
f 1430/16/7 1429/54/8 1428/3/9
f 1429/54/8 1427/55/9 1428/3/9
f 1428/3/9 1427/55/9 1426/1/10
f 1427/55/9 1425/56/10 1426/1/10
f 1426/1/10 1425/56/10 1424/2/11
f 1425/56/10 1423/57/11 1424/2/11
f 1424/2/11 1423/57/11 1422/4/12
f 1423/57/11 1421/58/12 1422/4/12
f 1422/4/12 1421/58/12 1420/5/13
f 1421/58/12 1419/59/14 1420/5/13
f 1420/5/13 1419/59/14 1418/6/15
f 1419/59/14 1417/60/15 1418/6/15
f 1418/6/15 1417/60/15 1416/7/16
f 1417/60/15 1415/61/16 1416/7/16
f 1416/7/16 1415/61/16 1414/8/17
f 1415/61/16 1413/62/18 1414/8/17
f 1414/8/17 1413/62/18 1412/9/19
f 1413/62/18 1411/63/19 1412/9/19
f 1412/9/19 1411/63/19 1410/10/20
f 1411/63/19 1409/64/20 1410/10/20
f 1410/10/20 1409/64/20 1408/11/21
f 1409/64/20 1407/65/22 1408/11/21
f 1408/11/21 1407/65/22 1406/12/3
f 1407/65/22 1405/50/3 1406/12/3
f 1406/12/3 1405/50/3 1404/13/4
f 1373/26/23 1403/25/24 1372/66/24
f 1372/66/24 1403/25/24 1402/67/25
f 1403/25/24 1401/24/25 1402/67/25
f 1402/67/25 1401/24/25 1400/68/26
f 1401/24/25 1399/23/26 1400/68/26
f 1400/68/26 1399/23/26 1398/69/27
f 1399/23/26 1397/22/28 1398/69/27
f 1398/69/27 1397/22/28 1396/70/29
f 1397/22/28 1395/21/29 1396/70/29
f 1396/70/29 1395/21/29 1394/71/30
f 1395/21/29 1393/20/30 1394/71/30
f 1394/71/30 1393/20/30 1392/72/31
f 1393/20/30 1391/18/31 1392/72/31
f 1392/72/31 1391/18/31 1390/73/32
f 1391/18/31 1389/17/32 1390/73/32
f 1390/73/32 1389/17/32 1388/74/33
f 1389/17/32 1387/19/33 1388/74/33
f 1388/74/33 1387/19/33 1386/75/34
f 1387/19/33 1385/32/34 1386/75/34
f 1386/75/34 1385/32/34 1384/76/35
f 1385/32/34 1383/31/35 1384/76/35
f 1384/76/35 1383/31/35 1382/77/36
f 1383/31/35 1381/30/36 1382/77/36
f 1382/77/36 1381/30/36 1380/78/37
f 1381/30/36 1379/29/37 1380/78/37
f 1380/78/37 1379/29/37 1378/79/38
f 1379/29/37 1377/28/38 1378/79/38
f 1378/79/38 1377/28/38 1376/80/39
f 1377/28/38 1375/27/39 1376/80/39
f 1376/80/39 1375/27/39 1374/81/23
f 1375/27/39 1373/26/23 1374/81/23
f 1374/81/23 1373/26/23 1372/66/24
f 1341/82/40 1371/83/41 1340/84/41
f 1340/84/41 1371/83/41 1370/85/42
f 1371/83/41 1369/86/42 1370/85/42
f 1370/85/42 1369/86/42 1368/87/43
f 1369/86/42 1367/88/43 1368/87/43
f 1368/87/43 1367/88/43 1366/89/44
f 1367/88/43 1365/90/44 1366/89/44
f 1366/89/44 1365/90/44 1364/91/45
f 1365/90/44 1363/92/45 1364/91/45
f 1364/91/45 1363/92/45 1362/93/46
f 1363/92/45 1361/94/46 1362/93/46
f 1362/93/46 1361/94/46 1360/95/47
f 1361/94/46 1359/96/47 1360/95/47
f 1360/95/47 1359/96/47 1358/97/48
f 1359/96/47 1357/98/49 1358/97/48
f 1358/97/48 1357/98/49 1356/99/50
f 1357/98/49 1355/100/50 1356/99/50
f 1356/99/50 1355/100/50 1354/101/51
f 1355/100/50 1353/102/51 1354/101/51
f 1354/101/51 1353/102/51 1352/103/52
f 1353/102/51 1351/104/52 1352/103/52
f 1352/103/52 1351/104/52 1350/105/53
f 1351/104/52 1349/106/53 1350/105/53
f 1350/105/53 1349/106/53 1348/107/54
f 1349/106/53 1347/108/54 1348/107/54
f 1348/107/54 1347/108/54 1346/109/55
f 1347/108/54 1345/110/55 1346/109/55
f 1346/109/55 1345/110/55 1344/111/56
f 1345/110/55 1343/112/56 1344/111/56
f 1344/111/56 1343/112/56 1342/113/40
f 1343/112/56 1341/82/40 1342/113/40
f 1342/113/40 1341/82/40 1340/84/41
f 1306/114/57 1307/115/57 1339/116/58
f 1307/115/57 1338/117/58 1339/116/58
f 1339/116/58 1338/117/58 1337/118/59
f 1338/117/58 1336/119/59 1337/118/59
f 1337/118/59 1336/119/59 1335/120/60
f 1336/119/59 1334/121/60 1335/120/60
f 1335/120/60 1334/121/60 1333/122/61
f 1334/121/60 1332/123/61 1333/122/61
f 1333/122/61 1332/123/61 1331/124/62
f 1332/123/61 1330/125/62 1331/124/62
f 1331/124/62 1330/125/62 1329/126/63
f 1330/125/62 1328/127/63 1329/126/63
f 1329/126/63 1328/127/63 1327/128/64
f 1328/127/63 1326/129/64 1327/128/64
f 1327/128/64 1326/129/64 1325/130/65
f 1326/129/64 1324/131/65 1325/130/65
f 1325/130/65 1324/131/65 1322/132/66
f 1324/131/65 1323/133/66 1322/132/66
f 1321/134/67 1320/135/67 1319/136/68
f 1320/135/67 1318/137/68 1319/136/68
f 1319/136/68 1318/137/68 1317/138/69
f 1318/137/68 1316/139/69 1317/138/69
f 1317/138/69 1316/139/69 1315/140/70
f 1316/139/69 1314/141/70 1315/140/70
f 1315/140/70 1314/141/70 1313/142/71
f 1314/141/70 1312/143/71 1313/142/71
f 1313/142/71 1312/143/71 1311/144/72
f 1312/143/71 1310/145/72 1311/144/72
f 1311/144/72 1310/145/72 1309/146/73
f 1310/145/72 1308/147/73 1309/146/73
f 1309/146/73 1308/147/73 1306/114/57
f 1308/147/73 1307/115/57 1306/114/57
f 1274/148/74 1275/149/74 1305/150/75
f 1275/149/74 1304/151/75 1305/150/75
f 1305/150/75 1304/151/75 1303/152/76
f 1304/151/75 1302/153/76 1303/152/76
f 1303/152/76 1302/153/76 1301/154/77
f 1302/153/76 1300/155/77 1301/154/77
f 1301/154/77 1300/155/77 1299/156/78
f 1300/155/77 1298/157/78 1299/156/78
f 1299/156/78 1298/157/78 1297/158/79
f 1298/157/78 1296/159/79 1297/158/79
f 1297/158/79 1296/159/79 1295/160/80
f 1296/159/79 1294/161/80 1295/160/80
f 1295/160/80 1294/161/80 1293/162/81
f 1294/161/80 1292/163/81 1293/162/81
f 1293/162/81 1292/163/81 1291/164/82
f 1292/163/81 1290/165/82 1291/164/82
f 1291/164/82 1290/165/82 1289/166/83
f 1290/165/82 1288/167/83 1289/166/83
f 1289/166/83 1288/167/83 1287/168/84
f 1288/167/83 1286/169/84 1287/168/84
f 1287/168/84 1286/169/84 1285/170/85
f 1286/169/84 1284/171/85 1285/170/85
f 1285/170/85 1284/171/85 1283/172/86
f 1284/171/85 1282/173/86 1283/172/86
f 1283/172/86 1282/173/86 1281/174/87
f 1282/173/86 1280/175/87 1281/174/87
f 1281/174/87 1280/175/87 1279/176/88
f 1280/175/87 1278/177/88 1279/176/88
f 1279/176/88 1278/177/88 1277/178/89
f 1278/177/88 1276/179/89 1277/178/89
f 1277/178/89 1276/179/89 1274/148/74
f 1276/179/89 1275/149/74 1274/148/74
f 1240/180/90 1241/181/90 1273/182/91
f 1241/181/90 1272/183/91 1273/182/91
f 1273/182/91 1272/183/91 1271/184/92
f 1272/183/91 1270/185/93 1271/184/92
f 1271/184/92 1270/185/93 1269/186/94
f 1270/185/93 1268/187/94 1269/186/94
f 1269/186/94 1268/187/94 1267/188/95
f 1268/187/94 1266/189/95 1267/188/95
f 1267/188/95 1266/189/95 1265/190/96
f 1266/189/95 1264/191/96 1265/190/96
f 1265/190/96 1264/191/96 1263/192/97
f 1264/191/96 1262/193/97 1263/192/97
f 1263/192/97 1262/193/97 1261/194/98
f 1262/193/97 1260/195/98 1261/194/98
f 1261/194/98 1260/195/98 1259/196/99
f 1260/195/98 1258/197/99 1259/196/99
f 1259/196/99 1258/197/99 1256/198/100
f 1258/197/99 1257/199/100 1256/198/100
f 1255/200/101 1254/201/101 1253/202/102
f 1254/201/101 1252/203/102 1253/202/102
f 1253/202/102 1252/203/102 1251/204/103
f 1252/203/102 1250/205/103 1251/204/103
f 1251/204/103 1250/205/103 1249/206/104
f 1250/205/103 1248/207/104 1249/206/104
f 1249/206/104 1248/207/104 1247/208/105
f 1248/207/104 1246/209/105 1247/208/105
f 1247/208/105 1246/209/105 1245/210/106
f 1246/209/105 1244/211/106 1245/210/106
f 1245/210/106 1244/211/106 1243/212/107
f 1244/211/106 1242/213/107 1243/212/107
f 1243/212/107 1242/213/107 1240/180/90
f 1242/213/107 1241/181/90 1240/180/90
f 1206/214/108 1207/215/108 1239/216/109
f 1207/215/108 1238/217/109 1239/216/109
f 1239/216/109 1238/217/109 1237/218/110
f 1238/217/109 1236/219/110 1237/218/110
f 1237/218/110 1236/219/110 1235/220/111
f 1236/219/110 1234/221/111 1235/220/111
f 1235/220/111 1234/221/111 1233/222/112
f 1234/221/111 1232/223/112 1233/222/112
f 1233/222/112 1232/223/112 1231/224/113
f 1232/223/112 1230/225/113 1231/224/113
f 1231/224/113 1230/225/113 1229/226/114
f 1230/225/113 1228/227/114 1229/226/114
f 1229/226/114 1228/227/114 1227/228/115
f 1228/227/114 1226/229/115 1227/228/115
f 1227/228/115 1226/229/115 1225/230/116
f 1226/229/115 1224/231/116 1225/230/116
f 1225/230/116 1224/231/116 1222/232/117
f 1224/231/116 1223/233/117 1222/232/117
f 1221/234/118 1220/235/119 1219/236/120
f 1220/235/119 1218/237/120 1219/236/120
f 1219/236/120 1218/237/120 1217/238/121
f 1218/237/120 1216/239/121 1217/238/121
f 1217/238/121 1216/239/121 1215/240/122
f 1216/239/121 1214/241/122 1215/240/122
f 1215/240/122 1214/241/122 1213/242/123
f 1214/241/122 1212/243/123 1213/242/123
f 1213/242/123 1212/243/123 1211/244/124
f 1212/243/123 1210/245/124 1211/244/124
f 1211/244/124 1210/245/124 1209/246/125
f 1210/245/124 1208/247/126 1209/246/125
f 1209/246/125 1208/247/126 1206/214/108
f 1208/247/126 1207/215/108 1206/214/108
f 1172/248/127 1173/249/127 1205/250/128
f 1173/249/127 1204/251/128 1205/250/128
f 1205/250/128 1204/251/128 1203/252/129
f 1204/251/128 1202/253/129 1203/252/129
f 1203/252/129 1202/253/129 1201/254/130
f 1202/253/129 1200/255/130 1201/254/130
f 1201/254/130 1200/255/130 1199/256/131
f 1200/255/130 1198/257/131 1199/256/131
f 1199/256/131 1198/257/131 1197/258/132
f 1198/257/131 1196/259/132 1197/258/132
f 1197/258/132 1196/259/132 1195/260/133
f 1196/259/132 1194/261/133 1195/260/133
f 1195/260/133 1194/261/133 1193/262/134
f 1194/261/133 1192/263/134 1193/262/134
f 1193/262/134 1192/263/134 1191/264/135
f 1192/263/134 1190/265/135 1191/264/135
f 1191/264/135 1190/265/135 1188/266/136
f 1190/265/135 1189/267/136 1188/266/136
f 1187/268/136 1186/269/136 1185/270/137
f 1186/269/136 1184/271/137 1185/270/137
f 1185/270/137 1184/271/137 1183/272/138
f 1184/271/137 1182/273/138 1183/272/138
f 1183/272/138 1182/273/138 1181/274/139
f 1182/273/138 1180/275/139 1181/274/139
f 1181/274/139 1180/275/139 1179/276/140
f 1180/275/139 1178/277/140 1179/276/140
f 1179/276/140 1178/277/140 1177/278/141
f 1178/277/140 1176/279/141 1177/278/141
f 1177/278/141 1176/279/141 1175/280/142
f 1176/279/141 1174/281/142 1175/280/142
f 1175/280/142 1174/281/142 1172/248/127
f 1174/281/142 1173/249/127 1172/248/127
f 1138/282/143 1139/283/143 1171/284/144
f 1139/283/143 1170/285/144 1171/284/144
f 1171/284/144 1170/285/144 1169/286/145
f 1170/285/144 1168/287/145 1169/286/145
f 1169/286/145 1168/287/145 1167/288/146
f 1168/287/145 1166/289/146 1167/288/146
f 1167/288/146 1166/289/146 1165/290/147
f 1166/289/146 1164/291/147 1165/290/147
f 1165/290/147 1164/291/147 1163/292/148
f 1164/291/147 1162/293/148 1163/292/148
f 1163/292/148 1162/293/148 1161/294/149
f 1162/293/148 1160/295/149 1161/294/149
f 1161/294/149 1160/295/149 1159/296/150
f 1160/295/149 1158/297/150 1159/296/150
f 1159/296/150 1158/297/150 1157/298/151
f 1158/297/150 1156/299/151 1157/298/151
f 1157/298/151 1156/299/151 1154/300/152
f 1156/299/151 1155/301/152 1154/300/152
f 1153/302/153 1152/303/153 1151/304/154
f 1152/303/153 1150/305/154 1151/304/154
f 1151/304/154 1150/305/154 1149/306/155
f 1150/305/154 1148/307/155 1149/306/155
f 1149/306/155 1148/307/155 1147/308/156
f 1148/307/155 1146/309/156 1147/308/156
f 1147/308/156 1146/309/156 1145/310/157
f 1146/309/156 1144/311/157 1145/310/157
f 1145/310/157 1144/311/157 1143/312/158
f 1144/311/157 1142/313/158 1143/312/158
f 1143/312/158 1142/313/158 1141/314/159
f 1142/313/158 1140/315/159 1141/314/159
f 1141/314/159 1140/315/159 1138/282/143
f 1140/315/159 1139/283/143 1138/282/143
f 1104/316/57 1105/317/57 1137/318/58
f 1105/317/57 1136/319/58 1137/318/58
f 1137/318/58 1136/319/58 1135/320/59
f 1136/319/58 1134/321/59 1135/320/59
f 1135/320/59 1134/321/59 1133/322/60
f 1134/321/59 1132/323/60 1133/322/60
f 1133/322/60 1132/323/60 1131/324/61
f 1132/323/60 1130/325/61 1131/324/61
f 1131/324/61 1130/325/61 1129/326/62
f 1130/325/61 1128/327/62 1129/326/62
f 1129/326/62 1128/327/62 1127/328/63
f 1128/327/62 1126/329/63 1127/328/63
f 1127/328/63 1126/329/63 1125/330/64
f 1126/329/63 1124/331/64 1125/330/64
f 1125/330/64 1124/331/64 1123/332/65
f 1124/331/64 1122/333/65 1123/332/65
f 1123/332/65 1122/333/65 1120/334/66
f 1122/333/65 1121/335/66 1120/334/66
f 1119/336/67 1118/337/67 1117/338/68
f 1118/337/67 1116/339/68 1117/338/68
f 1117/338/68 1116/339/68 1115/340/69
f 1116/339/68 1114/341/69 1115/340/69
f 1115/340/69 1114/341/69 1113/342/70
f 1114/341/69 1112/343/70 1113/342/70
f 1113/342/70 1112/343/70 1111/344/71
f 1112/343/70 1110/345/71 1111/344/71
f 1111/344/71 1110/345/71 1109/346/72
f 1110/345/71 1108/347/72 1109/346/72
f 1109/346/72 1108/347/72 1107/348/73
f 1108/347/72 1106/349/73 1107/348/73
f 1107/348/73 1106/349/73 1104/316/57
f 1106/349/73 1105/317/57 1104/316/57
f 1070/118/160 1071/350/160 1103/116/161
f 1071/350/160 1102/351/161 1103/116/161
f 1103/116/161 1102/351/161 1101/114/162
f 1102/351/161 1100/352/162 1101/114/162
f 1101/114/162 1100/352/162 1099/146/163
f 1100/352/162 1098/353/164 1099/146/163
f 1099/146/163 1098/353/164 1097/144/165
f 1098/353/164 1096/354/165 1097/144/165
f 1097/144/165 1096/354/165 1095/142/166
f 1096/354/165 1094/355/166 1095/142/166
f 1095/142/166 1094/355/166 1093/140/167
f 1094/355/166 1092/356/167 1093/140/167
f 1093/140/167 1092/356/167 1091/138/168
f 1092/356/167 1090/357/168 1091/138/168
f 1091/138/168 1090/357/168 1089/136/169
f 1090/357/168 1088/358/169 1089/136/169
f 1089/136/169 1088/358/169 1086/134/170
f 1088/358/169 1087/359/170 1086/134/170
f 1085/132/170 1084/360/170 1083/130/171
f 1084/360/170 1082/361/171 1083/130/171
f 1083/130/171 1082/361/171 1081/128/172
f 1082/361/171 1080/362/173 1081/128/172
f 1081/128/172 1080/362/173 1079/126/174
f 1080/362/173 1078/363/174 1079/126/174
f 1079/126/174 1078/363/174 1077/124/175
f 1078/363/174 1076/364/175 1077/124/175
f 1077/124/175 1076/364/175 1075/122/176
f 1076/364/175 1074/365/176 1075/122/176
f 1075/122/176 1074/365/176 1073/120/177
f 1074/365/176 1072/366/177 1073/120/177
f 1073/120/177 1072/366/177 1070/118/160
f 1072/366/177 1071/350/160 1070/118/160
f 1036/218/178 1037/367/178 1069/216/179
f 1037/367/178 1068/368/179 1069/216/179
f 1069/216/179 1068/368/179 1067/214/180
f 1068/368/179 1066/369/180 1067/214/180
f 1067/214/180 1066/369/180 1065/246/181
f 1066/369/180 1064/370/181 1065/246/181
f 1065/246/181 1064/370/181 1063/244/182
f 1064/370/181 1062/371/182 1063/244/182
f 1063/244/182 1062/371/182 1061/242/183
f 1062/371/182 1060/372/183 1061/242/183
f 1061/242/183 1060/372/183 1059/240/184
f 1060/372/183 1058/373/184 1059/240/184
f 1059/240/184 1058/373/184 1057/238/185
f 1058/373/184 1056/374/185 1057/238/185
f 1057/238/185 1056/374/185 1055/236/186
f 1056/374/185 1054/375/186 1055/236/186
f 1055/236/186 1054/375/186 1052/234/187
f 1054/375/186 1053/376/187 1052/234/187
f 1051/232/188 1050/377/188 1049/230/189
f 1050/377/188 1048/378/189 1049/230/189
f 1049/230/189 1048/378/189 1047/228/190
f 1048/378/189 1046/379/190 1047/228/190
f 1047/228/190 1046/379/190 1045/226/191
f 1046/379/190 1044/380/191 1045/226/191
f 1045/226/191 1044/380/191 1043/224/192
f 1044/380/191 1042/381/192 1043/224/192
f 1043/224/192 1042/381/192 1041/222/193
f 1042/381/192 1040/382/193 1041/222/193
f 1041/222/193 1040/382/193 1039/220/194
f 1040/382/193 1038/383/194 1039/220/194
f 1039/220/194 1038/383/194 1036/218/178
f 1038/383/194 1037/367/178 1036/218/178
f 1002/384/57 1003/352/57 1035/385/58
f 1003/352/57 1034/351/58 1035/385/58
f 1035/385/58 1034/351/58 1033/386/59
f 1034/351/58 1032/350/59 1033/386/59
f 1033/386/59 1032/350/59 1031/387/60
f 1032/350/59 1030/366/60 1031/387/60
f 1031/387/60 1030/366/60 1029/388/61
f 1030/366/60 1028/365/61 1029/388/61
f 1029/388/61 1028/365/61 1027/389/62
f 1028/365/61 1026/364/62 1027/389/62
f 1027/389/62 1026/364/62 1025/390/63
f 1026/364/62 1024/363/63 1025/390/63
f 1025/390/63 1024/363/63 1023/391/64
f 1024/363/63 1022/362/64 1023/391/64
f 1023/391/64 1022/362/64 1021/392/65
f 1022/362/64 1020/361/65 1021/392/65
f 1021/392/65 1020/361/65 1018/393/195
f 1020/361/65 1019/360/195 1018/393/195
f 1017/394/67 1016/359/67 1015/395/68
f 1016/359/67 1014/358/68 1015/395/68
f 1015/395/68 1014/358/68 1013/396/69
f 1014/358/68 1012/357/69 1013/396/69
f 1013/396/69 1012/357/69 1011/397/70
f 1012/357/69 1010/356/70 1011/397/70
f 1011/397/70 1010/356/70 1009/398/71
f 1010/356/70 1008/355/71 1009/398/71
f 1009/398/71 1008/355/71 1007/399/72
f 1008/355/71 1006/354/72 1007/399/72
f 1007/399/72 1006/354/72 1005/400/73
f 1006/354/72 1004/353/73 1005/400/73
f 1005/400/73 1004/353/73 1002/384/57
f 1004/353/73 1003/352/57 1002/384/57
f 968/401/178 969/180/178 1001/402/179
f 969/180/178 1000/182/179 1001/402/179
f 1001/402/179 1000/182/179 999/403/180
f 1000/182/179 998/184/180 999/403/180
f 999/403/180 998/184/180 997/404/181
f 998/184/180 996/186/181 997/404/181
f 997/404/181 996/186/181 995/405/182
f 996/186/181 994/188/182 995/405/182
f 995/405/182 994/188/182 993/406/183
f 994/188/182 992/190/183 993/406/183
f 993/406/183 992/190/183 991/407/184
f 992/190/183 990/192/184 991/407/184
f 991/407/184 990/192/184 989/408/185
f 990/192/184 988/194/185 989/408/185
f 989/408/185 988/194/185 987/409/186
f 988/194/185 986/196/186 987/409/186
f 987/409/186 986/196/186 984/410/187
f 986/196/186 985/198/187 984/410/187
f 983/411/188 982/200/188 981/412/189
f 982/200/188 980/202/189 981/412/189
f 981/412/189 980/202/189 979/413/190
f 980/202/189 978/204/190 979/413/190
f 979/413/190 978/204/190 977/414/191
f 978/204/190 976/206/191 977/414/191
f 977/414/191 976/206/191 975/415/192
f 976/206/191 974/208/192 975/415/192
f 975/415/192 974/208/192 973/416/193
f 974/208/192 972/210/193 973/416/193
f 973/416/193 972/210/193 971/417/194
f 972/210/193 970/212/194 971/417/194
f 971/417/194 970/212/194 968/401/178
f 970/212/194 969/180/178 968/401/178
f 934/418/196 935/253/196 967/419/197
f 935/253/196 966/251/197 967/419/197
f 967/419/197 966/251/197 965/420/198
f 966/251/197 964/249/198 965/420/198
f 965/420/198 964/249/198 963/421/199
f 964/249/198 962/281/199 963/421/199
f 963/421/199 962/281/199 961/422/200
f 962/281/199 960/279/200 961/422/200
f 961/422/200 960/279/200 959/423/201
f 960/279/200 958/277/201 959/423/201
f 959/423/201 958/277/201 957/424/202
f 958/277/201 956/275/202 957/424/202
f 957/424/202 956/275/202 955/425/203
f 956/275/202 954/273/203 955/425/203
f 955/425/203 954/273/203 953/426/204
f 954/273/203 952/271/204 953/426/204
f 953/426/204 952/271/204 950/427/205
f 952/271/204 951/269/205 950/427/205
f 949/428/206 948/267/206 947/429/207
f 948/267/206 946/265/207 947/429/207
f 947/429/207 946/265/207 945/430/208
f 946/265/207 944/263/208 945/430/208
f 945/430/208 944/263/208 943/431/209
f 944/263/208 942/261/209 943/431/209
f 943/431/209 942/261/209 941/432/210
f 942/261/209 940/259/210 941/432/210
f 941/432/210 940/259/210 939/433/211
f 940/259/210 938/257/211 939/433/211
f 939/433/211 938/257/211 937/434/212
f 938/257/211 936/255/212 937/434/212
f 937/434/212 936/255/212 934/418/196
f 936/255/212 935/253/196 934/418/196
f 900/435/213 901/287/213 933/436/214
f 901/287/213 932/285/214 933/436/214
f 933/436/214 932/285/214 931/437/215
f 932/285/214 930/283/215 931/437/215
f 931/437/215 930/283/215 929/438/216
f 930/283/215 928/315/216 929/438/216
f 929/438/216 928/315/216 927/439/217
f 928/315/216 926/313/217 927/439/217
f 927/439/217 926/313/217 925/440/218
f 926/313/217 924/311/218 925/440/218
f 925/440/218 924/311/218 923/441/219
f 924/311/218 922/309/219 923/441/219
f 923/441/219 922/309/219 921/442/220
f 922/309/219 920/307/220 921/442/220
f 921/442/220 920/307/220 919/443/221
f 920/307/220 918/305/221 919/443/221
f 919/443/221 918/305/221 916/444/222
f 918/305/221 917/303/223 916/444/222
f 915/445/224 914/301/224 913/446/225
f 914/301/224 912/299/225 913/446/225
f 913/446/225 912/299/225 911/447/226
f 912/299/225 910/297/226 911/447/226
f 911/447/226 910/297/226 909/448/227
f 910/297/226 908/295/227 909/448/227
f 909/448/227 908/295/227 907/449/228
f 908/295/227 906/293/228 907/449/228
f 907/449/228 906/293/228 905/450/229
f 906/293/228 904/291/229 905/450/229
f 905/450/229 904/291/229 903/451/230
f 904/291/229 902/289/230 903/451/230
f 903/451/230 902/289/230 900/435/213
f 902/289/230 901/287/213 900/435/213
f 866/452/160 867/321/160 899/453/161
f 867/321/160 898/319/161 899/453/161
f 899/453/161 898/319/161 897/454/162
f 898/319/161 896/317/162 897/454/162
f 897/454/162 896/317/162 895/455/163
f 896/317/162 894/349/163 895/455/163
f 895/455/163 894/349/163 893/456/165
f 894/349/163 892/347/231 893/456/165
f 893/456/165 892/347/231 891/457/166
f 892/347/231 890/345/166 891/457/166
f 891/457/166 890/345/166 889/458/167
f 890/345/166 888/343/167 889/458/167
f 889/458/167 888/343/167 887/459/168
f 888/343/167 886/341/168 887/459/168
f 887/459/168 886/341/168 885/460/169
f 886/341/168 884/339/169 885/460/169
f 885/460/169 884/339/169 882/461/170
f 884/339/169 883/337/170 882/461/170
f 881/462/170 880/335/170 879/463/171
f 880/335/170 878/333/171 879/463/171
f 879/463/171 878/333/171 877/464/172
f 878/333/171 876/331/172 877/464/172
f 877/464/172 876/331/172 875/465/174
f 876/331/172 874/329/174 875/465/174
f 875/465/174 874/329/174 873/466/175
f 874/329/174 872/327/175 873/466/175
f 873/466/175 872/327/175 871/467/176
f 872/327/175 870/325/176 871/467/176
f 871/467/176 870/325/176 869/468/177
f 870/325/176 868/323/177 869/468/177
f 869/468/177 868/323/177 866/452/160
f 868/323/177 867/321/160 866/452/160
f 832/367/90 833/469/90 865/368/91
f 833/469/90 864/470/91 865/368/91
f 865/368/91 864/470/91 863/369/93
f 864/470/91 862/471/93 863/369/93
f 863/369/93 862/471/93 861/370/94
f 862/471/93 860/472/94 861/370/94
f 861/370/94 860/472/94 859/371/95
f 860/472/94 858/473/95 859/371/95
f 859/371/95 858/473/95 857/372/96
f 858/473/95 856/474/96 857/372/96
f 857/372/96 856/474/96 855/373/97
f 856/474/96 854/475/97 855/373/97
f 855/373/97 854/475/97 853/374/98
f 854/475/97 852/476/98 853/374/98
f 853/374/98 852/476/98 851/375/99
f 852/476/98 850/477/99 851/375/99
f 851/375/99 850/477/99 848/376/232
f 850/477/99 849/478/232 848/376/232
f 847/377/101 846/479/101 845/378/102
f 846/479/101 844/480/102 845/378/102
f 845/378/102 844/480/102 843/379/103
f 844/480/102 842/481/103 843/379/103
f 843/379/103 842/481/103 841/380/104
f 842/481/103 840/482/104 841/380/104
f 841/380/104 840/482/104 839/381/105
f 840/482/104 838/483/105 839/381/105
f 839/381/105 838/483/105 837/382/106
f 838/483/105 836/484/106 837/382/106
f 837/382/106 836/484/106 835/383/107
f 836/484/106 834/485/107 835/383/107
f 835/383/107 834/485/107 832/367/90
f 834/485/107 833/469/90 832/367/90
f 798/486/233 799/384/233 831/487/234
f 799/384/233 830/385/234 831/487/234
f 831/487/234 830/385/234 829/488/235
f 830/385/234 828/386/235 829/488/235
f 829/488/235 828/386/235 827/489/236
f 828/386/235 826/387/236 827/489/236
f 827/489/236 826/387/236 825/490/237
f 826/387/236 824/388/237 825/490/237
f 825/490/237 824/388/237 823/491/238
f 824/388/237 822/389/238 823/491/238
f 823/491/238 822/389/238 821/492/239
f 822/389/238 820/390/239 821/492/239
f 821/492/239 820/390/239 819/493/240
f 820/390/239 818/391/241 819/493/240
f 819/493/240 818/391/241 817/494/242
f 818/391/241 816/392/242 817/494/242
f 817/494/242 816/392/242 814/495/243
f 816/392/242 815/393/243 814/495/243
f 813/496/243 812/394/243 811/497/244
f 812/394/243 810/395/244 811/497/244
f 811/497/244 810/395/244 809/498/245
f 810/395/244 808/396/245 809/498/245
f 809/498/245 808/396/245 807/499/246
f 808/396/245 806/397/246 807/499/246
f 807/499/246 806/397/246 805/500/247
f 806/397/246 804/398/247 805/500/247
f 805/500/247 804/398/247 803/501/248
f 804/398/247 802/399/248 803/501/248
f 803/501/248 802/399/248 801/502/249
f 802/399/248 800/400/249 801/502/249
f 801/502/249 800/400/249 798/486/233
f 800/400/249 799/384/233 798/486/233
f 764/403/108 765/503/108 797/402/109
f 765/503/108 796/504/109 797/402/109
f 797/402/109 796/504/109 795/401/110
f 796/504/109 794/505/110 795/401/110
f 795/401/110 794/505/110 793/417/111
f 794/505/110 792/506/111 793/417/111
f 793/417/111 792/506/111 791/416/112
f 792/506/111 790/507/112 791/416/112
f 791/416/112 790/507/112 789/415/113
f 790/507/112 788/508/113 789/415/113
f 789/415/113 788/508/113 787/414/114
f 788/508/113 786/509/114 787/414/114
f 787/414/114 786/509/114 785/413/115
f 786/509/114 784/510/115 785/413/115
f 785/413/115 784/510/115 783/412/116
f 784/510/115 782/511/116 783/412/116
f 783/412/116 782/511/116 780/411/117
f 782/511/116 781/512/117 780/411/117
f 779/410/118 778/513/118 777/409/120
f 778/513/118 776/514/120 777/409/120
f 777/409/120 776/514/120 775/408/121
f 776/514/120 774/515/121 775/408/121
f 775/408/121 774/515/121 773/407/122
f 774/515/121 772/516/122 773/407/122
f 773/407/122 772/516/122 771/406/123
f 772/516/122 770/517/123 771/406/123
f 771/406/123 770/517/123 769/405/124
f 770/517/123 768/518/124 769/405/124
f 769/405/124 768/518/124 767/404/125
f 768/518/124 766/519/125 767/404/125
f 767/404/125 766/519/125 764/403/108
f 766/519/125 765/503/108 764/403/108
f 730/420/127 731/520/127 763/419/128
f 731/520/127 762/521/128 763/419/128
f 763/419/128 762/521/128 761/418/129
f 762/521/128 760/522/129 761/418/129
f 761/418/129 760/522/129 759/434/130
f 760/522/129 758/523/130 759/434/130
f 759/434/130 758/523/130 757/433/131
f 758/523/130 756/524/131 757/433/131
f 757/433/131 756/524/131 755/432/132
f 756/524/131 754/525/132 755/432/132
f 755/432/132 754/525/132 753/431/133
f 754/525/132 752/526/133 753/431/133
f 753/431/133 752/526/133 751/430/134
f 752/526/133 750/527/134 751/430/134
f 751/430/134 750/527/134 749/429/135
f 750/527/134 748/528/135 749/429/135
f 749/429/135 748/528/135 746/428/136
f 748/528/135 747/529/136 746/428/136
f 745/427/136 744/530/136 743/426/137
f 744/530/136 742/531/137 743/426/137
f 743/426/137 742/531/137 741/425/138
f 742/531/137 740/532/138 741/425/138
f 741/425/138 740/532/138 739/424/139
f 740/532/138 738/533/139 739/424/139
f 739/424/139 738/533/139 737/423/140
f 738/533/139 736/534/140 737/423/140
f 737/423/140 736/534/140 735/422/141
f 736/534/140 734/535/141 735/422/141
f 735/422/141 734/535/141 733/421/142
f 734/535/141 732/536/142 733/421/142
f 733/421/142 732/536/142 730/420/127
f 732/536/142 731/520/127 730/420/127
f 696/437/143 697/537/143 729/436/144
f 697/537/143 728/538/144 729/436/144
f 729/436/144 728/538/144 727/435/145
f 728/538/144 726/539/145 727/435/145
f 727/435/145 726/539/145 725/451/146
f 726/539/145 724/540/146 725/451/146
f 725/451/146 724/540/146 723/450/147
f 724/540/146 722/541/147 723/450/147
f 723/450/147 722/541/147 721/449/148
f 722/541/147 720/542/148 721/449/148
f 721/449/148 720/542/148 719/448/149
f 720/542/148 718/543/149 719/448/149
f 719/448/149 718/543/149 717/447/150
f 718/543/149 716/544/150 717/447/150
f 717/447/150 716/544/150 715/446/151
f 716/544/150 714/545/151 715/446/151
f 715/446/151 714/545/151 712/445/250
f 714/545/151 713/546/250 712/445/250
f 711/444/153 710/547/251 709/443/154
f 710/547/251 708/548/154 709/443/154
f 709/443/154 708/548/154 707/442/155
f 708/548/154 706/549/155 707/442/155
f 707/442/155 706/549/155 705/441/156
f 706/549/155 704/550/156 705/441/156
f 705/441/156 704/550/156 703/440/157
f 704/550/156 702/551/157 703/440/157
f 703/440/157 702/551/157 701/439/158
f 702/551/157 700/552/158 701/439/158
f 701/439/158 700/552/158 699/438/159
f 700/552/158 698/553/159 699/438/159
f 699/438/159 698/553/159 696/437/143
f 698/553/159 697/537/143 696/437/143
f 662/454/57 663/554/57 695/453/58
f 663/554/57 694/555/58 695/453/58
f 695/453/58 694/555/58 693/452/59
f 694/555/58 692/556/59 693/452/59
f 693/452/59 692/556/59 691/468/60
f 692/556/59 690/557/60 691/468/60
f 691/468/60 690/557/60 689/467/61
f 690/557/60 688/558/61 689/467/61
f 689/467/61 688/558/61 687/466/62
f 688/558/61 686/559/62 687/466/62
f 687/466/62 686/559/62 685/465/63
f 686/559/62 684/560/63 685/465/63
f 685/465/63 684/560/63 683/464/64
f 684/560/63 682/561/64 683/464/64
f 683/464/64 682/561/64 681/463/65
f 682/561/64 680/562/65 681/463/65
f 681/463/65 680/562/65 678/462/66
f 680/562/65 679/563/66 678/462/66
f 677/461/67 676/564/67 675/460/68
f 676/564/67 674/565/68 675/460/68
f 675/460/68 674/565/68 673/459/69
f 674/565/68 672/566/69 673/459/69
f 673/459/69 672/566/69 671/458/70
f 672/566/69 670/567/70 671/458/70
f 671/458/70 670/567/70 669/457/71
f 670/567/70 668/568/71 669/457/71
f 669/457/71 668/568/71 667/456/72
f 668/568/71 666/569/72 667/456/72
f 667/456/72 666/569/72 665/455/73
f 666/569/72 664/570/73 665/455/73
f 665/455/73 664/570/73 662/454/57
f 664/570/73 663/554/57 662/454/57
f 628/469/178 629/571/178 661/470/179
f 629/571/178 660/572/179 661/470/179
f 661/470/179 660/572/179 659/471/180
f 660/572/179 658/573/180 659/471/180
f 659/471/180 658/573/180 657/472/181
f 658/573/180 656/574/181 657/472/181
f 657/472/181 656/574/181 655/473/182
f 656/574/181 654/575/182 655/473/182
f 655/473/182 654/575/182 653/474/183
f 654/575/182 652/576/183 653/474/183
f 653/474/183 652/576/183 651/475/184
f 652/576/183 650/577/184 651/475/184
f 651/475/184 650/577/184 649/476/185
f 650/577/184 648/578/185 649/476/185
f 649/476/185 648/578/185 647/477/186
f 648/578/185 646/579/186 647/477/186
f 647/477/186 646/579/186 644/478/187
f 646/579/186 645/580/187 644/478/187
f 643/479/188 642/581/188 641/480/189
f 642/581/188 640/582/189 641/480/189
f 641/480/189 640/582/189 639/481/190
f 640/582/189 638/583/190 639/481/190
f 639/481/190 638/583/190 637/482/191
f 638/583/190 636/584/191 637/482/191
f 637/482/191 636/584/191 635/483/192
f 636/584/191 634/585/192 635/483/192
f 635/483/192 634/585/192 633/484/193
f 634/585/192 632/586/193 633/484/193
f 633/484/193 632/586/193 631/485/194
f 632/586/193 630/587/194 631/485/194
f 631/485/194 630/587/194 628/469/178
f 630/587/194 629/571/178 628/469/178
f 594/588/57 595/486/57 627/589/58
f 595/486/57 626/487/58 627/589/58
f 627/589/58 626/487/58 625/590/59
f 626/487/58 624/488/59 625/590/59
f 625/590/59 624/488/59 623/591/60
f 624/488/59 622/489/60 623/591/60
f 623/591/60 622/489/60 621/592/61
f 622/489/60 620/490/61 621/592/61
f 621/592/61 620/490/61 619/593/62
f 620/490/61 618/491/62 619/593/62
f 619/593/62 618/491/62 617/594/63
f 618/491/62 616/492/63 617/594/63
f 617/594/63 616/492/63 615/595/64
f 616/492/63 614/493/64 615/595/64
f 615/595/64 614/493/64 613/596/65
f 614/493/64 612/494/65 613/596/65
f 613/596/65 612/494/65 610/597/66
f 612/494/65 611/495/195 610/597/66
f 609/598/67 608/496/67 607/599/68
f 608/496/67 606/497/68 607/599/68
f 607/599/68 606/497/68 605/600/69
f 606/497/68 604/498/69 605/600/69
f 605/600/69 604/498/69 603/601/70
f 604/498/69 602/499/70 603/601/70
f 603/601/70 602/499/70 601/602/71
f 602/499/70 600/500/71 601/602/71
f 601/602/71 600/500/71 599/603/72
f 600/500/71 598/501/72 599/603/72
f 599/603/72 598/501/72 597/604/73
f 598/501/72 596/502/73 597/604/73
f 597/604/73 596/502/73 594/588/57
f 596/502/73 595/486/57 594/588/57
f 560/605/178 561/505/178 593/606/179
f 561/505/178 592/504/179 593/606/179
f 593/606/179 592/504/179 591/607/180
f 592/504/179 590/503/180 591/607/180
f 591/607/180 590/503/180 589/608/181
f 590/503/180 588/519/181 589/608/181
f 589/608/181 588/519/181 587/609/182
f 588/519/181 586/518/182 587/609/182
f 587/609/182 586/518/182 585/610/183
f 586/518/182 584/517/183 585/610/183
f 585/610/183 584/517/183 583/611/184
f 584/517/183 582/516/184 583/611/184
f 583/611/184 582/516/184 581/612/185
f 582/516/184 580/515/185 581/612/185
f 581/612/185 580/515/185 579/613/186
f 580/515/185 578/514/186 579/613/186
f 579/613/186 578/514/186 576/614/187
f 578/514/186 577/513/187 576/614/187
f 575/615/188 574/512/188 573/616/189
f 574/512/188 572/511/189 573/616/189
f 573/616/189 572/511/189 571/617/190
f 572/511/189 570/510/190 571/617/190
f 571/617/190 570/510/190 569/618/191
f 570/510/190 568/509/191 569/618/191
f 569/618/191 568/509/191 567/619/192
f 568/509/191 566/508/192 567/619/192
f 567/619/192 566/508/192 565/620/193
f 566/508/192 564/507/193 565/620/193
f 565/620/193 564/507/193 563/621/194
f 564/507/193 562/506/194 563/621/194
f 563/621/194 562/506/194 560/605/178
f 562/506/194 561/505/178 560/605/178
f 526/520/252 527/622/252 559/521/253
f 527/622/252 558/623/253 559/521/253
f 559/521/253 558/623/253 557/522/254
f 558/623/253 556/624/254 557/522/254
f 557/522/254 556/624/254 555/523/255
f 556/624/254 554/625/255 555/523/255
f 555/523/255 554/625/255 553/524/256
f 554/625/255 552/626/256 553/524/256
f 553/524/256 552/626/256 551/525/257
f 552/626/256 550/627/257 551/525/257
f 551/525/257 550/627/257 549/526/258
f 550/627/257 548/628/258 549/526/258
f 549/526/258 548/628/258 547/527/259
f 548/628/258 546/629/259 547/527/259
f 547/527/259 546/629/259 545/528/260
f 546/629/259 544/630/260 545/528/260
f 545/528/260 544/630/260 542/529/261
f 544/630/260 543/631/261 542/529/261
f 541/530/262 540/632/262 539/531/263
f 540/632/262 538/633/263 539/531/263
f 539/531/263 538/633/263 537/532/264
f 538/633/263 536/634/264 537/532/264
f 537/532/264 536/634/264 535/533/265
f 536/634/264 534/635/265 535/533/265
f 535/533/265 534/635/265 533/534/266
f 534/635/265 532/636/266 533/534/266
f 533/534/266 532/636/266 531/535/267
f 532/636/266 530/637/267 531/535/267
f 531/535/267 530/637/267 529/536/268
f 530/637/267 528/638/268 529/536/268
f 529/536/268 528/638/268 526/520/252
f 528/638/268 527/622/252 526/520/252
f 492/537/269 493/639/269 525/538/270
f 493/639/269 524/640/270 525/538/270
f 525/538/270 524/640/270 523/539/271
f 524/640/270 522/641/271 523/539/271
f 523/539/271 522/641/271 521/540/272
f 522/641/271 520/642/272 521/540/272
f 521/540/272 520/642/272 519/541/273
f 520/642/272 518/643/273 519/541/273
f 519/541/273 518/643/273 517/542/274
f 518/643/273 516/644/274 517/542/274
f 517/542/274 516/644/274 515/543/275
f 516/644/274 514/645/275 515/543/275
f 515/543/275 514/645/275 513/544/276
f 514/645/275 512/646/276 513/544/276
f 513/544/276 512/646/276 511/545/277
f 512/646/276 510/647/277 511/545/277
f 511/545/277 510/647/277 508/546/278
f 510/647/277 509/648/278 508/546/278
f 507/547/279 506/649/279 505/548/280
f 506/649/279 504/650/280 505/548/280
f 505/548/280 504/650/280 503/549/281
f 504/650/280 502/651/281 503/549/281
f 503/549/281 502/651/281 501/550/282
f 502/651/281 500/652/282 501/550/282
f 501/550/282 500/652/282 499/551/283
f 500/652/282 498/653/283 499/551/283
f 499/551/283 498/653/283 497/552/284
f 498/653/283 496/654/284 497/552/284
f 497/552/284 496/654/284 495/553/285
f 496/654/284 494/655/285 495/553/285
f 495/553/285 494/655/285 492/537/269
f 494/655/285 493/639/269 492/537/269
f 458/622/127 459/656/127 491/623/128
f 459/656/127 490/657/128 491/623/128
f 491/623/128 490/657/128 489/624/129
f 490/657/128 488/658/129 489/624/129
f 489/624/129 488/658/129 487/625/130
f 488/658/129 486/659/130 487/625/130
f 487/625/130 486/659/130 485/626/131
f 486/659/130 484/660/131 485/626/131
f 485/626/131 484/660/131 483/627/132
f 484/660/131 482/661/132 483/627/132
f 483/627/132 482/661/132 481/628/133
f 482/661/132 480/662/133 481/628/133
f 481/628/133 480/662/133 479/629/134
f 480/662/133 478/663/134 479/629/134
f 479/629/134 478/663/134 477/630/135
f 478/663/134 476/664/135 477/630/135
f 477/630/135 476/664/135 474/631/136
f 476/664/135 475/665/136 474/631/136
f 473/632/136 472/666/136 471/633/137
f 472/666/136 470/667/137 471/633/137
f 471/633/137 470/667/137 469/634/138
f 470/667/137 468/668/138 469/634/138
f 469/634/138 468/668/138 467/635/139
f 468/668/138 466/669/139 467/635/139
f 467/635/139 466/669/139 465/636/140
f 466/669/139 464/670/140 465/636/140
f 465/636/140 464/670/140 463/637/141
f 464/670/140 462/671/141 463/637/141
f 463/637/141 462/671/141 461/638/142
f 462/671/141 460/672/142 461/638/142
f 461/638/142 460/672/142 458/622/127
f 460/672/142 459/656/127 458/622/127
f 424/639/143 425/673/143 457/640/144
f 425/673/143 456/674/144 457/640/144
f 457/640/144 456/674/144 455/641/145
f 456/674/144 454/675/145 455/641/145
f 455/641/145 454/675/145 453/642/146
f 454/675/145 452/676/146 453/642/146
f 453/642/146 452/676/146 451/643/147
f 452/676/146 450/677/147 451/643/147
f 451/643/147 450/677/147 449/644/148
f 450/677/147 448/678/148 449/644/148
f 449/644/148 448/678/148 447/645/149
f 448/678/148 446/679/149 447/645/149
f 447/645/149 446/679/149 445/646/150
f 446/679/149 444/680/150 445/646/150
f 445/646/150 444/680/150 443/647/151
f 444/680/150 442/681/151 443/647/151
f 443/647/151 442/681/151 440/648/286
f 442/681/151 441/682/152 440/648/286
f 439/649/153 438/683/287 437/650/154
f 438/683/287 436/684/154 437/650/154
f 437/650/154 436/684/154 435/651/155
f 436/684/154 434/685/155 435/651/155
f 435/651/155 434/685/155 433/652/156
f 434/685/155 432/686/156 433/652/156
f 433/652/156 432/686/156 431/653/157
f 432/686/156 430/687/157 431/653/157
f 431/653/157 430/687/157 429/654/158
f 430/687/157 428/688/158 429/654/158
f 429/654/158 428/688/158 427/655/159
f 428/688/158 426/689/159 427/655/159
f 427/655/159 426/689/159 424/639/143
f 426/689/159 425/673/143 424/639/143
f 390/690/127 391/691/127 423/692/128
f 391/691/127 422/693/128 423/692/128
f 423/692/128 422/693/128 421/694/129
f 422/693/128 420/695/129 421/694/129
f 421/694/129 420/695/129 419/696/130
f 420/695/129 418/697/130 419/696/130
f 419/696/130 418/697/130 417/698/131
f 418/697/130 416/699/131 417/698/131
f 417/698/131 416/699/131 415/700/132
f 416/699/131 414/701/132 415/700/132
f 415/700/132 414/701/132 413/702/133
f 414/701/132 412/703/133 413/702/133
f 413/702/133 412/703/133 411/704/134
f 412/703/133 410/705/134 411/704/134
f 411/704/134 410/705/134 409/706/135
f 410/705/134 408/707/135 409/706/135
f 409/706/135 408/707/135 406/708/288
f 408/707/135 407/709/136 406/708/288
f 405/710/136 404/711/136 403/712/137
f 404/711/136 402/713/137 403/712/137
f 403/712/137 402/713/137 401/714/138
f 402/713/137 400/715/138 401/714/138
f 401/714/138 400/715/138 399/716/139
f 400/715/138 398/717/139 399/716/139
f 399/716/139 398/717/139 397/718/140
f 398/717/139 396/719/140 397/718/140
f 397/718/140 396/719/140 395/720/141
f 396/719/140 394/721/141 395/720/141
f 395/720/141 394/721/141 393/722/142
f 394/721/141 392/723/142 393/722/142
f 393/722/142 392/723/142 390/690/127
f 392/723/142 391/691/127 390/690/127
f 356/724/143 357/725/143 389/726/144
f 357/725/143 388/727/144 389/726/144
f 389/726/144 388/727/144 387/728/145
f 388/727/144 386/729/145 387/728/145
f 387/728/145 386/729/145 385/730/146
f 386/729/145 384/731/146 385/730/146
f 385/730/146 384/731/146 383/732/147
f 384/731/146 382/733/147 383/732/147
f 383/732/147 382/733/147 381/734/148
f 382/733/147 380/735/148 381/734/148
f 381/734/148 380/735/148 379/736/149
f 380/735/148 378/737/149 379/736/149
f 379/736/149 378/737/149 377/738/150
f 378/737/149 376/739/150 377/738/150
f 377/738/150 376/739/150 375/740/151
f 376/739/150 374/741/151 375/740/151
f 375/740/151 374/741/151 372/742/152
f 374/741/151 373/743/152 372/742/152
f 371/744/153 370/745/153 369/746/154
f 370/745/153 368/747/154 369/746/154
f 369/746/154 368/747/154 367/748/155
f 368/747/154 366/749/155 367/748/155
f 367/748/155 366/749/155 365/750/156
f 366/749/155 364/751/156 365/750/156
f 365/750/156 364/751/156 363/752/157
f 364/751/156 362/753/157 363/752/157
f 363/752/157 362/753/157 361/754/158
f 362/753/157 360/755/158 361/754/158
f 361/754/158 360/755/158 359/756/159
f 360/755/158 358/757/159 359/756/159
f 359/756/159 358/757/159 356/724/143
f 358/757/159 357/725/143 356/724/143
f 322/691/252 323/758/252 355/693/253
f 323/758/252 354/759/253 355/693/253
f 355/693/253 354/759/253 353/695/289
f 354/759/253 352/760/289 353/695/289
f 353/695/289 352/760/289 351/697/255
f 352/760/289 350/761/255 351/697/255
f 351/697/255 350/761/255 349/699/256
f 350/761/255 348/762/256 349/699/256
f 349/699/256 348/762/256 347/701/257
f 348/762/256 346/763/257 347/701/257
f 347/701/257 346/763/257 345/703/258
f 346/763/257 344/764/258 345/703/258
f 345/703/258 344/764/258 343/705/259
f 344/764/258 342/765/259 343/705/259
f 343/705/259 342/765/259 341/707/290
f 342/765/259 340/766/290 341/707/290
f 341/707/290 340/766/290 338/709/261
f 340/766/290 339/767/261 338/709/261
f 337/711/262 336/768/262 335/713/263
f 336/768/262 334/769/263 335/713/263
f 335/713/263 334/769/263 333/715/264
f 334/769/263 332/770/264 333/715/264
f 333/715/264 332/770/264 331/717/265
f 332/770/264 330/771/265 331/717/265
f 331/717/265 330/771/265 329/719/266
f 330/771/265 328/772/266 329/719/266
f 329/719/266 328/772/266 327/721/267
f 328/772/266 326/773/267 327/721/267
f 327/721/267 326/773/267 325/723/268
f 326/773/267 324/774/268 325/723/268
f 325/723/268 324/774/268 322/691/252
f 324/774/268 323/758/252 322/691/252
f 288/725/269 289/775/269 321/727/270
f 289/775/269 320/776/270 321/727/270
f 321/727/270 320/776/270 319/729/271
f 320/776/270 318/777/271 319/729/271
f 319/729/271 318/777/271 317/731/272
f 318/777/271 316/778/272 317/731/272
f 317/731/272 316/778/272 315/733/273
f 316/778/272 314/779/273 315/733/273
f 315/733/273 314/779/273 313/735/274
f 314/779/273 312/780/274 313/735/274
f 313/735/274 312/780/274 311/737/275
f 312/780/274 310/781/275 311/737/275
f 311/737/275 310/781/275 309/739/276
f 310/781/275 308/782/276 309/739/276
f 309/739/276 308/782/276 307/741/277
f 308/782/276 306/783/277 307/741/277
f 307/741/277 306/783/277 304/743/278
f 306/783/277 305/784/278 304/743/278
f 303/745/279 302/785/279 301/747/280
f 302/785/279 300/786/280 301/747/280
f 301/747/280 300/786/280 299/749/281
f 300/786/280 298/787/281 299/749/281
f 299/749/281 298/787/281 297/751/282
f 298/787/281 296/788/282 297/751/282
f 297/751/282 296/788/282 295/753/283
f 296/788/282 294/789/283 295/753/283
f 295/753/283 294/789/283 293/755/284
f 294/789/283 292/790/284 293/755/284
f 293/755/284 292/790/284 291/757/285
f 292/790/284 290/791/285 291/757/285
f 291/757/285 290/791/285 288/725/269
f 290/791/285 289/775/269 288/725/269
f 254/758/127 255/792/127 287/759/128
f 255/792/127 286/793/128 287/759/128
f 287/759/128 286/793/128 285/760/129
f 286/793/128 284/794/129 285/760/129
f 285/760/129 284/794/129 283/761/130
f 284/794/129 282/795/130 283/761/130
f 283/761/130 282/795/130 281/762/131
f 282/795/130 280/796/131 281/762/131
f 281/762/131 280/796/131 279/763/132
f 280/796/131 278/797/132 279/763/132
f 279/763/132 278/797/132 277/764/133
f 278/797/132 276/798/133 277/764/133
f 277/764/133 276/798/133 275/765/134
f 276/798/133 274/799/134 275/765/134
f 275/765/134 274/799/134 273/766/135
f 274/799/134 272/800/135 273/766/135
f 273/766/135 272/800/135 270/767/136
f 272/800/135 271/801/136 270/767/136
f 269/768/136 268/802/136 267/769/137
f 268/802/136 266/803/137 267/769/137
f 267/769/137 266/803/137 265/770/138
f 266/803/137 264/804/138 265/770/138
f 265/770/138 264/804/138 263/771/139
f 264/804/138 262/805/139 263/771/139
f 263/771/139 262/805/139 261/772/140
f 262/805/139 260/806/140 261/772/140
f 261/772/140 260/806/140 259/773/141
f 260/806/140 258/807/141 259/773/141
f 259/773/141 258/807/141 257/774/142
f 258/807/141 256/808/142 257/774/142
f 257/774/142 256/808/142 254/758/127
f 256/808/142 255/792/127 254/758/127
f 220/775/143 221/809/143 253/776/144
f 221/809/143 252/810/144 253/776/144
f 253/776/144 252/810/144 251/777/145
f 252/810/144 250/811/145 251/777/145
f 251/777/145 250/811/145 249/778/146
f 250/811/145 248/812/146 249/778/146
f 249/778/146 248/812/146 247/779/147
f 248/812/146 246/813/147 247/779/147
f 247/779/147 246/813/147 245/780/148
f 246/813/147 244/814/148 245/780/148
f 245/780/148 244/814/148 243/781/149
f 244/814/148 242/815/149 243/781/149
f 243/781/149 242/815/149 241/782/150
f 242/815/149 240/816/150 241/782/150
f 241/782/150 240/816/150 239/783/151
f 240/816/150 238/817/151 239/783/151
f 239/783/151 238/817/151 236/784/152
f 238/817/151 237/818/152 236/784/152
f 235/785/153 234/819/251 233/786/154
f 234/819/251 232/820/154 233/786/154
f 233/786/154 232/820/154 231/787/155
f 232/820/154 230/821/155 231/787/155
f 231/787/155 230/821/155 229/788/156
f 230/821/155 228/822/156 229/788/156
f 229/788/156 228/822/156 227/789/157
f 228/822/156 226/823/157 227/789/157
f 227/789/157 226/823/157 225/790/158
f 226/823/157 224/824/158 225/790/158
f 225/790/158 224/824/158 223/791/159
f 224/824/158 222/825/159 223/791/159
f 223/791/159 222/825/159 220/775/143
f 222/825/159 221/809/143 220/775/143
s 0
f 204/826/2 219/827/2 203/828/2
f 219/827/2 218/829/2 203/828/2
f 218/829/2 217/830/2 203/828/2
f 217/830/2 216/831/2 203/828/2
f 216/831/2 215/832/2 203/828/2
f 215/832/2 214/833/2 203/828/2
f 214/833/2 213/834/2 203/828/2
f 213/834/2 212/835/2 203/828/2
f 212/835/2 211/836/2 203/828/2
f 211/836/2 210/837/2 203/828/2
f 210/837/2 209/838/2 203/828/2
f 209/838/2 208/839/2 203/828/2
f 208/839/2 207/840/2 203/828/2
f 207/840/2 206/841/2 203/828/2
f 206/841/2 205/842/2 203/828/2
f 205/842/2 204/826/2 203/828/2
f 202/154/1 201/156/1 187/152/1
f 201/156/1 200/158/1 187/152/1
f 200/158/1 199/160/1 187/152/1
f 199/160/1 198/162/1 187/152/1
f 198/162/1 197/164/1 187/152/1
f 197/164/1 196/166/1 187/152/1
f 196/166/1 195/168/1 187/152/1
f 195/168/1 194/170/1 187/152/1
f 194/170/1 193/172/1 187/152/1
f 193/172/1 192/174/1 187/152/1
f 192/174/1 191/176/1 187/152/1
f 191/176/1 190/178/1 187/152/1
f 190/178/1 189/148/1 187/152/1
f 189/148/1 188/150/1 187/152/1
s 1
f 153/115/233 154/316/233 186/117/234
f 154/316/233 185/318/234 186/117/234
f 186/117/234 185/318/234 184/119/235
f 185/318/234 183/320/235 184/119/235
f 184/119/235 183/320/235 182/121/236
f 183/320/235 181/322/236 182/121/236
f 182/121/236 181/322/236 180/123/237
f 181/322/236 179/324/237 180/123/237
f 180/123/237 179/324/237 178/125/238
f 179/324/237 177/326/238 178/125/238
f 178/125/238 177/326/238 176/127/239
f 177/326/238 175/328/239 176/127/239
f 176/127/239 175/328/239 174/129/291
f 175/328/239 173/330/292 174/129/291
f 174/129/291 173/330/292 172/131/242
f 173/330/292 171/332/242 172/131/242
f 172/131/242 171/332/242 169/133/243
f 171/332/242 170/334/293 169/133/243
f 168/135/243 167/336/243 166/137/244
f 167/336/243 165/338/244 166/137/244
f 166/137/244 165/338/244 164/139/245
f 165/338/244 163/340/245 164/139/245
f 164/139/245 163/340/245 162/141/246
f 163/340/245 161/342/246 162/141/246
f 162/141/246 161/342/246 160/143/247
f 161/342/246 159/344/247 160/143/247
f 160/143/247 159/344/247 158/145/248
f 159/344/247 157/346/248 158/145/248
f 158/145/248 157/346/248 156/147/294
f 157/346/248 155/348/249 156/147/294
f 156/147/294 155/348/249 153/115/233
f 155/348/249 154/316/233 153/115/233
s 0
f 137/843/2 152/844/2 136/845/2
f 152/844/2 151/846/2 136/845/2
f 151/846/2 150/847/2 136/845/2
f 150/847/2 149/848/2 136/845/2
f 149/848/2 148/849/2 136/845/2
f 148/849/2 147/850/2 136/845/2
f 147/850/2 146/851/2 136/845/2
f 146/851/2 145/852/2 136/845/2
f 145/852/2 144/853/2 136/845/2
f 144/853/2 143/854/2 136/845/2
f 143/854/2 142/855/2 136/845/2
f 142/855/2 141/856/2 136/845/2
f 141/856/2 140/857/2 136/845/2
f 140/857/2 139/858/2 136/845/2
f 139/858/2 138/859/2 136/845/2
f 138/859/2 137/843/2 136/845/2
f 120/860/2 135/861/2 119/862/2
f 135/861/2 134/863/2 119/862/2
f 134/863/2 133/864/2 119/862/2
f 133/864/2 132/865/2 119/862/2
f 132/865/2 131/866/2 119/862/2
f 131/866/2 130/867/2 119/862/2
f 130/867/2 129/868/2 119/862/2
f 129/868/2 128/869/2 119/862/2
f 128/869/2 127/870/2 119/862/2
f 127/870/2 126/871/2 119/862/2
f 126/871/2 125/872/2 119/862/2
f 125/872/2 124/873/2 119/862/2
f 124/873/2 123/874/2 119/862/2
f 123/874/2 122/875/2 119/862/2
f 122/875/2 121/876/2 119/862/2
f 121/876/2 120/860/2 119/862/2
s 1
f 85/181/178 86/219/178 118/183/179
f 86/219/178 117/217/179 118/183/179
f 118/183/179 117/217/179 116/185/180
f 117/217/179 115/215/180 116/185/180
f 116/185/180 115/215/180 114/187/181
f 115/215/180 113/247/181 114/187/181
f 114/187/181 113/247/181 112/189/182
f 113/247/181 111/245/182 112/189/182
f 112/189/182 111/245/182 110/191/183
f 111/245/182 109/243/183 110/191/183
f 110/191/183 109/243/183 108/193/184
f 109/243/183 107/241/184 108/193/184
f 108/193/184 107/241/184 106/195/185
f 107/241/184 105/239/185 106/195/185
f 106/195/185 105/239/185 104/197/186
f 105/239/185 103/237/186 104/197/186
f 104/197/186 103/237/186 101/199/295
f 103/237/186 102/235/187 101/199/295
f 100/201/188 99/233/188 98/203/189
f 99/233/188 97/231/189 98/203/189
f 98/203/189 97/231/189 96/205/190
f 97/231/189 95/229/190 96/205/190
f 96/205/190 95/229/190 94/207/191
f 95/229/190 93/227/191 94/207/191
f 94/207/191 93/227/191 92/209/192
f 93/227/191 91/225/192 92/209/192
f 92/209/192 91/225/192 90/211/193
f 91/225/192 89/223/193 90/211/193
f 90/211/193 89/223/193 88/213/194
f 89/223/193 87/221/194 88/213/194
f 88/213/194 87/221/194 85/181/178
f 87/221/194 86/219/178 85/181/178
f 51/694/196 52/658/196 84/692/197
f 52/658/196 83/657/197 84/692/197
f 84/692/197 83/657/197 82/690/296
f 83/657/197 81/656/296 82/690/296
f 82/690/296 81/656/296 80/722/199
f 81/656/296 79/672/199 80/722/199
f 80/722/199 79/672/199 78/720/200
f 79/672/199 77/671/200 78/720/200
f 78/720/200 77/671/200 76/718/201
f 77/671/200 75/670/201 76/718/201
f 76/718/201 75/670/201 74/716/202
f 75/670/201 73/669/202 74/716/202
f 74/716/202 73/669/202 72/714/203
f 73/669/202 71/668/203 72/714/203
f 72/714/203 71/668/203 70/712/297
f 71/668/203 69/667/297 70/712/297
f 70/712/297 69/667/297 67/710/205
f 69/667/297 68/666/205 67/710/205
f 66/708/206 65/665/206 64/706/207
f 65/665/206 63/664/207 64/706/207
f 64/706/207 63/664/207 62/704/208
f 63/664/207 61/663/208 62/704/208
f 62/704/208 61/663/208 60/702/209
f 61/663/208 59/662/209 60/702/209
f 60/702/209 59/662/209 58/700/210
f 59/662/209 57/661/210 58/700/210
f 58/700/210 57/661/210 56/698/211
f 57/661/210 55/660/211 56/698/211
f 56/698/211 55/660/211 54/696/212
f 55/660/211 53/659/212 54/696/212
f 54/696/212 53/659/212 51/694/196
f 53/659/212 52/658/196 51/694/196
f 17/728/213 18/675/213 50/726/214
f 18/675/213 49/674/214 50/726/214
f 50/726/214 49/674/214 48/724/215
f 49/674/214 47/673/215 48/724/215
f 48/724/215 47/673/215 46/756/216
f 47/673/215 45/689/216 46/756/216
f 46/756/216 45/689/216 44/754/217
f 45/689/216 43/688/217 44/754/217
f 44/754/217 43/688/217 42/752/218
f 43/688/217 41/687/218 42/752/218
f 42/752/218 41/687/218 40/750/219
f 41/687/218 39/686/219 40/750/219
f 40/750/219 39/686/219 38/748/220
f 39/686/219 37/685/220 38/748/220
f 38/748/220 37/685/220 36/746/221
f 37/685/220 35/684/221 36/746/221
f 36/746/221 35/684/221 33/744/222
f 35/684/221 34/683/223 33/744/222
f 32/742/224 31/682/298 30/740/225
f 31/682/298 29/681/225 30/740/225
f 30/740/225 29/681/225 28/738/226
f 29/681/225 27/680/226 28/738/226
f 28/738/226 27/680/226 26/736/227
f 27/680/226 25/679/227 26/736/227
f 26/736/227 25/679/227 24/734/228
f 25/679/227 23/678/228 24/734/228
f 24/734/228 23/678/228 22/732/229
f 23/678/228 21/677/229 22/732/229
f 22/732/229 21/677/229 20/730/230
f 21/677/229 19/676/230 20/730/230
f 20/730/230 19/676/230 17/728/213
f 19/676/230 18/675/213 17/728/213
s 0
f 16/99/1 15/101/1 1/97/1
f 15/101/1 14/103/1 1/97/1
f 14/103/1 13/105/1 1/97/1
f 13/105/1 12/107/1 1/97/1
f 12/107/1 11/109/1 1/97/1
f 11/109/1 10/111/1 1/97/1
f 10/111/1 9/113/1 1/97/1
f 9/113/1 8/84/1 1/97/1
f 8/84/1 7/85/1 1/97/1
f 7/85/1 6/87/1 1/97/1
f 6/87/1 5/89/1 1/97/1
f 5/89/1 4/91/1 1/97/1
f 4/91/1 3/93/1 1/97/1
f 3/93/1 2/95/1 1/97/1
s 1
f 3136/877/299 3138/878/300 3137/879/301
f 3135/880/302 3136/877/299 3137/879/301
f 3134/881/303 3136/877/299 3135/880/302
f 3133/882/304 3134/881/303 3135/880/302
f 3132/883/305 3134/881/303 3133/882/304
f 3131/884/306 3132/883/305 3133/882/304
f 3130/885/307 3132/883/305 3131/884/306
f 3129/886/308 3130/885/307 3131/884/306
f 3125/887/309 3130/885/307 3129/886/308
f 3128/888/310 3125/887/309 3129/886/308
f 3128/888/310 3127/889/311 3125/887/309
f 3127/889/311 3126/890/312 3125/887/309
f 3124/891/312 3123/892/311 3122/893/313
f 3123/892/311 3121/894/314 3122/893/313
f 3122/893/313 3121/894/314 3120/895/315
f 3121/894/314 3119/896/316 3120/895/315
f 3120/895/315 3119/896/316 3118/897/317
f 3119/896/316 3117/898/318 3118/897/317
f 3118/897/317 3117/898/318 3116/899/319
f 3117/898/318 3115/900/320 3116/899/319
f 3116/899/319 3115/900/320 3111/901/321
f 3115/900/320 3114/902/322 3111/901/321
f 3114/902/322 3113/903/323 3111/901/321
f 3113/903/323 3112/904/324 3111/901/321
f 3110/905/325 3107/906/326 3109/890/325
f 3107/906/326 3108/887/326 3109/890/325
f 3108/887/326 3107/906/326 3106/885/327
f 3107/906/326 3105/907/327 3106/885/327
f 3106/885/327 3105/907/327 3104/883/328
f 3105/907/327 3103/908/328 3104/883/328
f 3104/883/328 3103/908/328 3102/881/329
f 3103/908/328 3101/909/329 3102/881/329
f 3102/881/329 3101/909/329 3100/877/330
f 3101/909/329 3099/910/330 3100/877/330
f 3100/877/330 3099/910/330 3097/878/331
f 3099/910/330 3098/911/331 3097/878/331
f 3095/912/332 3096/913/333 3093/914/334
f 3094/915/335 3095/912/332 3093/914/334
f 3094/915/335 3093/914/334 3092/916/336
f 3093/914/334 3091/917/337 3092/916/336
f 3092/916/336 3091/917/337 3090/918/338
f 3091/917/337 3089/919/339 3090/918/338
f 3090/918/338 3089/919/339 3088/920/340
f 3089/919/339 3087/921/341 3088/920/340
f 3088/920/340 3087/921/341 3086/922/342
f 3087/921/341 3085/923/343 3086/922/342
f 3086/922/342 3085/923/343 3083/924/323
f 3085/923/343 3084/925/324 3083/924/323
f 3082/926/344 3080/927/128 3081/928/344
f 3080/927/128 3079/929/128 3081/928/344
f 3080/927/128 3078/930/128 3079/929/128
f 3078/930/128 3077/931/128 3079/929/128
f 3078/930/128 3075/932/128 3077/931/128
f 3075/932/128 3076/933/128 3077/931/128
f 3076/933/128 3075/932/128 3073/934/345
f 3075/932/128 3074/935/345 3073/934/345
f 3072/936/346 3069/937/347 3071/913/346
f 3069/937/347 3070/914/347 3071/913/346
f 3070/914/347 3069/937/347 3068/917/348
f 3069/937/347 3067/938/348 3068/917/348
f 3068/917/348 3067/938/348 3066/919/349
f 3067/938/348 3065/939/349 3066/919/349
f 3066/919/349 3065/939/349 3064/921/350
f 3065/939/349 3063/940/350 3064/921/350
f 3064/921/350 3063/940/350 3062/923/351
f 3063/940/350 3061/941/351 3062/923/351
f 3062/923/351 3061/941/351 3059/925/352
f 3061/941/351 3060/942/352 3059/925/352
s 0
f 3058/943/1 3056/944/1 3057/945/1
f 3056/944/1 3055/946/1 3057/945/1
f 3056/944/1 3054/947/1 3055/946/1
f 3054/947/1 3053/948/1 3055/946/1
f 3054/947/1 3052/949/1 3053/948/1
f 3052/949/1 3051/950/1 3053/948/1
f 3052/949/1 3049/951/1 3051/950/1
f 3049/951/1 3050/952/1 3051/950/1
f 3050/952/1 3049/951/1 3047/953/1
f 3049/951/1 3048/954/1 3047/953/1
s 1
f 3046/905/325 3043/906/326 3045/890/325
f 3043/906/326 3044/887/326 3045/890/325
f 3044/887/326 3043/906/326 3042/885/327
f 3043/906/326 3041/907/327 3042/885/327
f 3042/885/327 3041/907/327 3040/883/328
f 3041/907/327 3039/908/328 3040/883/328
f 3040/883/328 3039/908/328 3038/881/329
f 3039/908/328 3037/909/329 3038/881/329
f 3038/881/329 3037/909/329 3036/877/330
f 3037/909/329 3035/910/330 3036/877/330
f 3036/877/330 3035/910/330 3033/878/331
f 3035/910/330 3034/911/331 3033/878/331
f 3032/955/300 3029/956/353 3031/957/301
f 3029/956/353 3030/958/354 3031/957/301
f 3028/959/355 3030/958/354 3029/956/353
f 3027/960/356 3028/959/355 3029/956/353
f 3026/961/357 3028/959/355 3027/960/356
f 3025/962/358 3026/961/357 3027/960/356
f 3024/963/359 3026/961/357 3025/962/358
f 3023/964/360 3024/963/359 3025/962/358
f 3022/965/361 3024/963/359 3023/964/360
f 3019/966/362 3022/965/361 3023/964/360
f 3020/967/332 3022/965/361 3019/966/362
f 3021/968/333 3020/967/332 3019/966/362
f 3018/969/363 3016/970/2 3017/971/363
f 3016/970/2 3015/972/2 3017/971/363
f 3016/970/2 3014/973/2 3015/972/2
f 3014/973/2 3013/974/2 3015/972/2
f 3014/973/2 3011/975/2 3013/974/2
f 3011/975/2 3012/976/2 3013/974/2
f 3012/976/2 3011/975/2 3009/977/364
f 3011/975/2 3010/978/364 3009/977/364
s 0
f 3008/979/365 3005/980/365 3006/981/365
f 3007/982/365 3006/981/365 3005/980/365
f 3004/983/1 3003/984/1 3002/985/1
f 2999/986/1 3002/985/1 3003/984/1
f 3002/985/1 2999/986/1 3000/987/1
f 3001/988/1 3000/987/1 2999/986/1
f 2998/989/2 2995/990/2 2996/991/2
f 2997/992/2 2996/991/2 2995/990/2
f 2994/993/1 2991/994/1 2992/995/1
f 2993/996/1 2992/995/1 2991/994/1
s 1
f 2990/997/366 2985/998/367 2989/999/366
f 2988/1000/367 2989/999/366 2985/998/367
f 2988/1000/367 2985/998/367 2986/1001/368
f 2987/1002/368 2986/1001/368 2985/998/367
s 0
f 2984/1003/369 2981/1004/369 2982/1005/369
f 2983/1006/369 2982/1005/369 2981/1004/369
f 2980/999/365 2977/1004/365 2978/997/365
f 2979/1003/365 2978/997/365 2977/1004/365
s 1
f 2976/1007/370 2975/1008/370 2973/1009/371
f 2974/1010/371 2973/1009/371 2975/1008/370
f 2974/1010/371 2972/1011/372 2973/1009/371
f 2971/1012/372 2973/1009/371 2972/1011/372
f 2972/1011/372 2969/1013/373 2971/1012/372
f 2970/1014/373 2971/1012/372 2969/1013/373
f 2970/1014/373 2969/1013/373 2967/1015/374
f 2968/1016/374 2967/1015/374 2969/1013/373
f 2968/1016/374 2966/1017/375 2967/1015/374
f 2965/1018/375 2967/1015/374 2966/1017/375
f 2966/1017/375 2964/1019/376 2965/1018/375
f 2963/1020/376 2965/1018/375 2964/1019/376
f 2964/1019/376 2959/1021/377 2963/1020/376
f 2962/1022/377 2963/1020/376 2959/1021/377
f 2962/1022/377 2959/1021/377 2960/1023/378
f 2961/1024/378 2960/1023/378 2959/1021/377
f 2957/889/311 2958/890/379 2955/887/309
f 2956/888/310 2957/889/311 2955/887/309
f 2956/888/310 2955/887/309 2954/886/308
f 2955/887/309 2953/885/307 2954/886/308
f 2954/886/308 2953/885/307 2952/884/306
f 2953/885/307 2951/883/305 2952/884/306
f 2952/884/306 2951/883/305 2950/882/380
f 2951/883/305 2949/881/303 2950/882/380
f 2950/882/380 2949/881/303 2948/880/302
f 2949/881/303 2947/877/299 2948/880/302
f 2948/880/302 2947/877/299 2945/879/381
f 2947/877/299 2946/878/300 2945/879/381
f 2944/1025/374 2941/1026/382 2943/1027/374
f 2942/1028/382 2943/1027/374 2941/1026/382
f 2942/1028/382 2941/1026/382 2939/1029/383
f 2940/1030/383 2939/1029/383 2941/1026/382
f 2940/1030/383 2937/1031/384 2939/1029/383
f 2938/1032/384 2939/1029/383 2937/1031/384
f 2938/1032/384 2937/1031/384 2935/1033/385
f 2936/1034/385 2935/1033/385 2937/1031/384
f 2936/1034/385 2934/1035/374 2935/1033/385
f 2933/1036/374 2935/1033/385 2934/1035/374
f 2934/1035/374 2929/1037/386 2933/1036/374
f 2932/1038/386 2933/1036/374 2929/1037/386
f 2932/1038/386 2929/1037/386 2930/1039/387
f 2931/1040/387 2930/1039/387 2929/1037/386
s 0
f 2928/1041/376 2925/1042/376 2926/1040/376
f 2927/1039/376 2926/1040/376 2925/1042/376
f 2924/1043/372 2921/1044/372 2922/1045/372
f 2923/1046/372 2922/1045/372 2921/1044/372
s 1
f 2920/1047/388 2919/1048/388 2917/1049/389
f 2918/1050/389 2917/1049/389 2919/1048/388
f 2918/1050/389 2915/1051/390 2917/1049/389
f 2916/1052/390 2917/1049/389 2915/1051/390
f 2916/1052/390 2915/1051/390 2913/1053/391
f 2914/1054/391 2913/1053/391 2915/1051/390
f 2914/1054/391 2912/1055/392 2913/1053/391
f 2911/1056/392 2913/1053/391 2912/1055/392
f 2912/1055/392 2910/1057/388 2911/1056/392
f 2909/1058/388 2911/1056/392 2910/1057/388
f 2910/1057/388 2905/1059/393 2909/1058/388
f 2908/1060/393 2909/1058/388 2905/1059/393
f 2908/1060/393 2905/1059/393 2906/1061/394
f 2907/1062/394 2906/1061/394 2905/1059/393
s 0
f 2904/1062/376 2901/1063/376 2902/1061/376
f 2903/1064/376 2902/1061/376 2901/1063/376
f 2900/1065/372 2897/1066/372 2898/1067/372
f 2899/1068/372 2898/1067/372 2897/1066/372
s 1
f 2896/1069/395 2895/1070/396 2894/1071/397
f 2893/1072/397 2894/1071/397 2895/1070/396
f 2894/1071/397 2893/1072/397 2891/1073/398
f 2892/1074/398 2891/1073/398 2893/1072/397
f 2892/1074/398 2890/1075/142 2891/1073/398
f 2889/1076/142 2891/1073/398 2890/1075/142
f 2890/1075/142 2887/1077/128 2889/1076/142
f 2888/1078/128 2889/1076/142 2887/1077/128
f 2888/1078/128 2887/1077/128 2886/1079/130
f 2885/1080/130 2886/1079/130 2887/1077/128
f 2886/1079/130 2885/1080/130 2884/1081/132
f 2883/1082/132 2884/1081/132 2885/1080/130
f 2884/1081/132 2883/1082/132 2882/1083/399
f 2879/1084/400 2882/1083/399 2883/1082/132
f 2882/1083/399 2879/1084/400 2880/1085/401
f 2881/1086/402 2880/1085/401 2879/1084/400
s 0
f 2878/1087/365 2875/1088/365 2876/1089/365
f 2877/1090/365 2876/1089/365 2875/1088/365
f 2874/1087/369 2870/993/369 2873/1091/369
s 1
f 2870/993/369 2871/1092/403 2873/1091/369
f 2872/995/404 2871/1092/403 2870/993/369
f 2868/912/405 2869/913/406 2866/914/334
f 2867/915/335 2868/912/405 2866/914/334
f 2867/915/335 2866/914/334 2865/916/336
f 2866/914/334 2864/917/337 2865/916/336
f 2865/916/336 2864/917/337 2863/918/338
f 2864/917/337 2862/919/339 2863/918/338
f 2863/918/338 2862/919/339 2861/920/340
f 2862/919/339 2860/921/341 2861/920/340
f 2861/920/340 2860/921/341 2859/922/342
f 2860/921/341 2858/923/343 2859/922/342
f 2859/922/342 2858/923/343 2856/924/407
f 2858/923/343 2857/925/324 2856/924/407
s 0
f 2855/1093/2 2850/1094/2 2854/1095/2
f 2853/1096/2 2854/1095/2 2850/1094/2
f 2853/1096/2 2850/1094/2 2851/1097/2
f 2852/1098/2 2851/1097/2 2850/1094/2
f 2849/1099/365 2846/1100/365 2847/1101/365
f 2848/1102/365 2847/1101/365 2846/1100/365
f 2845/980/365 2842/982/365 2843/979/365
f 2844/981/365 2843/979/365 2842/982/365
s 1
f 2841/1103/369 2837/1104/403 2840/980/369
f 2837/1104/403 2838/990/408 2840/980/369
f 2839/992/404 2838/990/408 2837/1104/403
s 0
f 2836/989/2 2833/990/2 2834/991/2
f 2835/992/2 2834/991/2 2833/990/2
f 2832/995/1 2829/993/1 2830/996/1
f 2831/994/1 2830/996/1 2829/993/1
f 2828/999/366 2825/997/366 2826/1000/366
f 2827/998/366 2826/1000/366 2825/997/366
f 2824/1002/368 2821/1001/368 2822/998/368
f 2823/1000/368 2822/998/368 2821/1001/368
f 2820/1006/369 2817/1005/369 2818/1004/369
f 2819/1003/369 2818/1004/369 2817/1005/369
f 2816/1003/365 2813/997/365 2814/1004/365
f 2815/999/365 2814/1004/365 2813/997/365
f 2812/1042/376 2809/1039/376 2810/1041/376
f 2811/1040/376 2810/1041/376 2809/1039/376
f 2808/1044/1 2807/1043/1 2806/1105/1
f 2805/1106/1 2806/1105/1 2807/1043/1
f 2806/1105/1 2805/1106/1 2803/1107/1
f 2804/1108/1 2803/1107/1 2805/1106/1
f 2804/1108/1 2801/1109/1 2803/1107/1
f 2802/1110/1 2803/1107/1 2801/1109/1
f 2802/1110/1 2801/1109/1 2800/1111/1
f 2799/1112/1 2800/1111/1 2801/1109/1
f 2800/1111/1 2799/1112/1 2797/1113/1
f 2798/1114/1 2797/1113/1 2799/1112/1
f 2798/1114/1 2793/1115/1 2797/1113/1
f 2796/1116/1 2797/1113/1 2793/1115/1
f 2796/1116/1 2793/1115/1 2794/1117/1
f 2795/1118/1 2794/1117/1 2793/1115/1
f 2792/1044/372 2789/1046/372 2790/1043/372
f 2791/1045/372 2790/1043/372 2789/1046/372
s 1
f 2788/936/346 2785/937/347 2787/913/346
f 2785/937/347 2786/914/347 2787/913/346
f 2786/914/347 2785/937/347 2784/917/348
f 2785/937/347 2783/938/348 2784/917/348
f 2784/917/348 2783/938/348 2782/919/349
f 2783/938/348 2781/939/349 2782/919/349
f 2782/919/349 2781/939/349 2780/921/350
f 2781/939/349 2779/940/350 2780/921/350
f 2780/921/350 2779/940/350 2778/923/351
f 2779/940/350 2777/941/351 2778/923/351
f 2778/923/351 2777/941/351 2775/925/352
f 2777/941/351 2776/942/352 2775/925/352
f 2774/1119/374 2771/1120/382 2773/1121/374
f 2772/1122/382 2773/1121/374 2771/1120/382
f 2772/1122/382 2771/1120/382 2770/1123/383
f 2769/1124/383 2770/1123/383 2771/1120/382
f 2770/1123/383 2769/1124/383 2767/1125/384
f 2768/1126/384 2767/1125/384 2769/1124/383
f 2768/1126/384 2765/1127/385 2767/1125/384
f 2766/1128/385 2767/1125/384 2765/1127/385
f 2766/1128/385 2765/1127/385 2764/1129/374
f 2763/1130/374 2764/1129/374 2765/1127/385
f 2764/1129/374 2763/1130/374 2762/1131/386
f 2759/1132/386 2762/1131/386 2763/1130/374
f 2762/1131/386 2759/1132/386 2760/1063/387
f 2761/1064/387 2760/1063/387 2759/1132/386
s 0
f 2758/1133/2 2757/1134/2 2755/1135/2
f 2756/1136/2 2755/1135/2 2757/1134/2
f 2756/1136/2 2753/1137/2 2755/1135/2
f 2754/1138/2 2755/1135/2 2753/1137/2
f 2754/1138/2 2753/1137/2 2752/1139/2
f 2751/1140/2 2752/1139/2 2753/1137/2
f 2752/1139/2 2751/1140/2 2750/1141/2
f 2749/1142/2 2750/1141/2 2751/1140/2
f 2750/1141/2 2749/1142/2 2747/1143/2
f 2748/1144/2 2747/1143/2 2749/1142/2
f 2748/1144/2 2743/1145/2 2747/1143/2
f 2746/1146/2 2747/1143/2 2743/1145/2
f 2746/1146/2 2743/1145/2 2744/1147/2
f 2745/1148/2 2744/1147/2 2743/1145/2
f 2742/1062/376 2739/1063/376 2740/1061/376
f 2741/1064/376 2740/1061/376 2739/1063/376
f 2738/1067/372 2735/1065/372 2736/1068/372
f 2737/1066/372 2736/1068/372 2735/1065/372
f 2734/958/140 2733/1149/140 2731/957/140
f 2733/1149/140 2732/1150/140 2731/957/140
f 2730/1151/2 2727/1152/2 2729/1153/2
f 2728/1154/2 2729/1153/2 2727/1152/2
f 2728/1154/2 2727/1152/2 2726/1155/2
f 2725/1156/2 2726/1155/2 2727/1152/2
f 2726/1155/2 2725/1156/2 2723/1157/2
f 2724/1158/2 2723/1157/2 2725/1156/2
f 2724/1158/2 2721/1159/2 2723/1157/2
f 2722/1160/2 2723/1157/2 2721/1159/2
f 2722/1160/2 2721/1159/2 2720/1161/2
f 2719/1162/2 2720/1161/2 2721/1159/2
f 2720/1161/2 2719/1162/2 2718/1163/2
f 2713/1164/2 2718/1163/2 2719/1162/2
f 2718/1163/2 2713/1164/2 2715/1165/2
f 2717/1166/409 2716/1165/409 2714/1164/409
s 1
f 2712/1027/374 2711/1025/374 2709/1028/382
f 2710/1026/382 2709/1028/382 2711/1025/374
f 2710/1026/382 2707/1030/383 2709/1028/382
f 2708/1029/383 2709/1028/382 2707/1030/383
f 2708/1029/383 2707/1030/383 2705/1032/384
f 2706/1031/384 2705/1032/384 2707/1030/383
f 2706/1031/384 2704/1034/385 2705/1032/384
f 2703/1033/385 2705/1032/384 2704/1034/385
f 2704/1034/385 2701/1035/374 2703/1033/385
f 2702/1036/374 2703/1033/385 2701/1035/374
f 2702/1036/374 2701/1035/374 2700/1038/386
f 2697/1037/386 2700/1038/386 2701/1035/374
f 2700/1038/386 2697/1037/386 2698/1039/387
f 2699/1040/387 2698/1039/387 2697/1037/386
s 0
f 2696/1167/1 2695/1168/1 2694/1169/1
f 2693/1170/1 2694/1169/1 2695/1168/1
f 2694/1169/1 2693/1170/1 2691/1171/1
f 2692/1172/1 2691/1171/1 2693/1170/1
f 2692/1172/1 2689/1173/1 2691/1171/1
f 2690/1174/1 2691/1171/1 2689/1173/1
f 2690/1174/1 2689/1173/1 2687/1175/1
f 2688/1176/1 2687/1175/1 2689/1173/1
f 2688/1176/1 2685/1177/1 2687/1175/1
f 2686/1178/1 2687/1175/1 2685/1177/1
f 2686/1178/1 2685/1177/1 2684/1179/1
f 2681/1180/1 2684/1179/1 2685/1177/1
f 2684/1179/1 2681/1180/1 2682/1068/1
f 2683/1067/1 2682/1068/1 2681/1180/1
s 1
f 2680/1024/378 2679/1023/378 2678/1021/377
f 2677/1022/377 2678/1021/377 2679/1023/378
f 2678/1021/377 2677/1022/377 2675/1019/376
f 2676/1020/376 2675/1019/376 2677/1022/377
f 2676/1020/376 2673/1018/375 2675/1019/376
f 2674/1017/375 2675/1019/376 2673/1018/375
f 2674/1017/375 2673/1018/375 2672/1016/374
f 2671/1015/374 2672/1016/374 2673/1018/375
f 2672/1016/374 2671/1015/374 2670/1013/373
f 2669/1014/373 2670/1013/373 2671/1015/374
f 2670/1013/373 2669/1014/373 2668/1011/372
f 2667/1012/372 2668/1011/372 2669/1014/373
f 2668/1011/372 2667/1012/372 2666/1010/371
f 2663/1009/371 2666/1010/371 2667/1012/372
f 2666/1010/371 2663/1009/371 2664/1008/410
f 2665/1007/370 2664/1008/410 2663/1009/371
s 0
f 2662/1166/2 2661/1165/2 2660/1164/2
f 2659/1163/2 2660/1164/2 2661/1165/2
f 2660/1164/2 2659/1163/2 2657/1162/2
f 2658/1161/2 2657/1162/2 2659/1163/2
f 2658/1161/2 2655/1160/2 2657/1162/2
f 2656/1159/2 2657/1162/2 2655/1160/2
f 2656/1159/2 2655/1160/2 2654/1158/2
f 2653/1157/2 2654/1158/2 2655/1160/2
f 2654/1158/2 2653/1157/2 2651/1156/2
f 2652/1155/2 2651/1156/2 2653/1157/2
f 2652/1155/2 2650/1154/2 2651/1156/2
f 2648/1152/2 2651/1156/2 2650/1154/2
f 2650/1154/2 2647/1153/2 2648/1152/2
f 2649/1151/2 2648/1152/2 2647/1153/2
s 1
f 2646/1181/388 2643/1182/389 2645/1183/388
f 2644/1184/389 2645/1183/388 2643/1182/389
f 2644/1184/389 2643/1182/389 2642/1185/390
f 2641/1186/390 2642/1185/390 2643/1182/389
f 2642/1185/390 2641/1186/390 2640/1187/391
f 2639/1188/391 2640/1187/391 2641/1186/390
f 2640/1187/391 2639/1188/391 2638/1189/392
f 2637/1190/392 2638/1189/392 2639/1188/391
f 2638/1189/392 2637/1190/392 2636/1191/388
f 2635/1192/388 2636/1191/388 2637/1190/392
f 2636/1191/388 2635/1192/388 2632/1193/393
f 2634/1194/393 2632/1193/393 2635/1192/388
f 2634/1194/393 2631/1042/394 2632/1193/393
f 2633/1041/394 2632/1193/393 2631/1042/394
f 2630/1195/411 2627/1196/412 2629/955/411
f 2627/1196/412 2628/956/412 2629/955/411
f 2626/960/413 2628/956/412 2627/1196/412
f 2625/1197/413 2626/960/413 2627/1196/412
f 2624/962/414 2626/960/413 2625/1197/413
f 2623/1198/414 2624/962/414 2625/1197/413
f 2622/964/415 2624/962/414 2623/1198/414
f 2621/1199/415 2622/964/415 2623/1198/414
f 2620/966/416 2622/964/415 2621/1199/415
f 2617/1200/416 2620/966/416 2621/1199/415
f 2618/968/417 2620/966/416 2617/1200/416
f 2619/1201/417 2618/968/417 2617/1200/416
s 0
f 2616/1202/136 2615/1203/136 2613/888/136
f 2615/1203/136 2614/889/136 2613/888/136
f 2612/1204/132 2611/1205/132 2609/902/132
f 2611/1205/132 2610/903/132 2609/902/132
f 2608/1067/1 2607/1068/1 2605/1180/1
f 2606/1179/1 2605/1180/1 2607/1068/1
f 2606/1179/1 2604/1178/1 2605/1180/1
f 2603/1177/1 2605/1180/1 2604/1178/1
f 2604/1178/1 2601/1175/1 2603/1177/1
f 2602/1176/1 2603/1177/1 2601/1175/1
f 2602/1176/1 2601/1175/1 2599/1173/1
f 2600/1174/1 2599/1173/1 2601/1175/1
f 2600/1174/1 2598/1171/1 2599/1173/1
f 2597/1172/1 2599/1173/1 2598/1171/1
f 2598/1171/1 2596/1169/1 2597/1172/1
f 2594/1170/1 2597/1172/1 2596/1169/1
f 2596/1169/1 2593/1167/1 2594/1170/1
f 2595/1168/1 2594/1170/1 2593/1167/1
s 1
f 2592/1206/418 2589/1207/419 2591/904/418
f 2589/1207/419 2590/901/419 2591/904/418
f 2588/899/420 2590/901/419 2589/1207/419
f 2587/1208/420 2588/899/420 2589/1207/419
f 2586/897/421 2588/899/420 2587/1208/420
f 2585/1209/421 2586/897/421 2587/1208/420
f 2584/895/422 2586/897/421 2585/1209/421
f 2583/1210/422 2584/895/422 2585/1209/421
f 2582/893/423 2584/895/422 2583/1210/422
f 2579/1211/423 2582/893/423 2583/1210/422
f 2580/891/424 2582/893/423 2579/1211/423
f 2581/1212/424 2580/891/424 2579/1211/423
s 0
f 2578/915/128 2577/1213/128 2575/912/128
f 2577/1213/128 2576/1214/128 2575/912/128
s 1
f 2574/1062/394 2573/1061/394 2572/1059/393
f 2571/1060/393 2572/1059/393 2573/1061/394
f 2572/1059/393 2571/1060/393 2569/1057/388
f 2570/1058/388 2569/1057/388 2571/1060/393
f 2570/1058/388 2568/1056/392 2569/1057/388
f 2567/1055/392 2569/1057/388 2568/1056/392
f 2568/1056/392 2566/1053/391 2567/1055/392
f 2565/1054/391 2567/1055/392 2566/1053/391
f 2566/1053/391 2563/1052/390 2565/1054/391
f 2564/1051/390 2565/1054/391 2563/1052/390
f 2564/1051/390 2563/1052/390 2560/1050/389
f 2562/1049/389 2560/1050/389 2563/1052/390
f 2562/1049/389 2559/1047/388 2560/1050/389
f 2561/1048/388 2560/1050/389 2559/1047/388
f 2558/1215/425 2555/1216/426 2557/905/427
f 2555/1216/426 2556/906/428 2557/905/427
f 2556/906/428 2555/1216/426 2554/907/429
f 2555/1216/426 2553/1217/430 2554/907/429
f 2554/907/429 2553/1217/430 2552/908/431
f 2553/1217/430 2551/1218/432 2552/908/431
f 2552/908/431 2551/1218/432 2550/909/433
f 2551/1218/432 2549/1219/434 2550/909/433
f 2550/909/433 2549/1219/434 2548/910/435
f 2549/1219/434 2547/1220/436 2548/910/435
f 2548/910/435 2547/1220/436 2545/911/437
f 2547/1220/436 2546/1221/438 2545/911/437
f 2544/968/333 2543/967/332 2542/966/362
f 2543/967/332 2541/965/361 2542/966/362
f 2542/966/362 2541/965/361 2540/964/360
f 2541/965/361 2539/963/359 2540/964/360
f 2540/964/360 2539/963/359 2538/962/358
f 2539/963/359 2537/961/357 2538/962/358
f 2538/962/358 2537/961/357 2536/960/356
f 2537/961/357 2535/959/355 2536/960/356
f 2536/960/356 2535/959/355 2532/956/353
f 2535/959/355 2534/958/354 2532/956/353
f 2532/956/353 2534/958/354 2531/957/301
f 2533/955/300 2532/956/353 2531/957/301
f 2530/1222/439 2528/1223/1 2529/1224/439
f 2528/1223/1 2527/1225/1 2529/1224/439
f 2528/1223/1 2526/1226/1 2527/1225/1
f 2526/1226/1 2525/1227/1 2527/1225/1
f 2526/1226/1 2524/1228/1 2525/1227/1
f 2524/1228/1 2522/1229/1 2525/1227/1
f 2522/1229/1 2524/1228/1 2521/1230/440
f 2523/1231/440 2522/1229/1 2521/1230/440
f 2520/1232/439 2518/1233/1 2519/1234/439
f 2518/1233/1 2517/1235/1 2519/1234/439
f 2518/1233/1 2516/1236/1 2517/1235/1
f 2516/1236/1 2515/1237/1 2517/1235/1
f 2516/1236/1 2514/1238/1 2515/1237/1
f 2514/1238/1 2512/1239/1 2515/1237/1
f 2512/1239/1 2514/1238/1 2511/1240/440
f 2513/1241/440 2512/1239/1 2511/1240/440
f 2510/1242/441 2507/1243/442 2509/936/443
f 2507/1243/442 2508/937/444 2509/936/443
f 2508/937/444 2507/1243/442 2506/938/445
f 2507/1243/442 2505/1244/446 2506/938/445
f 2506/938/445 2505/1244/446 2504/939/447
f 2505/1244/446 2503/1245/448 2504/939/447
f 2504/939/447 2503/1245/448 2502/940/449
f 2503/1245/448 2501/1246/450 2502/940/449
f 2502/940/449 2501/1246/450 2500/941/451
f 2501/1246/450 2499/1247/452 2500/941/451
f 2500/941/451 2499/1247/452 2497/942/453
f 2499/1247/452 2498/1248/454 2497/942/453
f 2496/891/312 2495/892/311 2494/893/313
f 2495/892/311 2493/894/314 2494/893/313
f 2494/893/313 2493/894/314 2492/895/315
f 2493/894/314 2491/896/316 2492/895/315
f 2492/895/315 2491/896/316 2490/897/317
f 2491/896/316 2489/898/318 2490/897/317
f 2490/897/317 2489/898/318 2488/899/319
f 2489/898/318 2487/900/320 2488/899/319
f 2488/899/319 2487/900/320 2483/901/321
f 2487/900/320 2486/902/322 2483/901/321
f 2486/902/322 2485/903/323 2483/901/321
f 2485/903/323 2484/904/455 2483/901/321
s 0
f 2482/958/140 2481/1149/140 2479/957/140
f 2481/1149/140 2480/1150/140 2479/957/140
s 1
f 2478/935/456 2476/932/136 2477/934/456
f 2476/932/136 2475/933/136 2477/934/456
f 2475/933/136 2476/932/136 2474/930/136
f 2473/931/136 2475/933/136 2474/930/136
f 2473/931/136 2474/930/136 2472/927/136
f 2470/929/136 2473/931/136 2472/927/136
f 2470/929/136 2472/927/136 2469/926/457
f 2471/928/457 2470/929/136 2469/926/457
f 2468/1195/411 2465/1196/412 2467/955/411
f 2465/1196/412 2466/956/412 2467/955/411
f 2464/960/413 2466/956/412 2465/1196/412
f 2463/1197/413 2464/960/413 2465/1196/412
f 2462/962/414 2464/960/413 2463/1197/413
f 2461/1198/414 2462/962/414 2463/1197/413
f 2460/964/415 2462/962/414 2461/1198/414
f 2459/1199/415 2460/964/415 2461/1198/414
f 2458/966/416 2460/964/415 2459/1199/415
f 2455/1200/416 2458/966/416 2459/1199/415
f 2456/968/417 2458/966/416 2455/1200/416
f 2457/1201/417 2456/968/417 2455/1200/416
s 0
f 2454/1202/136 2453/1203/136 2451/888/136
f 2453/1203/136 2452/889/136 2451/888/136
f 2450/1204/132 2449/1205/132 2447/902/132
f 2449/1205/132 2448/903/132 2447/902/132
s 1
f 2446/935/458 2444/932/459 2445/934/458
f 2444/932/459 2443/933/459 2445/934/458
f 2443/933/459 2444/932/459 2442/930/136
f 2441/931/136 2443/933/459 2442/930/136
f 2441/931/136 2442/930/136 2440/927/460
f 2438/929/460 2441/931/136 2440/927/460
f 2438/929/460 2440/927/460 2437/926/461
f 2439/928/461 2438/929/460 2437/926/461
f 2436/1206/418 2433/1207/419 2435/904/418
f 2433/1207/419 2434/901/419 2435/904/418
f 2432/899/420 2434/901/419 2433/1207/419
f 2431/1208/420 2432/899/420 2433/1207/419
f 2430/897/421 2432/899/420 2431/1208/420
f 2429/1209/421 2430/897/421 2431/1208/420
f 2428/895/422 2430/897/421 2429/1209/421
f 2427/1210/422 2428/895/422 2429/1209/421
f 2426/893/423 2428/895/422 2427/1210/422
f 2423/1211/423 2426/893/423 2427/1210/422
f 2424/891/424 2426/893/423 2423/1211/423
f 2425/1212/424 2424/891/424 2423/1211/423
s 0
f 2422/915/128 2421/1213/128 2419/912/128
f 2421/1213/128 2420/1214/128 2419/912/128
f 2418/980/369 2417/1103/369 2414/990/369
f 2417/1103/369 2416/1104/369 2414/990/369
f 2416/1104/369 2415/992/369 2414/990/369
s 1
f 2413/1215/425 2410/1216/426 2412/905/427
f 2410/1216/426 2411/906/428 2412/905/427
f 2411/906/428 2410/1216/426 2409/907/429
f 2410/1216/426 2408/1217/430 2409/907/429
f 2409/907/429 2408/1217/430 2407/908/462
f 2408/1217/430 2406/1218/432 2407/908/462
f 2407/908/462 2406/1218/432 2405/909/433
f 2406/1218/432 2404/1219/434 2405/909/433
f 2405/909/433 2404/1219/434 2403/910/463
f 2404/1219/434 2402/1220/436 2403/910/463
f 2403/910/463 2402/1220/436 2400/911/437
f 2402/1220/436 2401/1221/438 2400/911/437
f 2399/1183/388 2398/1181/388 2396/1184/389
f 2397/1182/389 2396/1184/389 2398/1181/388
f 2397/1182/389 2394/1186/390 2396/1184/389
f 2395/1185/390 2396/1184/389 2394/1186/390
f 2395/1185/390 2394/1186/390 2392/1187/391
f 2393/1188/391 2392/1187/391 2394/1186/390
f 2393/1188/391 2391/1190/392 2392/1187/391
f 2390/1189/392 2392/1187/391 2391/1190/392
f 2391/1190/392 2389/1192/388 2390/1189/392
f 2388/1191/388 2390/1189/392 2389/1192/388
f 2389/1192/388 2387/1194/393 2388/1191/388
f 2385/1193/393 2388/1191/388 2387/1194/393
f 2387/1194/393 2384/1042/394 2385/1193/393
f 2386/1041/394 2385/1193/393 2384/1042/394
f 2383/1242/441 2380/1243/442 2382/936/464
f 2380/1243/442 2381/937/444 2382/936/464
f 2381/937/444 2380/1243/442 2379/938/445
f 2380/1243/442 2378/1244/446 2379/938/445
f 2379/938/445 2378/1244/446 2377/939/465
f 2378/1244/446 2376/1245/448 2377/939/465
f 2377/939/465 2376/1245/448 2375/940/449
f 2376/1245/448 2374/1246/450 2375/940/449
f 2375/940/449 2374/1246/450 2373/941/466
f 2374/1246/450 2372/1247/452 2373/941/466
f 2373/941/466 2372/1247/452 2370/942/453
f 2372/1247/452 2371/1248/467 2370/942/453
s 0
f 2369/1249/132 2368/1250/132 2366/1251/132
f 2368/1250/132 2367/1252/132 2366/1251/132
f 2365/1044/1 2364/1043/1 2363/1105/1
f 2362/1106/1 2363/1105/1 2364/1043/1
f 2363/1105/1 2362/1106/1 2360/1107/1
f 2361/1108/1 2360/1107/1 2362/1106/1
f 2361/1108/1 2358/1109/1 2360/1107/1
f 2359/1110/1 2360/1107/1 2358/1109/1
f 2359/1110/1 2358/1109/1 2357/1111/1
f 2356/1112/1 2357/1111/1 2358/1109/1
f 2357/1111/1 2356/1112/1 2355/1113/1
f 2354/1114/1 2355/1113/1 2356/1112/1
f 2355/1113/1 2354/1114/1 2351/1116/1
f 2353/1115/1 2351/1116/1 2354/1114/1
f 2353/1115/1 2350/1118/1 2351/1116/1
f 2352/1117/1 2351/1116/1 2350/1118/1
s 1
f 2349/1253/363 2347/1254/2 2348/1255/363
f 2347/1254/2 2346/1256/2 2348/1255/363
f 2347/1254/2 2345/1257/2 2346/1256/2
f 2345/1257/2 2344/1258/2 2346/1256/2
f 2345/1257/2 2342/1259/2 2344/1258/2
f 2342/1259/2 2343/1260/2 2344/1258/2
f 2343/1260/2 2342/1259/2 2340/1261/364
f 2342/1259/2 2341/1262/364 2340/1261/364
f 2339/1121/374 2338/1119/374 2337/1122/382
f 2336/1120/382 2337/1122/382 2338/1119/374
f 2337/1122/382 2336/1120/382 2334/1123/383
f 2335/1124/383 2334/1123/383 2336/1120/382
f 2335/1124/383 2333/1126/384 2334/1123/383
f 2332/1125/384 2334/1123/383 2333/1126/384
f 2333/1126/384 2330/1127/385 2332/1125/384
f 2331/1128/385 2332/1125/384 2330/1127/385
f 2331/1128/385 2330/1127/385 2328/1129/374
f 2329/1130/374 2328/1129/374 2330/1127/385
f 2329/1130/374 2327/1132/386 2328/1129/374
f 2325/1131/386 2328/1129/374 2327/1132/386
f 2327/1132/386 2324/1064/387 2325/1131/386
f 2326/1063/387 2325/1131/386 2324/1064/387
f 2323/926/468 2321/927/128 2322/928/468
f 2321/927/128 2320/929/128 2322/928/468
f 2321/927/128 2319/930/128 2320/929/128
f 2319/930/128 2318/931/128 2320/929/128
f 2319/930/128 2316/932/128 2318/931/128
f 2316/932/128 2317/933/128 2318/931/128
f 2317/933/128 2316/932/128 2314/934/469
f 2316/932/128 2315/935/469 2314/934/469
s 0
f 2313/1263/136 2312/1264/136 2308/1265/136
f 2312/1264/136 2311/1266/136 2308/1265/136
f 2311/1266/136 2310/1267/136 2308/1265/136
f 2310/1267/136 2309/1268/136 2308/1265/136
f 2307/1147/2 2304/1146/2 2306/1148/2
f 2305/1145/2 2306/1148/2 2304/1146/2
f 2305/1145/2 2304/1146/2 2303/1144/2
f 2302/1143/2 2303/1144/2 2304/1146/2
f 2303/1144/2 2302/1143/2 2301/1142/2
f 2300/1141/2 2301/1142/2 2302/1143/2
f 2301/1142/2 2300/1141/2 2299/1140/2
f 2298/1139/2 2299/1140/2 2300/1141/2
f 2299/1140/2 2298/1139/2 2297/1137/2
f 2296/1138/2 2297/1137/2 2298/1139/2
f 2297/1137/2 2296/1138/2 2293/1136/2
f 2295/1135/2 2293/1136/2 2296/1138/2
f 2295/1135/2 2292/1133/2 2293/1136/2
f 2294/1134/2 2293/1136/2 2292/1133/2
f 2283/1269/1 2284/1270/1 2291/1271/1
f 2291/1271/1 2284/1270/1 2290/1272/1
f 2290/1272/1 2284/1270/1 2289/1273/1
f 2289/1273/1 2284/1270/1 2288/1274/1
f 2288/1274/1 2284/1270/1 2287/1275/1
f 2287/1275/1 2284/1270/1 2286/1276/1
f 2286/1276/1 2284/1270/1 2285/1277/1
f 2285/1277/1 2284/1270/1 2283/1269/1
f 2274/1278/2 2275/1279/2 2282/1280/2
f 2282/1280/2 2275/1279/2 2281/1281/2
f 2281/1281/2 2275/1279/2 2280/1282/2
f 2280/1282/2 2275/1279/2 2279/1283/2
f 2279/1283/2 2275/1279/2 2278/1284/2
f 2278/1284/2 2275/1279/2 2277/1285/2
f 2277/1285/2 2275/1279/2 2276/1286/2
f 2276/1286/2 2275/1279/2 2274/1278/2
s 1
f 2273/1287/470 2271/1288/470 2272/1289/403
f 2270/1102/471 2272/1289/403 2271/1288/470
f 2271/1288/470 2269/1290/470 2270/1102/471
f 2267/1101/471 2270/1102/471 2269/1290/470
f 2269/1290/470 2266/1291/470 2267/1101/471
f 2268/1292/403 2267/1101/471 2266/1291/470
s 0
f 2265/1293/1 2263/1294/1 2264/1295/1
f 2263/1294/1 2262/1296/1 2264/1295/1
f 2263/1294/1 2261/1297/1 2262/1296/1
f 2261/1297/1 2260/1298/1 2262/1296/1
f 2261/1297/1 2259/1299/1 2260/1298/1
f 2259/1299/1 2258/1300/1 2260/1298/1
f 2259/1299/1 2256/1301/1 2258/1300/1
f 2256/1301/1 2257/1302/1 2258/1300/1
f 2257/1302/1 2256/1301/1 2254/1303/1
f 2256/1301/1 2255/1304/1 2254/1303/1
s 1
f 2253/1098/366 2249/1094/472 2252/1089/366
f 2249/1094/472 2250/994/366 2252/1089/366
f 2251/996/473 2250/994/366 2249/1094/472
f 2249/1094/472 2248/1093/474 2246/1305/475
f 2247/1306/474 2246/1305/475 2248/1093/474
f 2247/1306/474 2243/1307/474 2246/1305/475
f 2245/1308/475 2246/1305/475 2243/1307/474
f 2245/1308/475 2243/1307/474 2238/986/472
f 2244/988/474 2238/986/472 2243/1307/474
f 2242/984/366 2241/982/366 2238/986/472
f 2241/982/366 2240/989/476 2238/986/472
f 2240/989/476 2239/991/477 2238/986/472
s 0
f 2236/1309/128 2237/1310/128 2235/1311/128
f 2232/1312/128 2236/1309/128 2235/1311/128
f 2235/1311/128 2234/1313/128 2232/1312/128
f 2234/1313/128 2233/1314/128 2232/1312/128
f 2231/984/1 2229/986/1 2230/983/1
f 2227/985/1 2230/983/1 2229/986/1
f 2229/986/1 2226/988/1 2227/985/1
f 2228/987/1 2227/985/1 2226/988/1
f 2220/1315/140 2225/1316/140 2224/1317/140
f 2221/1318/140 2220/1315/140 2224/1317/140
f 2224/1317/140 2223/1319/140 2221/1318/140
f 2223/1319/140 2222/1320/140 2221/1318/140
f 2220/1315/140 2221/1318/140 2219/1321/140
f 2216/1322/140 2220/1315/140 2219/1321/140
f 2216/1322/140 2219/1321/140 2215/1323/140
f 2219/1321/140 2218/1324/140 2215/1323/140
f 2218/1324/140 2217/1325/140 2215/1323/140
f 2214/1326/140 2216/1322/140 2215/1323/140
f 2214/1326/140 2215/1323/140 2211/1327/140
f 2212/1328/140 2214/1326/140 2211/1327/140
f 2212/1328/140 2211/1327/140 2208/1329/140
f 2213/1330/140 2212/1328/140 2208/1329/140
f 2211/1327/140 2210/1331/140 2208/1329/140
f 2210/1331/140 2209/1332/140 2208/1329/140
f 2207/1321/140 2206/1324/140 2204/1323/140
f 2206/1324/140 2205/1325/140 2204/1323/140
f 2203/1333/136 2202/1334/136 2200/1335/136
f 2202/1334/136 2201/1336/136 2200/1335/136
f 2199/1317/140 2198/1319/140 2196/1318/140
f 2198/1319/140 2197/1320/140 2196/1318/140
f 2195/1252/140 2194/1250/140 2192/1251/140
f 2194/1250/140 2193/1249/140 2192/1251/140
f 2191/1337/136 2190/1338/136 2188/1339/136
f 2190/1338/136 2189/1340/136 2188/1339/136
f 2187/1341/2 2186/1342/2 2184/1343/2
f 2186/1342/2 2185/1344/2 2184/1343/2
f 2183/1343/1 2182/1341/1 2180/1344/1
f 2182/1341/1 2181/1342/1 2180/1344/1
f 2179/1340/128 2178/1338/128 2176/1339/128
f 2178/1338/128 2177/1337/128 2176/1339/128
f 2175/1249/132 2174/1250/132 2172/1251/132
f 2174/1250/132 2173/1252/132 2172/1251/132
f 2171/1252/140 2170/1250/140 2168/1251/140
f 2170/1250/140 2169/1249/140 2168/1251/140
f 2167/1337/136 2166/1338/136 2164/1339/136
f 2166/1338/136 2165/1340/136 2164/1339/136
f 2163/1341/2 2162/1342/2 2160/1343/2
f 2162/1342/2 2161/1344/2 2160/1343/2
f 2159/1343/1 2158/1341/1 2156/1344/1
f 2158/1341/1 2157/1342/1 2156/1344/1
f 2155/1340/128 2154/1338/128 2152/1339/128
f 2154/1338/128 2153/1337/128 2152/1339/128
f 2151/1345/140 2150/1346/140 2148/1347/140
f 2150/1346/140 2149/1348/140 2148/1347/140
f 2147/1337/136 2146/1338/136 2144/1339/136
f 2146/1338/136 2145/1340/136 2144/1339/136
f 2143/1349/2 2142/1350/2 2140/1351/2
f 2142/1350/2 2141/1352/2 2140/1351/2
f 2139/1351/1 2138/1349/1 2136/1352/1
f 2138/1349/1 2137/1350/1 2136/1352/1
f 2135/1340/128 2134/1338/128 2132/1339/128
f 2134/1338/128 2133/1337/128 2132/1339/128
f 2131/1348/132 2130/1346/132 2128/1347/132
f 2130/1346/132 2129/1345/132 2128/1347/132
f 2127/1353/140 2126/1354/140 2124/1355/140
f 2126/1354/140 2125/1356/140 2124/1355/140
f 2123/1354/132 2122/1356/132 2120/1353/132
f 2122/1356/132 2121/1355/132 2120/1353/132
s 1
f 2119/1357/425 2118/1212/478 2117/1358/479
f 2118/1212/478 2116/1211/480 2117/1358/479
f 2117/1358/479 2116/1211/480 2115/1359/481
f 2116/1211/480 2114/1210/482 2115/1359/481
f 2115/1359/481 2114/1210/482 2113/1360/483
f 2114/1210/482 2112/1209/484 2113/1360/483
f 2113/1360/483 2112/1209/484 2111/1361/485
f 2112/1209/484 2110/1208/486 2111/1361/485
f 2111/1361/485 2110/1208/486 2107/1362/487
f 2110/1208/486 2109/1207/488 2107/1362/487
f 2107/1362/487 2109/1207/488 2106/1206/453
f 2108/1363/467 2107/1362/487 2106/1206/453
f 2105/1234/363 2103/1235/2 2104/1232/363
f 2103/1235/2 2102/1233/2 2104/1232/363
f 2103/1235/2 2101/1237/2 2102/1233/2
f 2101/1237/2 2100/1236/2 2102/1233/2
f 2101/1237/2 2098/1239/2 2100/1236/2
f 2098/1239/2 2099/1238/2 2100/1236/2
f 2099/1238/2 2098/1239/2 2096/1240/364
f 2098/1239/2 2097/1241/364 2096/1240/364
s 0
f 2095/1364/2 2094/1365/2 2092/1366/2
f 2094/1365/2 2093/1367/2 2092/1366/2
f 2091/1368/489 2090/1367/489 2088/1369/489
f 2090/1367/489 2089/1365/489 2088/1369/489
f 2087/1369/2 2086/1370/2 2084/1368/2
f 2086/1370/2 2085/1371/2 2084/1368/2
f 2083/1370/490 2082/1372/490 2080/1371/490
s 1
f 2082/1372/490 2081/1373/490 2080/1371/490
s 0
f 2079/1372/2 2078/1374/2 2076/1373/2
f 2078/1374/2 2077/1375/2 2076/1373/2
f 2075/1376/491 2074/1375/491 2072/1377/491
f 2074/1375/491 2073/1374/491 2072/1377/491
f 2071/1377/2 2070/1378/2 2068/1376/2
f 2070/1378/2 2069/1379/2 2068/1376/2
f 2067/1378/492 2066/1380/492 2064/1379/492
f 2066/1380/492 2065/1381/492 2064/1379/492
f 2063/1382/2 2062/1381/2 2060/1383/2
f 2062/1381/2 2061/1380/2 2060/1383/2
s 1
f 2059/1384/493 2058/1201/443 2057/1385/494
f 2058/1201/443 2056/1200/495 2057/1385/494
f 2057/1385/494 2056/1200/495 2055/1386/496
f 2056/1200/495 2054/1199/497 2055/1386/496
f 2055/1386/496 2054/1199/497 2053/1387/498
f 2054/1199/497 2052/1198/499 2053/1387/498
f 2053/1387/498 2052/1198/499 2051/1388/500
f 2052/1198/499 2050/1197/501 2051/1388/500
f 2051/1388/500 2050/1197/501 2046/1389/502
f 2050/1197/501 2049/1196/503 2046/1389/502
f 2049/1196/503 2048/1195/437 2046/1389/502
f 2048/1195/437 2047/1390/504 2046/1389/502
f 2045/926/505 2043/927/128 2044/928/505
f 2043/927/128 2042/929/128 2044/928/505
f 2043/927/128 2041/930/128 2042/929/128
f 2041/930/128 2040/931/128 2042/929/128
f 2041/930/128 2038/932/128 2040/931/128
f 2038/932/128 2039/933/128 2040/931/128
f 2039/933/128 2038/932/128 2036/934/506
f 2038/932/128 2037/935/506 2036/934/506
s 0
f 2035/1353/140 2034/1354/140 2032/1355/140
f 2034/1354/140 2033/1356/140 2032/1355/140
f 2031/1391/132 2030/1392/132 2028/1393/132
f 2030/1392/132 2029/1394/132 2028/1393/132
f 2019/1323/132 2027/1325/132 2017/1321/132
f 2027/1325/132 2026/1324/132 2017/1321/132
f 2024/1332/132 2025/1331/132 2021/1327/132
f 2023/1329/132 2024/1332/132 2021/1327/132
f 2023/1329/132 2021/1327/132 2022/1330/132
f 2021/1327/132 2020/1328/132 2022/1330/132
f 2021/1327/132 2019/1323/132 2020/1328/132
f 2019/1323/132 2018/1326/132 2020/1328/132
f 2019/1323/132 2017/1321/132 2018/1326/132
f 2017/1321/132 2016/1322/132 2018/1326/132
f 2017/1321/132 2013/1318/132 2016/1322/132
f 2013/1318/132 2014/1315/132 2016/1322/132
f 2014/1315/132 2013/1318/132 2010/1317/132
f 2015/1316/132 2014/1315/132 2010/1317/132
f 2013/1318/132 2012/1320/132 2010/1317/132
f 2012/1320/132 2011/1319/132 2010/1317/132
f 2009/1353/140 2008/1354/140 2006/1355/140
f 2008/1354/140 2007/1356/140 2006/1355/140
f 2005/1354/132 2004/1356/132 2002/1353/132
f 2004/1356/132 2003/1355/132 2002/1353/132
s 1
f 2001/1357/425 2000/1212/478 1999/1358/479
f 2000/1212/478 1998/1211/480 1999/1358/479
f 1999/1358/479 1998/1211/480 1997/1359/481
f 1998/1211/480 1996/1210/507 1997/1359/481
f 1997/1359/481 1996/1210/507 1995/1360/483
f 1996/1210/507 1994/1209/484 1995/1360/483
f 1995/1360/483 1994/1209/484 1993/1361/485
f 1994/1209/484 1992/1208/508 1993/1361/485
f 1993/1361/485 1992/1208/508 1989/1362/487
f 1992/1208/508 1991/1207/488 1989/1362/487
f 1989/1362/487 1991/1207/488 1988/1206/453
f 1990/1363/467 1989/1362/487 1988/1206/453
f 1987/1395/363 1985/1396/2 1986/1397/363
f 1985/1396/2 1984/1398/2 1986/1397/363
f 1985/1396/2 1983/1399/2 1984/1398/2
f 1983/1399/2 1982/1400/2 1984/1398/2
f 1983/1399/2 1980/1401/2 1982/1400/2
f 1980/1401/2 1981/1402/2 1982/1400/2
f 1981/1402/2 1980/1401/2 1978/1403/364
f 1980/1401/2 1979/1404/364 1978/1403/364
s 0
f 1977/1405/2 1976/1406/2 1974/1407/2
f 1976/1406/2 1975/1408/2 1974/1407/2
f 1973/1409/489 1972/1408/489 1970/1410/489
f 1972/1408/489 1971/1406/489 1970/1410/489
f 1969/1410/2 1968/1411/2 1966/1409/2
f 1968/1411/2 1967/1412/2 1966/1409/2
f 1965/1411/490 1964/1413/490 1962/1412/490
f 1964/1413/490 1963/1414/490 1962/1412/490
f 1961/1413/2 1960/1415/2 1958/1414/2
f 1960/1415/2 1959/1416/2 1958/1414/2
f 1957/1417/491 1956/1416/491 1954/1418/491
f 1956/1416/491 1955/1415/491 1954/1418/491
f 1953/1418/2 1952/1419/2 1950/1417/2
f 1952/1419/2 1951/1420/2 1950/1417/2
f 1949/1419/492 1948/1421/492 1946/1420/492
f 1948/1421/492 1947/1422/492 1946/1420/492
f 1945/1423/2 1944/1422/2 1942/1424/2
f 1944/1422/2 1943/1421/2 1942/1424/2
s 1
f 1941/1384/493 1940/1201/443 1939/1385/494
f 1940/1201/443 1938/1200/495 1939/1385/494
f 1939/1385/494 1938/1200/495 1937/1386/496
f 1938/1200/495 1936/1199/497 1937/1386/496
f 1937/1386/496 1936/1199/497 1935/1387/498
f 1936/1199/497 1934/1198/499 1935/1387/498
f 1935/1387/498 1934/1198/499 1933/1388/500
f 1934/1198/499 1932/1197/509 1933/1388/500
f 1933/1388/500 1932/1197/509 1928/1389/502
f 1932/1197/509 1931/1196/503 1928/1389/502
f 1931/1196/503 1930/1195/437 1928/1389/502
f 1930/1195/437 1929/1390/504 1928/1389/502
s 0
f 1920/1323/132 1927/1325/132 1922/1321/132
f 1927/1325/132 1926/1324/132 1922/1321/132
f 1925/1316/132 1924/1315/132 1910/1317/132
f 1924/1315/132 1913/1318/132 1910/1317/132
f 1913/1318/132 1924/1315/132 1923/1322/132
f 1922/1321/132 1913/1318/132 1923/1322/132
f 1922/1321/132 1923/1322/132 1921/1326/132
f 1920/1323/132 1922/1321/132 1921/1326/132
f 1920/1323/132 1921/1326/132 1919/1328/132
f 1914/1327/132 1920/1323/132 1919/1328/132
f 1914/1327/132 1919/1328/132 1918/1330/132
f 1917/1329/132 1914/1327/132 1918/1330/132
f 1917/1329/132 1916/1332/132 1914/1327/132
f 1916/1332/132 1915/1331/132 1914/1327/132
f 1913/1318/132 1912/1320/132 1910/1317/132
f 1912/1320/132 1911/1319/132 1910/1317/132
s 1
f 1909/1262/440 1907/1259/1 1908/1261/440
f 1907/1259/1 1906/1260/1 1908/1261/440
f 1906/1260/1 1907/1259/1 1905/1257/1
f 1904/1258/1 1906/1260/1 1905/1257/1
f 1904/1258/1 1905/1257/1 1903/1254/1
f 1901/1256/1 1904/1258/1 1903/1254/1
f 1901/1256/1 1903/1254/1 1900/1253/439
f 1902/1255/439 1901/1256/1 1900/1253/439
s 0
f 1898/1332/132 1899/1331/132 1895/1327/132
f 1897/1329/132 1898/1332/132 1895/1327/132
f 1897/1329/132 1895/1327/132 1896/1330/132
f 1895/1327/132 1894/1328/132 1896/1330/132
f 1895/1327/132 1893/1323/132 1894/1328/132
f 1893/1323/132 1882/1326/132 1894/1328/132
f 1893/1323/132 1884/1321/132 1882/1326/132
f 1893/1323/132 1892/1325/132 1884/1321/132
f 1892/1325/132 1891/1324/132 1884/1321/132
s 1
f 1885/1318/510 1890/1320/511 1887/1317/512
f 1890/1320/511 1889/1319/513 1887/1317/512
f 1888/1316/514 1886/1315/515 1887/1317/512
f 1886/1315/515 1885/1318/510 1887/1317/512
f 1885/1318/510 1886/1315/515 1883/1322/132
f 1884/1321/132 1885/1318/510 1883/1322/132
s 0
f 1884/1321/132 1883/1322/132 1882/1326/132
s 1
f 1881/926/516 1879/927/128 1880/928/516
f 1879/927/128 1878/929/128 1880/928/516
f 1879/927/128 1877/930/128 1878/929/128
f 1877/930/128 1876/931/128 1878/929/128
f 1877/930/128 1874/932/128 1876/931/128
f 1874/932/128 1875/933/128 1876/931/128
f 1875/933/128 1874/932/128 1872/934/517
f 1874/932/128 1873/935/517 1872/934/517
s 0
f 1871/1353/140 1870/1354/140 1868/1355/140
f 1870/1354/140 1869/1356/140 1868/1355/140
f 1867/1354/132 1866/1356/132 1864/1353/132
f 1866/1356/132 1865/1355/132 1864/1353/132
f 1863/1353/140 1862/1354/140 1860/1355/140
f 1862/1354/140 1861/1356/140 1860/1355/140
f 1859/1354/132 1858/1356/132 1856/1353/132
f 1858/1356/132 1857/1355/132 1856/1353/132
f 1855/1345/140 1854/1346/140 1852/1347/140
f 1854/1346/140 1853/1348/140 1852/1347/140
f 1851/1337/136 1850/1338/136 1848/1339/136
f 1850/1338/136 1849/1340/136 1848/1339/136
f 1847/1349/2 1846/1350/2 1844/1351/2
f 1846/1350/2 1845/1352/2 1844/1351/2
f 1843/1351/1 1842/1349/1 1840/1352/1
f 1842/1349/1 1841/1350/1 1840/1352/1
f 1839/1340/128 1838/1338/128 1836/1339/128
f 1838/1338/128 1837/1337/128 1836/1339/128
f 1835/1348/132 1834/1346/132 1832/1347/132
f 1834/1346/132 1833/1345/132 1832/1347/132
s 1
f 1831/935/518 1829/932/136 1830/934/518
f 1829/932/136 1828/933/136 1830/934/518
f 1828/933/136 1829/932/136 1827/930/136
f 1826/931/136 1828/933/136 1827/930/136
f 1826/931/136 1827/930/136 1825/927/136
f 1823/929/136 1826/931/136 1825/927/136
f 1823/929/136 1825/927/136 1822/926/519
f 1824/928/519 1823/929/136 1822/926/519
f 1821/1425/363 1819/1426/2 1820/1427/363
f 1819/1426/2 1818/1428/2 1820/1427/363
f 1819/1426/2 1817/1429/2 1818/1428/2
f 1817/1429/2 1816/1430/2 1818/1428/2
f 1817/1429/2 1814/1431/2 1816/1430/2
f 1814/1431/2 1815/1432/2 1816/1430/2
f 1815/1432/2 1814/1431/2 1812/1433/364
f 1814/1431/2 1813/1434/364 1812/1433/364
s 0
f 1811/1435/136 1810/1436/136 1806/1437/136
f 1810/1436/136 1809/1438/136 1806/1437/136
f 1809/1438/136 1808/1439/136 1806/1437/136
f 1808/1439/136 1807/1440/136 1806/1437/136
s 1
f 1805/1404/440 1803/1401/1 1804/1403/440
f 1803/1401/1 1802/1402/1 1804/1403/440
f 1802/1402/1 1803/1401/1 1801/1399/1
f 1800/1400/1 1802/1402/1 1801/1399/1
f 1800/1400/1 1801/1399/1 1799/1396/1
f 1797/1398/1 1800/1400/1 1799/1396/1
f 1797/1398/1 1799/1396/1 1796/1395/439
f 1798/1397/439 1797/1398/1 1796/1395/439
f 1795/926/516 1793/927/128 1794/928/516
f 1793/927/128 1792/929/128 1794/928/516
f 1793/927/128 1791/930/128 1792/929/128
f 1791/930/128 1790/931/128 1792/929/128
f 1791/930/128 1788/932/128 1790/931/128
f 1788/932/128 1789/933/128 1790/931/128
f 1789/933/128 1788/932/128 1786/934/517
f 1788/932/128 1787/935/517 1786/934/517
f 1785/935/518 1783/932/136 1784/934/518
f 1783/932/136 1782/933/136 1784/934/518
f 1782/933/136 1783/932/136 1781/930/136
f 1780/931/136 1782/933/136 1781/930/136
f 1780/931/136 1781/930/136 1779/927/136
f 1777/929/136 1780/931/136 1779/927/136
f 1777/929/136 1779/927/136 1776/926/519
f 1778/928/519 1777/929/136 1776/926/519
s 0
f 1774/1441/128 1775/1442/128 1773/1443/128
f 1770/1444/128 1774/1441/128 1773/1443/128
f 1773/1443/128 1772/1445/128 1770/1444/128
f 1772/1445/128 1771/1446/128 1770/1444/128
s 1
f 1769/1434/440 1767/1431/1 1768/1433/440
f 1767/1431/1 1766/1432/1 1768/1433/440
f 1766/1432/1 1767/1431/1 1765/1429/1
f 1764/1430/1 1766/1432/1 1765/1429/1
f 1764/1430/1 1765/1429/1 1763/1426/1
f 1761/1428/1 1764/1430/1 1763/1426/1
f 1761/1428/1 1763/1426/1 1760/1425/439
f 1762/1427/439 1761/1428/1 1760/1425/439
s 0
f 1753/1327/140 1759/1331/140 1755/1329/140
f 1759/1331/140 1758/1332/140 1755/1329/140
f 1750/1315/140 1757/1316/140 1749/1317/140
f 1756/1330/140 1754/1328/140 1755/1329/140
f 1754/1328/140 1753/1327/140 1755/1329/140
f 1754/1328/140 1752/1326/140 1753/1327/140
f 1752/1326/140 1742/1323/140 1753/1327/140
f 1752/1326/140 1751/1322/140 1742/1323/140
f 1751/1322/140 1745/1321/140 1742/1323/140
f 1751/1322/140 1750/1315/140 1745/1321/140
f 1750/1315/140 1746/1318/140 1745/1321/140
f 1746/1318/140 1750/1315/140 1749/1317/140
f 1749/1317/140 1748/1319/140 1746/1318/140
f 1748/1319/140 1747/1320/140 1746/1318/140
f 1745/1321/140 1744/1324/140 1742/1323/140
f 1744/1324/140 1743/1325/140 1742/1323/140
f 1741/1353/140 1740/1354/140 1738/1355/140
f 1740/1354/140 1739/1356/140 1738/1355/140
f 1737/1354/132 1736/1356/132 1734/1353/132
f 1736/1356/132 1735/1355/132 1734/1353/132
s 1
f 1733/935/520 1731/932/136 1732/934/520
f 1731/932/136 1730/933/136 1732/934/520
f 1730/933/136 1731/932/136 1729/930/136
f 1728/931/136 1730/933/136 1729/930/136
f 1728/931/136 1729/930/136 1727/927/136
f 1725/929/136 1728/931/136 1727/927/136
f 1725/929/136 1727/927/136 1724/926/521
f 1726/928/521 1725/929/136 1724/926/521
f 1723/1224/363 1721/1225/2 1722/1222/363
f 1721/1225/2 1720/1223/2 1722/1222/363
f 1721/1225/2 1719/1227/2 1720/1223/2
f 1719/1227/2 1718/1226/2 1720/1223/2
f 1719/1227/2 1716/1229/2 1718/1226/2
f 1716/1229/2 1717/1228/2 1718/1226/2
f 1717/1228/2 1716/1229/2 1714/1230/364
f 1716/1229/2 1715/1231/364 1714/1230/364
f 1713/971/439 1711/972/1 1712/969/439
f 1711/972/1 1710/970/1 1712/969/439
f 1711/972/1 1709/974/1 1710/970/1
f 1709/974/1 1708/973/1 1710/970/1
f 1709/974/1 1707/976/1 1708/973/1
f 1707/976/1 1705/975/1 1708/973/1
f 1705/975/1 1707/976/1 1704/977/440
f 1706/978/440 1705/975/1 1704/977/440
f 1703/926/522 1701/927/128 1702/928/522
f 1701/927/128 1700/929/128 1702/928/522
f 1701/927/128 1699/930/128 1700/929/128
f 1699/930/128 1698/931/128 1700/929/128
f 1699/930/128 1696/932/128 1698/931/128
f 1696/932/128 1697/933/128 1698/931/128
f 1697/933/128 1696/932/128 1694/934/523
f 1696/932/128 1695/935/523 1694/934/523
s 0
f 1693/1447/136 1692/1448/136 1690/1449/136
f 1692/1448/136 1691/1450/136 1690/1449/136
f 1683/1329/524 1689/1330/524 1687/1317/524
f 1689/1330/524 1688/1316/524 1687/1317/524
f 1686/1327/140 1685/1331/140 1682/1329/140
f 1685/1331/140 1684/1332/140 1682/1329/140
f 1681/1451/128 1680/1452/128 1678/1453/128
f 1680/1452/128 1679/1454/128 1678/1453/128
f 1677/1353/140 1676/1354/140 1674/1355/140
f 1676/1354/140 1675/1356/140 1674/1355/140
s 1
f 1673/935/525 1671/932/136 1672/934/525
f 1671/932/136 1670/933/136 1672/934/525
f 1670/933/136 1671/932/136 1669/930/136
f 1668/931/136 1670/933/136 1669/930/136
f 1668/931/136 1669/930/136 1667/927/136
f 1665/929/136 1668/931/136 1667/927/136
f 1665/929/136 1667/927/136 1664/926/526
f 1666/928/526 1665/929/136 1664/926/526
s 0
f 1662/1455/128 1663/1456/128 1661/1457/128
f 1658/1458/128 1662/1455/128 1661/1457/128
f 1661/1457/128 1660/1459/128 1658/1458/128
f 1660/1459/128 1659/1460/128 1658/1458/128
f 1657/1461/2 1656/1462/2 1654/1463/2
f 1656/1462/2 1655/1464/2 1654/1463/2
f 1653/1465/489 1652/1464/489 1650/1466/489
f 1652/1464/489 1651/1462/489 1650/1466/489
f 1649/1466/2 1648/1467/2 1646/1465/2
f 1648/1467/2 1647/1468/2 1646/1465/2
f 1645/1467/490 1644/1469/490 1642/1468/490
f 1644/1469/490 1643/1470/490 1642/1468/490
f 1641/1469/2 1640/1471/2 1638/1470/2
f 1640/1471/2 1639/1472/2 1638/1470/2
f 1637/1473/491 1636/1472/491 1634/1474/491
f 1636/1472/491 1635/1471/491 1634/1474/491
f 1633/1474/2 1632/1475/2 1630/1473/2
f 1632/1475/2 1631/1476/2 1630/1473/2
s 1
f 1629/1475/527 1628/1477/528 1626/1476/529
f 1628/1477/528 1627/1478/530 1626/1476/529
s 0
f 1625/1479/2 1624/1478/2 1622/1480/2
f 1624/1478/2 1623/1477/2 1622/1480/2
f 1621/1354/132 1620/1356/132 1618/1353/132
f 1620/1356/132 1619/1355/132 1618/1353/132
s 1
f 1617/935/531 1615/932/136 1616/934/531
f 1615/932/136 1614/933/136 1616/934/531
f 1614/933/136 1615/932/136 1613/930/136
f 1612/931/136 1614/933/136 1613/930/136
f 1612/931/136 1613/930/136 1611/927/136
f 1609/929/136 1612/931/136 1611/927/136
f 1609/929/136 1611/927/136 1608/926/532
f 1610/928/532 1609/929/136 1608/926/532
s 0
f 1599/1269/1 1600/1270/1 1607/1271/1
f 1607/1271/1 1600/1270/1 1606/1272/1
f 1606/1272/1 1600/1270/1 1605/1273/1
f 1605/1273/1 1600/1270/1 1604/1274/1
f 1604/1274/1 1600/1270/1 1603/1275/1
f 1603/1275/1 1600/1270/1 1602/1276/1
f 1602/1276/1 1600/1270/1 1601/1277/1
f 1601/1277/1 1600/1270/1 1599/1269/1
f 1590/1278/2 1591/1279/2 1598/1280/2
f 1598/1280/2 1591/1279/2 1597/1281/2
f 1597/1281/2 1591/1279/2 1596/1282/2
f 1596/1282/2 1591/1279/2 1595/1283/2
f 1595/1283/2 1591/1279/2 1594/1284/2
f 1594/1284/2 1591/1279/2 1593/1285/2
f 1593/1285/2 1591/1279/2 1592/1286/2
f 1592/1286/2 1591/1279/2 1590/1278/2
f 1589/1481/1 1587/1482/1 1588/1483/1
f 1587/1482/1 1586/1484/1 1588/1483/1
f 1587/1482/1 1585/1485/1 1586/1484/1
f 1585/1485/1 1584/1486/1 1586/1484/1
f 1585/1485/1 1583/1487/1 1584/1486/1
f 1583/1487/1 1582/1488/1 1584/1486/1
f 1583/1487/1 1580/1489/1 1582/1488/1
f 1580/1489/1 1581/1490/1 1582/1488/1
f 1581/1490/1 1580/1489/1 1578/1491/1
f 1580/1489/1 1579/1492/1 1578/1491/1
f 1577/1087/369 1576/993/369 1573/1091/369
f 1576/993/369 1575/995/369 1573/1091/369
f 1575/995/369 1574/1092/369 1573/1091/369
f 1572/1287/470 1569/1288/470 1571/1289/470
f 1570/1102/470 1571/1289/470 1569/1288/470
f 1570/1102/470 1569/1288/470 1566/1101/470
f 1568/1290/470 1566/1101/470 1569/1288/470
f 1568/1290/470 1565/1291/470 1566/1101/470
f 1567/1292/470 1566/1101/470 1565/1291/470
s 1
f 1564/1493/363 1562/1494/2 1563/1495/363
f 1562/1494/2 1561/1496/533 1563/1495/363
f 1562/1494/2 1560/1497/2 1561/1496/533
f 1560/1497/2 1559/1498/2 1561/1496/533
f 1560/1497/2 1557/1499/2 1559/1498/2
f 1557/1499/2 1558/1500/534 1559/1498/2
f 1558/1500/534 1557/1499/2 1555/1501/364
f 1557/1499/2 1556/1502/364 1555/1501/364
f 1554/994/2 1553/1089/535 1551/996/473
f 1553/1089/535 1552/1098/366 1551/996/473
f 1552/1098/366 1549/1094/472 1551/996/473
f 1550/1093/474 1548/1306/474 1549/1094/472
f 1547/1305/475 1549/1094/472 1548/1306/474
f 1548/1306/474 1546/1307/474 1547/1305/475
f 1545/1308/475 1547/1305/475 1546/1307/474
f 1546/1307/474 1544/988/474 1545/1308/475
f 1539/986/472 1545/1308/475 1544/988/474
f 1543/984/366 1542/982/366 1539/986/472
f 1542/982/366 1541/989/476 1539/986/472
f 1541/989/476 1540/991/536 1539/986/472
f 1538/926/516 1536/927/128 1537/928/516
f 1536/927/128 1535/929/128 1537/928/516
f 1536/927/128 1534/930/128 1535/929/128
f 1534/930/128 1533/931/128 1535/929/128
f 1534/930/128 1531/932/128 1533/931/128
f 1531/932/128 1532/933/128 1533/931/128
f 1532/933/128 1531/932/128 1529/934/517
f 1531/932/128 1530/935/517 1529/934/517
f 1528/1069/395 1527/1070/396 1526/1071/397
f 1525/1072/397 1526/1071/397 1527/1070/396
f 1526/1071/397 1525/1072/397 1524/1073/398
f 1523/1074/398 1524/1073/398 1525/1072/397
f 1524/1073/398 1523/1074/398 1522/1076/142
f 1521/1075/142 1522/1076/142 1523/1074/398
f 1522/1076/142 1521/1075/142 1519/1078/128
f 1520/1077/128 1519/1078/128 1521/1075/142
f 1520/1077/128 1517/1080/130 1519/1078/128
f 1518/1079/130 1519/1078/128 1517/1080/130
f 1518/1079/130 1517/1080/130 1516/1081/132
f 1515/1082/132 1516/1081/132 1517/1080/130
f 1516/1081/132 1515/1082/132 1514/1083/399
f 1511/1084/400 1514/1083/399 1515/1082/132
f 1514/1083/399 1511/1084/400 1512/1085/401
f 1513/1086/402 1512/1085/401 1511/1084/400
s 0
f 1510/1088/365 1507/1090/365 1508/1087/365
f 1509/1089/365 1508/1087/365 1507/1090/365
f 1506/1098/2 1505/1097/2 1504/1094/2
f 1501/1096/2 1504/1094/2 1505/1097/2
f 1504/1094/2 1501/1096/2 1502/1093/2
f 1503/1095/2 1502/1093/2 1501/1096/2
f 1500/1102/365 1497/1101/365 1498/1100/365
f 1499/1099/365 1498/1100/365 1497/1101/365
s 1
f 1496/1502/440 1494/1499/1 1495/1501/440
f 1494/1499/1 1493/1500/537 1495/1501/440
f 1493/1500/537 1494/1499/1 1492/1497/1
f 1491/1498/1 1493/1500/537 1492/1497/1
f 1491/1498/1 1492/1497/1 1490/1494/440
f 1488/1496/538 1491/1498/1 1490/1494/440
f 1489/1495/439 1488/1496/538 1485/1493/439
s 0
f 1487/1496/439 1486/1494/439 1485/1493/439
