# Blender 5.1.0
# www.blender.org
o bdd29b0bef514946835318866259c88f
v -2.131497 -2.306205 2.581177
v -2.074177 -2.422199 2.370816
v -2.123123 -2.102751 2.740170
v -2.012583 -2.541989 2.469686
v -2.030017 -2.261745 2.760835
v -1.935196 -2.478757 2.739694
v -1.911571 -2.265997 2.324584
v -1.980229 -1.968423 2.199794
v -1.971984 -2.161617 2.172710
v -1.977500 -2.067227 1.997756
v -1.877719 -1.655111 2.300435
v -1.823408 -1.919065 2.400043
v -1.758689 -2.291547 2.116408
v -1.727655 -2.030472 1.984245
v -1.676818 -2.545248 2.525404
v -1.828600 -2.119794 2.457774
v -1.794762 0.419540 -2.583704
v -1.789396 0.561483 -2.742630
v -1.868690 -2.256640 2.667810
v -1.645411 -2.709609 2.299574
v -1.595325 -2.559275 2.170760
v -1.559006 -2.225765 1.988655
v -1.776659 -1.631480 2.383333
v -1.700906 0.482595 -2.738773
v -1.775802 0.768480 -3.212027
v -1.754826 -1.695299 2.309586
v -1.690427 0.571541 -3.109660
v -1.761348 0.762742 -2.504746
v -1.673529 -1.841156 2.147083
v -1.668929 -1.970059 1.622667
v -1.669667 0.581434 -1.965301
v -1.527544 0.785560 -2.988816
v -1.670091 0.942740 2.727102
v -1.610658 0.879981 2.363114
v -1.677133 1.179346 -2.840910
v -1.610277 1.060634 -2.934242
v -1.800882 0.595938 -3.147911
v -1.544828 -2.540097 2.029276
v -1.512822 -2.251269 1.836915
v -1.742775 0.667067 -1.977178
v -1.649004 1.025905 -2.408290
v -1.552914 0.779918 -2.867423
v -1.533735 0.749330 2.719759
v -1.642099 0.643452 2.297449
v -1.582555 -1.728064 1.729387
v -1.496498 0.797684 -1.899671
v -1.596835 1.452580 2.849982
v -1.614587 1.307207 2.453900
v -1.150660 1.061484 -2.838781
v -1.572355 1.022414 2.886536
v -1.546101 1.101454 -2.177915
v -1.708296 0.537081 -2.423402
v -1.558049 1.631594 2.732769
v -1.590094 3.497826 2.311975
v -1.551399 -1.800180 2.061882
v -1.383082 0.762043 -2.368413
v -1.719770 0.583568 -3.246387
v -1.534020 1.865119 2.475287
v -1.532834 3.208733 2.398050
v -1.342613 -2.253830 2.274311
v -1.518550 0.950902 2.172414
v -1.568806 -1.572149 1.807489
v -1.383664 0.804054 -2.230296
v -1.485361 1.220657 -3.162022
v -1.467591 -2.816818 1.945983
v -1.498727 3.611361 2.553699
v -1.513533 1.211932 2.315392
v -1.397225 -2.926441 2.265072
v -1.390777 0.694372 1.904221
v -1.407302 -2.571169 1.914447
v -1.657832 0.961124 -2.754379
v -1.361038 0.999644 -3.140807
v -1.568277 3.363822 2.588086
v -1.279328 -2.790544 2.386901
v -1.487703 1.159683 2.014688
v -1.558652 0.815596 1.940211
v -1.537241 -1.502583 1.943161
v -1.589632 1.263494 -2.277294
v -1.455249 3.569381 2.201367
v -1.258199 -1.989347 2.120931
v -1.404201 -1.456923 1.931839
v -1.383859 1.437772 -2.918323
v -1.534145 1.411498 -3.133583
v -1.435640 1.418850 -3.697704
v -1.440581 3.230467 2.199822
v -1.342542 1.303461 2.116036
v -1.509502 1.648974 -3.615586
v -1.403030 3.815951 2.626716
v -1.422591 2.201026 2.252005
v -1.297747 2.703940 2.244074
v -1.492876 1.195611 -1.718735
v -1.451417 1.541775 -3.727276
v -1.321142 0.842265 2.882025
v -1.310927 -2.102550 1.700194
v -1.402546 1.638619 -3.481266
v -1.252347 2.749365 2.084707
v -1.420797 0.472513 1.701522
v -1.389186 1.104690 -1.896558
v -1.382705 1.579905 -2.251106
v -1.349155 1.503200 -3.177109
v -1.418445 0.514527 2.200266
v -1.388418 1.582338 1.999207
v -1.418581 2.001288 1.735847
v -1.285017 -1.757856 1.766705
v -1.374582 0.535575 1.017646
v -1.402618 1.575772 -2.106063
v -1.254127 1.921711 -2.490694
v -0.971065 1.412946 2.872496
v -1.305813 1.936052 2.757457
v -1.253013 3.638483 2.575079
v -1.313554 3.102869 2.513254
v -1.387011 2.397517 1.755998
v -1.368290 2.564552 1.227452
v -1.451307 1.305827 -1.997356
v -1.287154 1.755696 -3.516863
v -1.331706 2.366102 2.506807
v -1.256944 -2.570864 1.831352
v -1.234526 2.870177 1.442915
v -1.410817 0.718111 1.371328
v -1.369883 -2.497871 1.225363
v -1.327017 2.348153 1.221792
v -1.381638 -1.603862 -1.665762
v -1.328086 -1.126331 -1.591398
v -1.356230 -1.936399 -1.859510
v -1.176465 1.738405 -1.893637
v -1.217855 2.726441 2.374053
v -1.072293 1.243027 1.970999
v -1.310417 2.025385 1.433327
v -1.362318 -0.855412 -1.032279
v -1.381061 -1.267453 -1.288860
v -1.318233 -2.444841 -1.742007
v -1.200677 1.392875 -1.688814
v -1.380300 1.714959 -2.779103
v -1.409095 1.930351 -3.319068
v -1.362717 1.395890 -3.449099
v -1.332087 3.596322 2.310901
v -1.258177 0.344932 2.070356
v -1.216841 3.530694 2.226708
v -1.158816 0.842221 1.823434
v -1.261786 -1.695813 1.867765
v -1.351468 -2.677278 1.607306
v -1.256480 -2.734466 1.199288
v -1.358465 -1.985981 1.122135
v -1.303538 -2.000442 0.730975
v -1.344804 -2.485942 0.437964
v -1.349732 -0.642453 -0.610695
v -1.271014 -0.578540 -1.207707
v -1.353328 -2.354469 -1.392295
v -1.099717 0.436679 2.248349
v -1.224837 2.822565 1.077049
v -1.248382 -2.540062 1.071648
v -1.316464 -0.930109 -0.490535
v -1.330634 -1.273466 -0.944096
v -1.320712 -2.696577 -1.106609
v -1.284977 -2.908849 -1.431939
v -1.216849 -2.274155 -2.049501
v -1.308270 -2.314935 1.281546
v -1.242908 -2.972908 0.315793
v -1.318939 -2.889087 -0.358065
v -1.312267 -0.248578 0.012509
v -1.304146 -2.597935 -0.808196
v -1.209831 -0.253664 -0.810309
v -1.283146 -3.015483 -1.188032
v -1.373398 -1.958748 -1.472895
v -1.170178 -1.617585 -2.102095
v -0.938181 1.978649 -3.297122
v -1.361323 1.912989 2.120224
v -1.032417 1.532843 1.732219
v -1.159055 0.826014 1.364864
v -1.206210 0.372413 1.270320
v -1.269011 -3.178607 -0.652930
v -1.207652 -2.460284 -0.230239
v -1.234073 -2.270468 -1.028625
v -1.167028 -2.552298 -1.983090
v -1.095394 3.700217 2.131429
v -1.123373 3.205600 2.104775
v -1.161555 2.600393 0.927129
v -1.265550 -2.297764 0.249667
v -1.238531 0.172492 0.353464
v -1.247954 -0.795512 0.005046
v -1.182027 -3.335186 -0.343506
v -1.152720 -3.335097 -1.102006
v -1.266906 -1.550294 -0.979580
v -1.139035 -0.741383 -1.698478
v -1.199942 -2.774295 -1.804819
v -1.268162 -1.268748 -1.847372
v -1.360144 0.719168 -2.034491
v -1.246213 1.015126 -1.903399
v -1.056023 1.910007 -2.418549
v -1.343962 1.836779 -2.948141
v -1.028009 -3.359833 2.469553
v -1.204443 3.332383 2.197001
v -1.269959 0.053588 0.692543
v -1.295959 -0.410288 0.352072
v -1.125652 -3.432348 -0.799837
v -1.184501 -1.980395 -1.014779
v -1.130733 -3.288760 -1.315549
v -1.108642 -2.021286 -2.176544
v -1.263902 1.737624 -3.081149
v -1.221578 1.820404 -3.198095
v -1.081402 -3.004979 1.596274
v -1.206735 0.418083 0.890529
v -1.128835 0.150027 -0.203453
v -1.180885 0.881808 -2.147153
v -1.125310 -3.016407 2.493862
v -1.154444 -2.839416 1.911995
v -1.104232 2.718896 1.934118
v -1.233823 0.130080 0.986039
v -1.172648 -0.453710 0.786775
v -1.188987 -0.698083 0.351279
v -1.057371 0.310790 0.047608
v -1.152852 1.123171 -1.758284
v -1.124649 0.930350 -2.535203
v -1.066024 2.186775 -2.705833
v -1.202706 2.128216 -3.077652
v -1.028876 2.283231 -3.059550
v -1.242561 1.478707 -3.199214
v -1.199772 -3.054343 2.116210
v -1.076051 -1.946805 2.341518
v -1.289873 -1.715046 1.520386
v -1.028063 -2.798198 1.107414
v -1.146069 -1.576126 0.998437
v -1.167143 -0.237279 1.124058
v -1.049503 -1.923959 0.338433
v -1.215062 -1.114505 -0.454544
v -1.259213 -0.138059 -0.334266
v -1.123757 -2.336641 -0.717749
v -1.219865 1.533588 -1.525606
v -1.167962 1.781841 -1.711820
v -1.130414 -0.488655 -4.145197
v -1.023153 1.750381 1.448330
v -1.041178 3.100450 1.167209
v -1.084578 2.142833 1.140035
v -1.104727 -0.025804 -0.658899
v -1.120607 -0.328462 -1.184738
v -1.093178 -3.100565 -1.682258
v -1.033934 1.280925 -3.076649
v -1.011418 1.071592 2.861062
v -1.157984 0.249205 1.655420
v -0.973534 -2.073918 0.023083
v -1.039026 2.201088 -2.933542
v -1.096659 1.543074 -3.183568
v -1.172003 -0.274002 -3.930270
v -1.200890 -0.400110 -4.210319
v -0.993590 0.709749 2.480562
v -0.986620 2.699693 2.400489
v -1.104492 -2.483555 2.255593
v -1.034642 0.335974 2.104041
v -0.968884 -1.478174 0.930006
v -1.107997 -3.057481 0.512242
v -1.167229 0.396851 0.549119
v -0.982769 -3.278708 0.316827
v -1.147537 1.658290 -3.446054
v -1.097672 -1.404066 1.711273
v -1.072957 1.090573 1.324818
v -0.943898 -1.663428 -0.695433
v -1.006355 -0.548017 -1.613037
v -1.082347 -1.322622 -2.090946
v -1.090974 1.911479 -2.086761
v -1.180378 2.050971 -2.912675
v -1.036662 2.951707 2.028891
v -1.063132 -0.002782 1.641487
v -0.798986 -1.290148 1.303449
v -1.190281 0.579975 0.978616
v -1.015694 2.885496 0.841487
v -1.103473 0.376790 0.307064
v -1.013083 -3.461396 -0.133307
v -0.867083 0.292316 -0.313793
v -1.000173 -2.818109 -2.016052
v -0.984406 1.019302 -2.832710
v -0.845688 2.233174 2.501683
v -0.924389 -1.457584 2.255551
v -0.949632 0.603721 0.479465
v -1.154676 3.651349 2.529473
v -0.981679 0.871100 0.936030
v -0.925452 -1.476616 -0.527926
v -0.882201 -3.644903 -0.653375
v -0.956424 1.703210 -3.262293
v -1.038085 -0.272729 -3.940989
v -1.046099 0.169169 -3.943676
v -0.867932 1.787701 2.683115
v -1.012009 3.705357 2.588302
v -1.034567 -3.259203 2.603642
v -0.617428 0.313346 -0.582952
v -0.718730 -3.713090 -1.006466
v -1.126908 1.403486 -1.440697
v -1.080907 -1.023710 -1.932807
v -0.825557 -1.472466 -2.285913
v -1.054551 2.128945 -2.331147
v -0.992378 3.945098 2.635261
v -1.000125 3.820223 2.305147
v -0.874462 -2.487751 2.496392
v -0.972693 3.296080 2.072879
v -0.881852 -0.508156 1.283987
v -0.782761 2.559575 0.729724
v -0.909939 -0.719276 0.836169
v -0.886827 -0.979706 0.271445
v -0.898455 -1.208040 -0.148340
v -0.919934 -2.231719 -0.376287
v -0.898785 -1.919422 -0.779676
v -0.948676 1.245030 -0.812309
v -0.985211 2.147444 -2.225259
v -0.943288 0.744855 -2.232451
v -0.884594 1.097001 2.715937
v -0.613519 3.447391 2.620062
v -0.717886 3.149502 1.557066
v -1.040102 1.516229 -1.208924
v -0.740633 -0.146012 -1.395751
v -0.807154 -0.388120 -1.633167
v -0.950670 1.758087 -1.530786
v -0.933049 -3.361621 -1.548347
v -1.042496 1.956416 -1.678638
v -0.910633 0.693980 -1.809696
v -0.893589 3.662335 2.085138
v -0.714260 3.107126 0.798041
v -0.868708 -3.124924 0.697950
v -1.020827 2.058695 -1.590649
v -0.822488 -2.033804 -2.340836
v -0.859529 2.792750 2.006523
v -0.789143 -3.291474 -1.792819
v -0.786738 -0.983871 -2.140826
v -1.002282 2.214866 -2.484120
v -0.964501 2.474875 -2.973644
v -1.000327 -1.788083 2.467663
v -0.878281 -2.117835 -0.676820
v -0.820836 -2.375478 -2.314156
v -0.964392 0.846633 -2.543804
v -0.934332 2.190129 -3.225151
v -1.031408 0.194019 -3.642514
v -0.937089 -0.094900 -4.012269
v -0.801479 -3.262089 1.910000
v -0.871114 1.999927 1.178608
v -0.968250 1.523184 -0.757833
v -0.877696 2.003053 -1.013456
v -1.009410 0.911641 -1.346283
v -0.715489 -3.649907 -1.271672
v -0.971364 2.117370 -1.976299
v -0.758291 -2.948092 -2.106231
v -1.138142 0.138096 -3.785493
v -0.913400 0.808346 -3.729361
v -0.982416 -2.989970 1.450389
v -0.802604 -3.520183 0.058694
v -0.935496 1.867485 -0.739793
v -0.726933 2.268191 -2.275645
v -0.875718 -3.449890 2.360717
v -0.779467 2.560921 2.390800
v -0.831384 1.249923 1.121493
v -0.796216 2.241482 1.012930
v -0.838247 0.542393 -1.583050
v -0.841767 1.467474 2.749129
v -0.720343 -3.651430 2.828606
v -0.799157 -2.027056 2.766413
v -0.779395 -3.331055 2.175492
v -0.922693 1.510879 1.313547
v -0.778732 0.818144 -1.068228
v -0.707744 0.032096 -1.097327
v -0.723336 -3.527562 -1.519430
v -1.015130 2.477014 -2.535283
v -0.879666 0.839051 -2.704024
v -0.768976 1.229280 -3.250817
v -0.786852 -3.263640 2.751453
v -0.835905 -2.284886 2.647301
v -0.698713 -1.612927 2.652842
v -0.863919 3.245396 2.179100
v -0.776814 2.776969 1.940406
v -0.752706 2.764954 0.660522
v -0.493759 -1.875794 0.071730
v -0.847715 2.058809 -1.536625
v -0.870413 2.371629 -1.657326
v -0.661968 2.831619 -2.279604
v -0.865334 0.717293 -2.455144
v -0.792289 0.211132 -3.665014
v -0.717801 0.488542 -3.834630
v -0.816339 1.931334 -1.500678
v -0.808801 0.396276 -1.852148
v -0.869896 0.367700 -2.195030
v -0.817826 0.446349 -2.362529
v -0.842935 0.397022 -2.487538
v -0.796806 1.392729 -3.319811
v -0.610933 -1.181023 1.911028
v -0.863002 1.793587 -0.308780
v -0.711550 -0.501826 -1.844412
v -0.773396 0.576038 -2.697573
v -0.774378 2.644423 -3.102170
v -0.886961 0.880719 -3.429617
v -0.636029 -2.907304 2.583916
v -0.710386 0.360583 2.548092
v -0.804814 3.559783 2.200176
v -0.726320 3.238759 1.131374
v -0.492291 -1.646907 0.433716
v -0.797135 0.431698 -2.037485
v -0.785095 -2.655224 -2.246660
v -0.825374 2.629699 -2.926749
v -0.613800 1.061833 -3.210329
v -0.725123 0.667777 -3.443075
v -0.838875 0.447151 -3.532731
v -0.783037 1.117541 -3.716293
v -0.623694 3.100867 2.066965
v -0.716794 0.927122 0.746892
v -0.745555 1.474515 -0.275910
v -0.751034 2.454852 -0.234514
v -0.547060 -2.104136 -0.487509
v -0.598306 1.071783 -0.538394
v -0.781414 -0.680217 -1.959617
v -0.670933 -1.825817 -2.522877
v -0.818907 2.527105 -3.298680
v -0.773933 -2.818028 1.231009
v -0.563128 -1.382580 0.848102
v -0.683181 0.512966 -0.042139
v -0.810189 2.566622 -1.478131
v -0.664129 2.119367 -1.731288
v -0.507703 2.889223 -2.245381
v -0.749254 -1.716539 -2.571400
v -0.687202 3.081810 -2.472310
v -0.737138 2.857860 -2.631603
v -0.745219 1.490357 -3.711509
v -0.760063 -0.144853 1.938887
v -0.689818 -0.563551 1.379530
v -0.803273 1.869338 -0.081948
v -0.564433 -1.792767 -0.646718
v -0.651504 2.267241 -1.085624
v -0.746625 -2.065713 -2.563535
v -0.779318 0.563752 -2.846039
v -0.755494 2.887809 -3.091852
v -0.684921 -2.132746 2.875561
v -0.615151 0.627515 2.816133
v -0.731521 2.247410 2.646970
v -0.710146 2.686934 2.449325
v -0.582037 -1.318254 2.356408
v -0.756962 2.036572 -1.335587
v -0.617846 2.014583 -1.577533
v -0.660506 -0.768404 -2.235620
v -0.685313 -1.478139 -2.519429
v -0.727467 -2.460568 -2.507710
v -0.595520 3.096831 -3.111849
v -0.709344 0.963547 2.867021
v -0.793150 3.679465 2.535416
v -0.720329 2.289298 0.804682
v -0.746453 2.494640 0.087634
v -0.574776 -1.252365 -0.098910
v -0.736425 0.458370 -1.638628
v -0.682576 -0.387717 -2.084789
v -0.538981 -3.450595 -1.936913
v -0.613527 0.543826 -2.118614
v -0.548870 -3.451163 -2.073020
v -0.614038 -2.925540 -2.391416
v -0.648177 -2.614317 -2.461696
v -0.341730 2.312211 -3.498334
v -0.680457 1.263837 -3.805497
v -0.718775 1.053335 -4.272059
v -0.716419 1.222162 -4.306482
v -0.714829 3.796831 2.542317
v -0.579141 3.585733 2.211591
v -0.630989 2.941855 -0.004495
v -0.732562 2.499055 0.538138
v -0.683726 2.237782 0.444186
v -0.740125 0.435931 -1.320636
v -0.609466 -0.156443 -1.711425
v -0.578657 2.876867 -1.821639
v -0.657212 -1.102838 -2.415828
v -0.431074 3.374300 -2.360800
v -0.738167 -1.343611 -2.520608
v -0.644568 -2.198301 -2.521823
v -0.552482 2.848340 -2.861736
v -0.628468 1.763286 -3.476805
v -0.652868 1.520227 -4.011938
v -0.563508 0.882563 2.900240
v -0.654586 1.926185 2.806932
v -0.591214 -1.055066 0.394088
v -0.676441 1.789900 0.112342
v -0.682431 0.541958 -0.969650
v -0.753691 2.503773 -1.414727
v -0.679210 2.518134 -1.505539
v -0.533965 -3.615456 -1.848603
v -0.446599 2.768940 -2.063642
v -0.566574 -3.216913 -2.150695
v -0.606624 -3.210927 -2.272464
v -0.604918 0.639617 -2.354607
v -0.560115 0.699860 -2.539890
v -0.496088 3.324327 2.153224
v -0.318708 1.605818 0.964986
v -0.547332 -1.131177 0.176770
v -0.409950 -2.076546 -0.309789
v -0.595114 -0.035002 -1.728435
v -0.673059 -0.530813 -2.147395
v -0.558251 -3.876240 2.820871
v -0.602023 3.868910 2.600031
v -0.704685 2.528010 -0.561300
v -0.628909 0.619807 -0.904526
v -0.698571 0.503431 -1.151394
v -0.576202 0.549476 -1.510715
v -0.604465 -3.810649 -1.367120
v -0.583517 -0.988217 -2.438099
v -0.631406 0.862968 -3.347010
v -0.701965 0.776353 -0.819209
v -0.555526 0.211515 -1.363575
v -0.763629 2.624406 -2.019579
v -0.616279 2.338388 -2.324077
v -0.596460 -1.684045 -2.573854
v -0.534317 3.105502 -3.227762
v -0.621541 2.624076 -3.269125
v -0.561382 -2.737803 2.724884
v -0.495196 -0.370401 1.861094
v -0.390195 1.293957 0.951737
v -0.620525 -0.817043 0.924904
v -0.416615 -3.335961 0.540540
v -0.488234 0.753777 0.291363
v -0.498474 -3.580305 0.104698
v -0.462449 1.432363 -0.022072
v -0.572035 0.677510 -0.707093
v -0.403760 2.191518 -1.396472
v -0.483742 -3.773008 -1.611887
v -0.627336 -0.242391 -1.902225
v -0.553910 -2.474790 -2.541425
v -0.523602 2.956916 -2.658191
v -0.601821 -2.089947 -2.600937
v -0.536189 1.243078 -3.925645
v -0.428624 2.224183 2.861320
v -0.367450 -3.920244 2.555912
v -0.500590 1.920330 0.543473
v -0.562230 -3.736015 -0.367588
v -0.615755 -4.116912 -0.692589
v -0.638508 -4.328426 -1.138859
v -0.506617 2.514053 -1.723841
v -0.438016 2.344528 -2.151187
v -0.473109 0.849199 -2.874313
v -0.579792 2.844846 -3.276571
v -0.353481 -1.270362 2.360990
v -0.462372 1.008902 0.692139
v -0.548845 -1.577564 -0.552903
v -0.525799 0.377094 -1.080396
v -0.529635 0.282515 -1.131431
v -0.472535 -3.990311 -1.399830
v -0.569041 0.105805 -1.402925
v -0.603597 -0.643791 -2.274399
v -0.602062 -1.338719 -2.544686
v -0.387478 0.364298 2.743864
v -0.474945 0.073545 2.416713
v -0.554280 -3.034137 1.653637
v -0.542803 3.474538 1.425975
v -0.575280 1.255537 -0.328054
v -0.605906 -1.441337 -0.415223
v -0.557342 0.782188 -0.671786
v -0.413790 0.792805 -0.987422
v -0.465404 -3.946828 -1.272580
v -0.444311 1.114780 -3.710973
v -0.559623 3.584028 2.537302
v -0.380273 -2.987836 0.983356
v -0.470377 2.936990 -0.397248
v -0.611166 -4.430203 -0.922088
v -0.511218 -3.633947 -1.709390
v -0.509659 -0.452226 -1.810496
v -0.418910 3.758491 -2.616415
v -0.203048 -3.246464 2.797235
v -0.310373 -3.061617 2.759765
v -0.496248 0.596923 -0.045775
v -0.421622 3.195710 -0.060578
v -0.520224 0.505741 -0.643044
v -0.406864 2.437925 -1.034778
v -0.479719 -0.693473 -1.980973
v -0.501505 -1.248139 -2.258937
v -0.494527 -1.596082 -2.331752
v -0.507501 -1.993193 -2.370388
v -0.445595 3.029162 2.560138
v -0.422860 3.301491 2.361382
v -0.449548 -3.821497 2.382670
v -0.457310 -3.542523 2.107677
v -0.094466 -3.349259 2.076241
v -0.343866 3.665843 1.131367
v -0.520085 3.429138 0.732719
v -0.336910 -0.997161 0.535946
v -0.393525 1.614320 0.270712
v -0.385565 1.022953 -0.233904
v -0.518364 -4.374825 -0.673078
v -0.463638 0.442551 -0.746370
v -0.497596 -3.996076 -1.001244
v -0.352941 -4.458946 -1.690790
v -0.476902 -3.762480 -1.466879
v -0.500998 2.934860 -1.411841
v -0.506497 -2.758644 -2.409956
v -0.565762 0.690082 -3.645484
v -0.512120 1.388738 -4.134110
v -0.431376 -2.886168 1.606259
v -0.270953 -0.773480 1.143257
v -0.349749 0.621996 -1.517436
v -0.453904 -0.933695 -2.128740
v -0.433916 -2.588282 -2.242144
v -0.223176 3.521921 -2.814334
v -0.444558 3.258067 -2.764707
v -0.233573 -2.754719 2.893258
v -0.327134 -1.263954 1.139496
v -0.459333 1.872347 0.896137
v -0.379605 0.697861 -0.436677
v -0.421677 0.601302 -0.527091
v -0.406361 -3.931394 -0.225876
v -0.524210 -3.944438 -0.714587
v -0.342368 -4.127832 -1.523127
v -0.315266 3.290653 -2.320872
v -0.477937 -2.337938 -2.324738
v -0.383886 3.128803 -2.783017
v -0.325363 1.711971 -3.531298
v -0.397580 1.327284 -3.829977
v -0.208191 -1.688234 2.870736
v -0.431589 2.630336 2.760897
v -0.307354 3.550004 2.008817
v -0.229610 -2.867074 1.408610
v -0.288053 2.763724 -0.740097
v -0.379139 -4.772665 -1.018286
v -0.413924 -0.334624 -1.659696
v -0.399393 2.344122 -2.477258
v -0.513091 2.993332 -2.999048
v -0.335681 1.217065 -3.332537
v -0.312251 1.228417 0.057571
v -0.462809 -4.236516 -0.285998
v -0.388859 0.543480 -0.644669
v -0.336691 2.337281 -1.725749
v -0.490972 -3.039130 -2.263372
v -0.330884 2.263615 -2.361005
v -0.286073 2.860771 -3.337527
v -0.361462 -2.163862 2.866312
v -0.412230 3.387007 0.243313
v -0.356322 1.163576 -0.184324
v -0.417079 0.965358 -0.430460
v -0.300837 -4.985260 -1.517227
v -0.381377 -0.119097 -1.402158
v -0.360724 -3.420138 -1.685268
v -0.230347 -1.282045 -2.203260
v -0.437425 2.858775 -2.340020
v -0.310934 2.797002 -2.478894
v -0.421163 2.571354 -2.459811
v -0.295610 3.610480 0.682322
v -0.314698 0.859980 0.155334
v -0.356633 -3.657644 0.171047
v -0.351935 -4.071232 -0.008419
v -0.474763 0.840870 -0.479546
v -0.129252 2.973260 -0.623000
v -0.477660 -1.973121 -0.639033
v -0.387750 0.077500 -1.136502
v -0.266254 -4.759025 -1.714117
v -0.452583 3.189710 -1.528673
v -0.378030 -3.164424 -1.931744
v -0.220890 0.606317 -2.024039
v -0.410191 -2.873487 -2.115756
v -0.256878 -1.218352 1.476715
v -0.278856 1.005499 0.386305
v -0.272709 1.343630 0.143297
v -0.346297 -1.119084 0.168500
v -0.269986 3.165934 -0.279945
v -0.138501 3.035654 -0.497642
v -0.385202 -4.523036 -0.732755
v -0.330589 0.262540 -0.784535
v -0.328560 2.878626 -1.640105
v -0.290072 0.688949 -2.526221
v -0.147085 0.984294 -3.128042
v -0.248578 -2.925189 2.897365
v -0.202759 -0.537483 1.661610
v -0.102228 -1.144984 -0.153927
v -0.178032 -2.129031 -0.674056
v -0.387137 0.164293 -1.021303
v -0.233548 3.510730 -1.583288
v -0.249608 -4.228015 -1.850068
v -0.195935 3.168692 -1.892053
v -0.096026 -1.774840 -2.219553
v -0.396812 2.660079 -2.473722
v -0.323833 3.056577 -3.067788
v -0.185103 -1.778237 0.396364
v -0.243518 -3.814204 0.006197
v -0.096509 0.805080 -1.217578
v -0.077071 2.308414 -1.208227
v -0.116824 2.795308 -3.444371
v -0.065719 2.901831 2.795447
v -0.188272 -1.551066 0.760152
v -0.327247 -1.886678 0.119834
v -0.301536 -4.410629 -0.225209
v -0.176069 -4.412713 -0.618006
v -0.428047 -3.869911 -1.206906
v -0.286659 -5.054203 -1.185903
v -0.103875 2.517855 -1.698427
v -0.109395 2.986957 -3.350903
v -0.329976 -1.511726 2.712931
v 0.035025 0.094811 2.610909
v -0.150753 -3.817852 2.225998
v -0.262298 -3.070932 1.850297
v -0.187057 1.304881 0.631419
v -0.347464 -3.969869 -1.055622
v -0.303313 -3.733708 -0.885079
v -0.134213 0.653633 -1.778855
v -0.274071 2.577207 -2.042193
v 0.010250 -2.352832 -2.101389
v -0.033957 3.451148 -2.922826
v 0.000801 -0.275316 2.111166
v -0.206351 1.145945 0.556237
v -0.255205 -3.483831 0.562931
v -0.194362 3.413866 0.047530
v -0.253836 0.552047 -0.186947
v -0.101249 -1.900831 -0.844089
v -0.145721 2.168713 -1.374044
v -0.076453 -0.411700 -1.548063
v -0.067661 -2.626923 -2.066073
v -0.267552 2.399817 -2.516497
v -0.262029 0.717157 -2.679070
v -0.294476 3.972533 -2.845502
v -0.423468 -4.044590 2.769839
v 0.026428 3.765049 1.710950
v -0.198469 -3.204129 0.927667
v -0.303601 -0.874724 0.902533
v -0.272474 1.735411 0.635991
v -0.277368 -0.889615 0.862747
v -0.236990 -4.831965 -0.706399
v -0.310620 -3.581598 -1.354935
v -0.213206 -4.011166 -1.365301
v -0.210145 3.289524 -1.474172
v -0.193554 3.125095 -1.578985
v -0.127448 2.063112 -1.593101
v -0.053426 -2.927928 -1.928744
v -0.217846 1.560708 0.633083
v -0.110795 -1.346864 -0.528743
v -0.280279 -3.867400 -0.782038
v 0.025372 2.508217 -1.011039
v -0.090174 -0.906349 -1.938693
v -0.130412 2.672047 -2.136212
v -0.143175 3.290278 2.516961
v -0.166961 -3.582773 2.156311
v -0.205947 0.631538 0.077109
v -0.249245 3.291928 -1.826288
v -0.094473 -3.189193 -1.741381
v -0.097378 -4.139136 -1.930681
v -0.266745 2.313099 -2.267980
v -0.142885 3.092278 -2.874908
v -0.170795 0.856785 -3.043493
v -0.218904 1.527912 -3.449972
v 0.017264 0.353913 2.813603
v -0.185163 -3.041616 1.157981
v -0.359485 0.768557 -0.172999
v -0.266970 0.395880 -0.514871
v -0.205853 1.175689 -0.426812
v -0.124700 0.102013 -0.907780
v -0.213435 -4.886339 -0.888521
v -0.050606 -5.222072 -1.733624
v -0.046950 -4.678115 -2.025543
v -0.137637 2.916320 -1.913480
v -0.046200 -1.189191 -2.053295
v -0.071854 2.228387 -2.304867
v -0.165090 3.944170 -2.590407
v -0.033075 3.062383 -3.237132
v -0.091749 -4.081703 2.339464
v -0.006317 3.615926 2.095704
v -0.239528 -1.189385 1.692468
v -0.097563 -3.335061 0.758743
v -0.013960 3.725787 0.792976
v -0.121260 -3.541869 0.515870
v -0.188737 -4.305428 0.283055
v -0.224357 -3.799317 -0.473094
v -0.130636 -4.781828 -0.674293
v -0.168518 -4.532535 -0.760588
v -0.017179 -3.410903 -1.358349
v -0.140599 -4.372333 -1.759830
v -0.091869 -4.516901 -1.987574
v -0.158313 3.626699 -2.456565
v 0.024696 3.789367 1.023394
v -0.184554 0.903457 0.341446
v -0.105854 -3.675181 0.168025
v -0.146327 -3.998424 -0.887472
v -0.134628 -5.415422 -1.295724
v -0.114814 -4.155380 -1.374738
v -0.171722 0.340698 -2.845094
v 0.052058 -1.943141 2.841399
v -0.138142 2.581829 2.868740
v -0.101508 -0.045326 2.419629
v 0.008248 -2.997836 1.662143
v 0.063916 -0.703907 1.128535
v -0.105923 1.462278 0.568405
v -0.079912 3.652528 0.514387
v 0.025618 -0.843480 0.712240
v -0.138420 0.789779 0.437047
v -0.117679 -3.797242 -0.239275
v 0.093806 3.169086 -0.415130
v -0.004408 1.014669 -0.831751
v -0.161944 -5.204958 -0.907974
v -0.120143 -5.145914 -1.146202
v 0.037364 -0.258998 -1.262675
v -0.102999 0.289775 -2.380303
v -0.175630 -0.106864 -2.513135
v -0.125749 3.959596 -3.011225
v 0.295552 1.944680 2.842314
v -0.135484 -1.238161 2.053013
v -0.134351 -1.320875 1.313334
v -0.000307 2.650089 -0.920195
v -0.151989 0.269898 -2.221971
v -0.151538 3.217066 -2.516278
v -0.107560 4.100410 -2.928168
v -0.173525 0.032081 -3.023757
v -0.172619 -0.082760 -3.223144
v 0.012945 -1.462936 2.585122
v -0.161235 1.434035 0.329964
v -0.070502 -2.017272 0.078807
v -0.057551 1.517927 0.019990
v 0.076139 0.175033 -0.556128
v 0.172055 -3.398685 -0.561080
v -0.040656 -5.061661 -1.491691
v 0.146122 2.686824 -1.630979
v 0.038723 -5.269068 -1.940520
v -0.082591 2.216104 -2.546225
v -0.167564 -0.134091 -2.630827
v 0.015937 -4.608398 0.291055
v -0.185322 -3.687094 -0.323789
v -0.130958 -4.725050 -0.974759
v -0.028203 -5.253736 -0.919179
v -0.137098 0.066736 -2.047678
v -0.024894 1.383180 -3.343287
v -0.103150 -3.897755 2.005691
v 0.160067 3.786484 1.500149
v -0.032156 -3.067000 1.159707
v -0.017096 -1.607085 0.911255
v 0.036483 0.513289 0.048016
v 0.126743 0.346462 -0.228788
v -0.070776 0.449473 -1.881338
v -0.106459 0.040369 -1.934210
v -0.106790 2.394728 -2.237075
v -0.072455 4.293272 -2.856039
v 0.223773 -1.646905 2.765899
v -0.009549 3.810500 1.304506
v -0.139411 0.986522 0.658930
v -0.102871 -3.536582 -0.009735
v 0.079889 -3.877590 0.398834
v -0.043362 -1.587010 -0.822868
v -0.105394 3.629021 -1.427256
v -0.074496 0.564941 -1.828714
v -0.009561 3.170767 -1.859248
v 0.035634 3.880880 -2.577137
v 0.159711 -4.128734 2.868258
v 0.077061 3.478346 2.405115
v -0.095420 -3.202300 0.535873
v 0.023043 -3.879042 -0.412117
v 0.207913 1.276151 -0.565660
v -0.033282 -2.279039 -0.594083
v -0.116315 -4.218133 -0.896017
v 0.071731 3.588765 -1.441456
v 0.014204 -4.754148 -1.746637
v -0.022238 -0.044962 -2.677979
v 0.003681 0.488271 -3.189933
v 0.046117 -4.094283 2.182528
v -0.076612 -3.132951 0.948730
v 0.106913 -0.035527 -0.893076
v 0.007541 -5.424415 -1.287302
v 0.018059 -4.362244 -1.638152
v -0.049677 3.675333 -1.802626
v -0.042753 2.575635 -2.206716
v 0.046033 3.707149 -2.384406
v 0.048533 4.043612 -2.734815
v -0.046535 -0.076146 -3.199448
v 0.381904 -1.842203 2.883499
v 0.081019 3.192253 2.686301
v 0.186240 3.706283 1.899259
v 0.075680 -4.372095 -0.451228
v -0.051432 -5.019952 -1.126264
v 0.096559 0.407667 -2.284318
v 0.006227 -0.036880 -2.539914
v 0.061357 4.254062 -3.225291
v 0.034289 0.110105 -3.089727
v 0.180939 2.716203 -3.438875
v 0.151526 2.124041 -3.451005
v 0.135149 -1.359248 1.901365
v 0.045376 -2.966761 1.364121
v -0.052963 -2.900247 0.992120
v -0.006279 1.288471 0.813917
v -0.005040 -4.259295 0.611179
v 0.183352 3.583032 0.212608
v 0.133219 -3.357965 -0.086670
v 0.120319 2.730378 -0.783480
v 0.015673 -4.400747 -1.343973
v 0.021774 0.066926 -1.981537
v 0.180423 -3.055898 1.597083
v 0.067589 -4.528980 0.668846
v 0.149098 -2.953057 0.484148
v 0.084602 -3.752554 0.336498
v 0.333746 3.352388 -0.148212
v 0.173120 -4.623566 -0.046738
v 0.045996 -4.936565 -1.423803
v 0.076774 -3.043656 -1.689396
v 0.210530 3.180421 -2.711252
v 0.054248 3.164913 -3.118136
v 0.118561 1.622509 -3.369212
v 0.145097 -0.476961 1.678259
v 0.070086 0.933995 0.720404
v 0.318035 3.384717 -0.020113
v 0.212831 -2.310756 -1.096179
v 0.175892 1.033840 -1.132364
v 0.027450 -4.164749 -1.811329
v 0.096687 3.813975 -2.390908
v 0.060972 4.434418 -3.083947
v 0.044379 3.796840 -3.073131
v 0.082781 -3.558878 2.112191
v 0.098861 -2.739070 0.995327
v 0.025402 1.651968 0.436529
v 0.132016 0.633580 0.354626
v 0.045965 0.841824 -1.620884
v 0.158657 1.894682 -1.641185
v 0.079535 3.901044 -1.941056
v 0.097422 0.423110 -1.962468
v 0.048512 3.791335 -2.096241
v 0.037472 3.597758 -1.974423
v 0.064168 1.144524 -3.556931
v 0.178378 -4.264946 2.703681
v 0.224653 -1.598611 1.411812
v 0.085056 -2.042439 0.345108
v 0.080470 -4.128544 -0.588841
v 0.268903 2.874750 -1.580926
v -0.003801 3.338526 -1.850320
v 0.174858 -5.302541 -1.894920
v 0.150531 3.499804 -1.859731
v 0.131864 -1.072203 -1.768346
v 0.060862 3.649996 -2.011063
v 0.152745 0.481949 -2.767337
v -0.037986 4.254693 -2.748072
v 0.260049 -3.610738 1.980892
v -0.003244 -2.762332 1.241880
v 0.074609 -2.697144 1.430581
v 0.111663 -3.854029 0.129188
v 0.408001 2.856084 -0.577231
v 0.174565 -1.259448 -0.798631
v 0.185950 -3.135839 -1.329358
v 0.163044 2.020506 -1.380592
v 0.076119 4.080648 -1.420978
v 0.039035 4.273472 -1.341727
v 0.091776 -4.722920 -1.672602
v 0.211632 0.756808 -1.704773
v 0.198639 0.697476 -1.843965
v 0.146466 0.522167 -1.864156
v 0.025547 2.788273 -2.125555
v 0.096023 0.498900 -2.879036
v 0.136507 3.997805 -3.141556
v 0.081350 3.813814 -3.282928
v 0.099580 1.073483 -3.233046
v 0.235510 2.955400 -3.403759
v 0.133184 0.873569 -3.747386
v 0.274188 -3.680025 2.823992
v 0.168920 -3.709026 1.931126
v 0.243504 -0.754130 0.403275
v 0.076521 4.173590 -1.562588
v 0.137391 -5.093840 -1.632580
v 0.540118 3.124060 -1.522666
v 0.084392 -0.745662 -1.677994
v 0.054308 -4.606266 -2.037177
v 0.185681 4.188277 -2.942655
v 0.070448 1.318389 -3.512239
v 0.523914 0.642375 2.859488
v 0.237305 3.620908 2.156350
v 0.139171 1.599812 0.722713
v 0.165162 -3.777569 0.537425
v 0.277480 -0.859881 -0.091194
v 0.230806 -1.967082 -1.294512
v 0.193836 -0.303513 -1.097817
v 0.202882 3.333130 -2.018789
v 0.277507 3.326233 -3.231535
v 0.255543 3.565079 -3.472187
v 0.156908 -4.970793 -1.795569
v 0.187346 3.996037 -2.014302
v 0.192619 4.003838 -2.554990
v 0.065108 0.852049 -3.576807
v 0.302752 -1.476736 2.265249
v 0.143740 -4.338471 2.533289
v 0.123670 -1.454210 1.541835
v 0.367829 -4.739913 0.815116
v 0.190306 -2.421036 -0.498060
v 0.295533 0.143665 -0.284847
v 0.180147 -3.328488 -0.945273
v 0.201824 -2.157265 -1.871033
v 0.145460 3.806152 -2.615718
v 0.111220 0.469356 -2.512445
v 0.116166 3.466765 -2.694764
v 0.193998 4.031347 -2.698658
v 0.668223 -3.580196 2.865865
v 0.218021 1.572896 -0.080700
v 0.206472 -1.043971 -0.452436
v 0.161888 4.517982 -1.583871
v 0.231690 4.376104 -1.766480
v 0.091982 -1.941778 -2.075194
v 0.232206 1.028719 -3.237376
v 0.312863 2.916095 -3.262684
v 0.384301 0.025339 2.394084
v 0.103406 -4.017463 1.873555
v 0.331773 -3.300483 1.763403
v 0.199092 -2.557487 1.316857
v 0.226539 3.879016 -2.854146
v 0.313894 4.345987 -3.382829
v 0.242803 3.822047 -3.488178
v 0.311829 0.995637 -3.717827
v 0.305974 -1.489256 1.448803
v 0.144923 -1.862062 0.953466
v 0.261077 -3.149989 -0.148393
v 0.298720 1.331451 -1.538356
v 0.183701 4.092856 -1.979576
v 0.162121 -1.693407 -1.938173
v 0.110824 0.547535 -3.131855
v 0.316658 4.405462 -3.233882
v 0.564512 2.665394 2.809496
v 0.556958 2.827091 2.817989
v 0.188984 -1.360898 1.775197
v 0.412251 3.808965 1.351694
v 0.270630 -2.765007 0.294895
v 0.246965 -4.004847 -0.305758
v 0.176742 2.132761 -1.724694
v 0.238224 2.009080 -2.490573
v 0.186204 2.831238 -2.615158
v 0.278221 4.117013 -2.712849
v 0.246497 -4.287363 1.078182
v 0.207483 -2.123497 0.799181
v 0.568583 -4.783747 0.526709
v 0.552470 1.836864 0.241965
v 0.283762 0.466395 0.248657
v 0.310012 -2.540603 -0.069842
v 0.259602 -1.492429 -1.256379
v 0.319101 2.172290 -1.063789
v 0.185580 -0.595666 -1.424397
v 0.352466 4.294174 -1.623317
v 0.156940 1.018417 -1.655681
v 0.201239 3.672987 -1.965219
v 0.423479 3.829883 -3.042444
v 0.293617 3.899030 -3.300238
v 0.247792 2.341478 -3.385273
v 0.401057 3.443902 2.407114
v 0.283332 -0.284245 1.977059
v 0.279946 -2.780133 1.594143
v 0.471463 -0.427053 1.080406
v 0.215011 -3.828756 0.701381
v 0.263193 -2.506016 0.556575
v 0.507268 1.785344 0.584932
v 0.348637 -3.838806 0.578614
v 0.358667 1.698718 -1.736834
v 0.218081 0.484357 -2.359007
v 0.291168 0.959233 -2.869863
v 0.366727 1.785261 -3.302774
v 0.303808 0.880348 0.733477
v 0.475303 3.495200 0.324192
v 0.380240 0.261082 0.078705
v 0.299427 -2.608690 -0.653548
v 0.260808 -1.872183 -1.507449
v 0.221592 -2.626532 -1.690098
v 0.249217 3.693289 -1.862881
v 0.224213 2.114348 -2.283091
v 0.401196 2.429043 -2.546499
v 0.404408 3.409092 -3.391992
v 0.393049 0.293264 2.690453
v 0.372815 -4.164023 1.950442
v 0.406627 3.758229 1.779582
v 0.460409 -2.511963 1.533751
v 0.256178 -2.429878 1.054468
v 0.417456 2.512309 -0.810455
v 0.319800 -0.506495 -0.940713
v 0.298094 -2.513633 -1.420669
v 0.249202 -1.550407 -1.607687
v 0.267904 -0.954689 -1.367448
v 0.316099 0.824933 -1.825340
v 0.336815 1.135549 -1.887336
v 0.287792 4.232934 -2.042974
v 0.347793 2.272620 -2.186203
v 0.452007 -3.271665 1.545526
v 0.384971 -1.948729 1.341359
v 0.294909 -2.315097 1.244669
v 0.298016 -4.577483 1.113121
v 0.420273 -0.616150 0.386347
v 0.306873 -1.015368 -0.806945
v 0.281313 -3.150165 -0.655879
v 0.306171 -2.865394 -1.091005
v 0.532929 2.267615 -1.795102
v 0.283776 3.870273 -1.912545
v 0.348224 4.343633 -1.984332
v 0.207434 0.614183 -3.239120
v 0.432835 2.043681 -3.389913
v 0.431929 -4.265816 2.373672
v 0.381807 -4.281433 2.141304
v 0.335967 -3.835826 0.834444
v 0.318681 -2.863227 -0.198750
v 0.514306 -4.545435 0.049898
v 0.366976 1.715309 -1.282814
v 0.294950 4.544499 -1.518704
v 0.443109 4.685329 -1.764513
v 0.389140 3.878687 -1.958562
v 0.291753 0.670388 -2.114348
v 0.234090 0.713778 -2.263010
v 0.355150 4.107756 -2.879230
v 0.423400 -3.904897 1.852900
v 0.593594 0.761214 0.830350
v 0.320001 3.696220 0.650578
v 0.421417 -4.198479 -0.216535
v 0.516059 3.816489 -1.505078
v 0.396594 1.104812 -1.693207
v 0.488541 2.025908 -1.805835
v 0.429088 4.156254 -3.150014
v 0.280352 1.304896 -3.268554
v 0.443733 1.254442 -3.555444
v 0.421910 -4.006936 2.716821
v 0.458832 -1.293925 1.957618
v 0.313445 -4.212434 1.724241
v 0.307059 -4.366528 1.285881
v 0.468237 -3.921692 0.374453
v 0.388769 1.233167 -1.647401
v 0.423781 4.489312 -1.898604
v 0.374751 2.674895 -2.155437
v 0.524602 1.719921 -2.502462
v 0.355920 1.227775 -2.714491
v 0.330735 1.236007 -3.060184
v 0.504676 2.452760 -3.364163
v 0.362448 -1.299939 1.732612
v 0.641458 -0.067058 1.769716
v 0.590576 1.792884 -0.184743
v 0.393758 -0.630332 -0.495962
v 0.334665 1.464170 -1.581635
v 0.350997 1.275675 -2.456418
v 0.357626 1.838819 -2.416512
v 0.399832 3.982689 -3.413614
v 0.707734 2.196146 2.881012
v 0.738788 3.613292 1.095701
v 0.497825 3.066208 -0.325359
v 0.422647 1.171546 -2.558020
v 0.483069 2.917270 -2.632548
v 0.323578 3.044857 -3.160496
v 0.428784 1.668409 -3.257995
v 0.664464 3.534622 2.111178
v 0.780955 3.551913 1.840775
v 0.378343 -3.784378 0.950771
v 0.734977 3.532723 0.605668
v 0.661121 3.398564 0.231762
v 0.448684 1.532634 -0.813304
v 0.381385 3.596194 -2.031719
v 0.391867 4.246963 -2.172196
v 0.381527 2.773632 -3.091701
v 0.796609 3.284977 2.386712
v 0.409967 -4.444107 1.890829
v 0.522004 -0.392492 0.700165
v 0.547820 3.118045 -2.706118
v 0.544312 2.768715 -3.278212
v 0.559486 -2.239637 2.855324
v 0.883181 -3.846429 2.869444
v 0.589813 -3.874223 2.768410
v 0.711027 3.030707 2.660511
v 0.510397 -1.463813 2.309497
v 0.498779 -3.523519 1.690196
v 0.513335 -3.450708 1.455166
v 0.511330 -3.918635 1.230779
v 0.515235 0.516883 0.638517
v 0.340396 -0.174462 -0.622287
v 0.505424 1.252457 -1.506681
v 0.641087 2.468597 -1.780476
v 0.390197 4.008636 -1.910118
v 0.520390 3.940396 -2.107036
v 0.414733 1.365435 -2.154493
v 0.496938 1.425892 -2.372449
v 0.381755 3.304322 -2.725598
v 0.488636 1.279334 -3.424864
v 0.526256 3.751742 -3.578068
v 0.539295 -1.656951 2.396714
v 0.475221 -2.105180 1.412747
v 0.600922 1.066872 0.902555
v 0.459835 -0.490585 -0.085248
v 0.644233 -4.075836 0.115656
v 0.419012 1.292975 -3.170233
v 0.360907 1.445838 -3.240720
v 0.469678 -1.021964 2.668803
v 0.552392 0.038600 2.144513
v 0.442870 -4.107192 1.525344
v 0.753495 -1.580673 1.390805
v 0.685236 1.628271 0.842692
v 0.517988 0.241153 0.418049
v 0.416948 -0.020623 -0.198531
v 0.631294 4.641605 -1.716799
v 0.525949 4.196554 -2.145026
v 0.517550 1.607463 -2.681798
v 0.538372 2.821296 -2.936431
v 0.589258 3.914685 -3.449687
v 0.669365 3.618811 -3.500055
v 0.479392 -1.310206 2.512174
v 0.536884 -1.362686 2.359202
v 0.561578 -1.361821 2.246322
v 0.575178 -4.583732 1.599076
v 1.051211 -2.109824 1.059516
v 0.521562 -3.793610 1.012428
v 0.805951 3.968065 -1.622685
v 0.553865 1.690043 -1.631973
v 0.484969 1.440950 -2.122097
v 0.463696 1.517921 -2.875742
v 0.622243 2.579622 -3.130377
v 0.569731 -3.757774 1.547288
v 0.519130 -0.242680 0.224951
v 0.563784 1.995776 -0.782320
v 0.699276 2.600091 -1.720764
v 0.538121 1.549337 -1.993999
v 0.658034 2.073453 -2.261111
v 0.501850 2.229851 -3.287028
v 0.493917 -1.203392 2.319473
v 0.533482 -3.644349 1.270039
v 0.748683 3.613420 1.477611
v 0.614291 -4.735123 1.267891
v 0.571910 4.426870 -1.703929
v 0.609278 -0.995109 2.319059
v 0.516823 -3.751603 1.070337
v 0.496196 4.035767 -2.980329
v 0.634376 3.757856 -3.050524
v 0.670096 0.049713 2.121579
v 0.646707 4.394132 -2.126230
v 0.610895 2.259200 -2.253966
v 0.545809 1.806312 -2.929108
v 0.707404 -1.187635 2.180648
v 1.052339 -4.689212 1.647305
v 0.598355 3.727209 0.955716
v 0.465066 -3.941229 0.134067
v 0.761764 3.170189 -3.001815
v 0.607994 4.171580 -3.426806
v 0.568528 -2.231063 1.555775
v 0.759735 -2.083249 1.185184
v 0.563210 2.731712 -0.529177
v 0.591005 1.653639 -1.748287
v 0.549788 2.716227 -2.027058
v 0.599371 1.626467 -2.809368
v 0.650825 3.923049 -3.016005
v 0.975497 -2.761603 1.742481
v 0.717925 -2.261234 1.297423
v 0.707641 3.083592 -0.080907
v 0.903543 4.505711 -1.972752
v 0.738046 3.580950 -2.059001
v 0.713189 4.356722 -2.334564
v 0.555607 1.872481 -3.075952
v 0.647365 4.031513 -3.163017
v 0.908071 4.378638 -2.082732
v 0.608513 3.155480 -2.062735
v 0.737861 3.216829 -2.681298
v 0.790282 3.621902 -2.935899
v 0.802200 -1.496794 2.235301
v 0.873770 -4.786654 0.893575
v 0.623358 -0.025179 0.693919
v 0.869673 1.976815 0.578836
v 0.714561 -2.338316 -0.662681
v 0.659657 1.878178 -1.953673
v 0.590556 2.254373 -3.036726
v 0.949094 3.928395 -3.468024
v 0.716471 1.377947 2.886225
v 0.622118 -0.179811 1.078192
v 0.613397 0.387674 0.776176
v 0.752247 4.613767 -2.308419
v 0.766695 2.233162 -2.496983
v 0.725298 2.567807 -2.474343
v 0.685970 2.706140 -2.939119
v 0.694865 2.475041 -2.886531
v 0.713888 2.374588 -3.220727
v 0.780853 -1.012966 2.488669
v 0.915201 -3.167230 1.648571
v 0.807746 -3.918988 0.581706
v 0.700819 -4.631806 0.306893
v 0.616370 -2.417080 -0.645331
v 0.692841 1.739535 -1.702793
v 0.860523 2.805789 -2.970814
v 0.732162 3.744939 -3.347763
v 0.830544 -1.454118 1.791865
v 0.726956 -0.020835 1.442631
v 0.781993 2.010662 0.183416
v 0.877689 -4.430469 0.318389
v 0.749241 2.808614 -1.670419
v 0.685364 1.909460 -1.625428
v 0.793831 2.162325 -1.575616
v 0.758345 3.969522 -3.038640
v 0.721423 0.594638 2.676295
v 0.978881 2.692755 2.610880
v 0.686392 0.368258 2.518653
v 1.165309 -4.502288 2.066078
v 0.685032 0.286469 0.977600
v 0.920678 3.407858 0.833664
v 0.811369 2.575572 -0.203782
v 0.788751 -2.603403 -0.499152
v 0.783891 1.946117 -1.702325
v 0.629762 1.952182 -2.131532
v 0.856142 3.511828 -3.190005
v 0.874681 -2.059798 2.665003
v 0.717003 -1.574152 2.493347
v 0.847145 -1.056067 2.281218
v 0.677362 0.015673 1.024305
v 0.810365 -2.504112 -0.623009
v 0.832822 2.713114 -2.039296
v 0.887062 -2.450378 1.447419
v 0.702088 -2.455011 -0.166865
v 0.727008 2.098222 -0.270818
v 0.738625 3.237916 -1.895964
v 0.945558 3.364121 2.068471
v 1.109951 -3.721925 1.166670
v 0.847270 0.232546 1.013107
v 0.751159 -2.326581 -0.402354
v 0.842916 3.004864 -1.937495
v 0.769208 3.572275 -3.395315
v 0.923752 2.377149 2.711479
v 0.779642 2.077078 -1.904035
v 0.825225 2.268490 -2.767277
v 0.896903 3.935903 -3.001205
v 0.920664 -1.046365 2.553413
v 0.957185 -4.171041 0.415103
v 0.805142 -2.262870 0.025098
v 0.769116 3.402228 -2.001610
v 0.885947 3.901389 -2.134063
v 0.774579 -2.228446 2.885828
v 0.806030 0.264278 2.574488
v 0.900779 3.572964 1.356980
v 0.909554 3.147214 0.342006
v 0.938087 2.571956 -1.555314
v 0.881983 3.474376 -1.929810
v 0.932261 0.936176 2.654698
v 0.823098 0.350308 2.696187
v 0.894012 -0.093222 2.251057
v 0.952586 3.470381 1.745540
v 1.037583 3.357627 1.259154
v 1.226450 -3.402803 1.523263
v 0.912493 -2.256592 1.105819
v 0.862594 1.506027 1.019334
v 0.934399 -2.307716 0.267118
v 0.901247 -2.651730 -0.029723
v 0.958975 4.814129 -2.397472
v 0.936917 3.553048 -2.667746
v 0.861868 3.668890 -3.186451
v 0.839137 0.260715 2.687599
v 0.806235 -2.533032 0.268374
v 1.213422 3.994145 -1.697387
v 0.841808 2.428972 -1.946983
v 1.176544 -3.603266 2.873356
v 0.933531 0.187031 2.880835
v 0.930241 1.319475 2.706249
v 1.045857 2.999050 2.336475
v 0.804286 -1.696288 2.571297
v 0.932908 -1.338137 2.328215
v 0.909901 -0.133154 2.024582
v 0.790068 0.424083 1.198682
v 0.871789 0.763934 1.291497
v 1.004843 -4.000857 0.602267
v 0.969410 3.240983 -1.925917
v 0.976933 3.205794 -2.628859
v 0.949418 2.479159 -2.677221
v 1.136381 -2.487203 2.718004
v 1.099472 0.814390 2.886607
v 0.948089 -1.941596 2.722003
v 0.982205 -0.047784 2.599486
v 0.857115 -2.385147 1.675220
v 0.931165 2.314306 0.365049
v 0.890878 2.443233 0.113526
v 0.981931 1.784251 2.699512
v 1.250677 -4.150434 2.515611
v 1.063899 -1.217325 2.610028
v 0.933787 -1.928698 2.268759
v 1.293342 -3.083371 1.741203
v 1.065077 0.335229 1.428841
v 1.055360 3.408349 -1.576337
v 0.897610 2.219253 -1.660186
v 0.970361 3.415201 -2.151318
v 0.924571 0.633445 1.835517
v 0.907598 0.466436 1.855049
v 0.852862 0.084869 1.228970
v 0.886425 0.502583 1.537750
v 0.907032 -4.579184 0.486614
v 1.066659 -2.712029 0.006392
v 0.968714 4.505198 -1.845663
v 1.048099 3.514418 -2.006032
v 0.921208 3.762969 -2.867568
v 0.973310 2.727724 -2.830944
v 1.041735 3.877409 -3.057259
v 1.142789 3.588395 -3.092074
v 1.198282 3.958620 -3.325819
v 0.975962 -0.735343 2.712420
v 0.928337 3.873706 -2.056440
v 0.967413 2.743947 -2.556349
v 0.931488 -0.906111 2.716746
v 0.933833 -0.971132 2.323906
v 1.045804 -1.003572 2.233907
v 1.249693 -2.131610 1.030768
v 0.997259 4.040230 -2.170371
v 0.989826 3.467978 -2.464828
v 1.036310 3.845521 -2.849104
v 1.011701 -0.949898 2.697344
v 1.282381 1.708872 0.957355
v 0.997327 2.088695 0.674704
v 0.972575 3.690484 -1.973375
v 1.059573 4.804520 -2.370048
v 1.001921 3.682235 -2.685063
v 1.129045 1.421409 2.361938
v 0.963323 -0.818692 2.576126
v 0.994165 -0.865199 2.509602
v 1.094213 -0.857424 2.314465
v 1.033698 -2.012541 2.183987
v 0.967011 1.135628 1.277709
v 1.034036 3.126102 0.738602
v 1.139588 -2.515988 -0.149361
v 1.052370 3.614174 -2.056691
v 1.030975 4.235384 -2.167665
v 1.170125 -2.914549 2.901234
v 1.073301 -0.815756 2.440675
v 1.130382 1.204584 2.485645
v 1.183105 -2.064484 1.981377
v 1.020303 -2.475162 1.136715
v 1.017475 -2.446574 1.002987
v 0.979649 -2.653986 0.530548
v 1.102798 2.462200 0.730002
v 1.046480 2.886685 -1.581368
v 1.162767 2.979724 -2.830899
v 1.156169 1.987959 2.538915
v 1.076902 0.529151 1.920449
v 1.113234 0.274271 1.779073
v 1.054735 -2.533028 1.038725
v 0.991247 2.640473 -1.743269
v 1.102000 3.001196 -1.716102
v 1.123375 3.708468 -2.034940
v 1.111224 3.976370 -2.190993
v 1.124598 1.817532 2.465128
v 1.084491 3.213007 1.835056
v 1.023294 -2.507673 0.924883
v 1.157725 3.819245 -2.104425
v 1.049701 4.419706 -2.353263
v 1.121540 -1.725362 1.721940
v 1.377018 -3.026296 1.816843
v 1.067461 -2.561410 0.843778
v 1.069394 -4.564237 0.687901
v 1.107788 3.530562 -2.808172
v 1.043944 -2.410462 0.685052
v 1.297841 -2.512333 0.194640
v 1.076036 3.216611 -1.795858
v 1.147273 2.414626 2.624660
v 1.174443 -1.861581 2.296154
v 1.186898 -1.008341 2.248935
v 1.141850 1.089024 1.369934
v 1.135045 -2.346967 0.816701
v 1.074856 -2.343710 0.429743
v 1.190317 3.453544 -2.809251
v 1.169309 -0.910923 2.607246
v 1.145931 -2.221068 2.568881
v 1.272282 -1.591261 2.363431
v 1.091364 -2.488414 1.798988
v 1.262032 -2.275748 0.762752
v 1.258995 -4.585334 1.101177
v 1.121030 -2.862753 0.610774
v 1.310704 -2.935681 0.447405
v 1.193747 4.224105 -2.058371
v 1.170074 3.354002 -3.062981
v 1.401245 -1.734797 2.747912
v 1.163586 1.695796 2.336530
v 1.243089 2.703874 2.319577
v 1.344550 1.486068 1.164645
v 1.282591 2.056889 0.825960
v 1.329434 3.793944 -1.902277
v 1.579497 0.200740 2.851565
v 1.280932 -0.173001 2.247855
v 1.219955 2.792479 1.573661
v 1.165035 -2.263632 2.519873
v 1.170380 -2.331282 2.001833
v 1.186717 -2.563312 1.928972
v 1.173280 -2.431897 1.827771
v 1.192452 0.049690 1.788395
v 1.129485 -2.580870 1.593372
v 1.182228 3.945671 -3.184566
v 1.481769 -2.299313 2.735784
v 1.250660 1.789808 2.360245
v 1.229149 2.876474 1.819225
v 1.185691 -2.658157 1.722888
v 1.260611 -1.921864 1.380506
v 1.180900 -2.748622 1.342351
v 1.305471 -1.029526 2.389286
v 1.356493 -1.873237 2.266083
v 1.190127 -2.397012 2.150723
v 1.367299 -4.419419 2.086050
v 1.201047 -2.613835 1.790702
v 1.386530 -4.550716 1.594455
v 1.137416 -2.334849 0.331603
v 1.243967 3.435784 -1.524775
v 1.219790 3.474143 -2.948553
v 1.490692 -0.053858 2.633461
v 1.267011 -2.291773 2.329784
v 1.282127 -2.502982 2.291299
v 1.285206 1.609668 2.205401
v 1.233049 -1.964312 2.135426
v 1.325331 0.589945 1.983358
v 1.203899 -2.667907 1.462871
v 1.322623 4.052189 -1.994645
v 1.273382 2.437487 2.760026
v 1.378077 -0.964482 2.549989
v 1.228630 -2.353174 2.220348
v 1.280982 2.476851 1.590174
v 1.189712 2.664245 1.071487
v 1.204011 -4.096868 0.762800
v 1.472546 -3.963063 2.508914
v 1.340819 2.136231 2.824589
v 1.308744 1.191714 2.556186
v 1.222772 -2.484734 1.742820
v 1.378117 4.283593 -1.894954
v 1.447742 0.299354 1.999678
v 1.380842 -3.818238 1.175789
v 1.258348 -2.800235 1.001857
v 1.365485 3.489868 -1.434281
v 1.325280 -3.206562 2.859624
v 1.416879 -2.791444 2.545871
v 1.510817 1.954223 2.841209
v 1.326678 -2.272428 2.406773
v 1.430673 2.805756 2.208235
v 1.393188 2.823233 1.700663
v 1.431160 -2.192401 1.406384
v 1.354228 -2.276599 0.307966
v 1.400978 -2.743036 2.157988
v 1.282279 -2.767176 1.272633
v 1.282637 -2.899814 0.850005
v 1.449253 -0.954696 2.658577
v 1.505140 2.700685 2.675115
v 1.405522 -2.693768 1.700877
v 1.395277 -2.117825 1.239759
v 1.277295 -4.349974 0.856285
v 1.362021 3.597064 -1.674043
v 1.412332 4.271607 -1.683903
v 1.221905 -2.811284 1.181079
v 1.322699 2.404066 1.037028
v 1.410734 -2.297278 0.805746
v 1.372236 -1.742118 2.375930
v 1.468960 3.776022 -1.491760
v 1.538520 0.751324 2.817882
v 1.312754 0.423722 2.094373
v 1.428965 2.479561 1.682217
v 1.434423 1.945381 1.094071
v 1.544414 -3.039971 0.793075
v 1.494876 -2.273866 0.647257
v 1.556709 -1.463269 2.666812
v 1.651446 1.673085 2.276881
v 1.377316 0.055845 2.189922
v 1.428556 -2.368122 2.243086
v 1.420564 2.160877 1.512714
v 1.341034 0.203013 1.816161
v 1.578655 -2.117953 1.661913
v 1.425183 4.000177 -1.842978
v 1.621177 1.524523 2.209184
v 1.480345 0.054158 2.295942
v 1.399455 0.344831 2.302500
v 1.405448 0.071125 2.016073
v 1.426960 -2.749773 0.259180
v 1.558295 -0.936411 2.381613
v 1.395559 -2.885040 1.945790
v 1.486105 -3.527997 1.544134
v 1.502656 -2.807528 1.512210
v 1.531730 2.525695 2.853500
v 1.634754 -0.893473 2.712448
v 1.548707 1.214984 2.442530
v 1.575120 -1.024592 2.250690
v 1.470905 1.009442 1.966128
v 1.475297 1.609801 1.595104
v 1.428488 1.136681 1.540164
v 1.738543 1.716121 2.599326
v 1.496156 -2.217267 2.355069
v 1.537215 -3.200680 1.909603
v 1.517368 2.574729 1.863551
v 1.519830 -4.370448 1.485898
v 1.580609 -2.405544 0.869601
v 1.575076 -2.458699 0.546378
v 1.660496 -2.934011 0.572438
v 1.518216 3.798443 -1.641862
v 1.558370 4.017325 -1.630022
v 1.501277 -1.985117 2.321145
v 1.914347 1.725212 1.625948
v 1.507015 -1.972534 2.691075
v 1.571566 -3.373509 2.553173
v 1.671839 -3.796631 2.286182
v 1.477135 -1.768178 2.469373
v 1.580404 -4.163724 2.155877
v 1.606436 0.821235 2.144479
v 1.667090 -2.748917 1.604575
v 1.701005 -2.961134 1.177111
v 1.584340 -2.180448 1.195166
v 1.579207 -1.379724 2.361530
v 1.788787 -2.320534 2.771937
v 1.804373 2.831351 2.416023
v 1.645676 -3.274341 2.211890
v 1.805348 2.752447 2.056894
v 1.717476 -2.390919 2.654141
v 1.564034 -2.152426 2.450113
v 1.813427 1.569197 1.664726
v 1.496044 -4.063684 1.226160
v 1.646393 0.568161 2.853973
v 1.570575 -0.698508 2.755202
v 1.721448 -1.118444 2.644777
v 1.592049 0.742852 2.773270
v 1.654609 1.060058 2.419721
v 1.686527 2.240725 1.749015
v 1.629556 -2.565912 0.281923
v 1.672190 0.662754 2.432178
v 1.721570 -2.351446 1.945678
v 1.731491 -2.436503 2.801921
v 1.773443 1.544121 2.118571
v 1.599710 -3.541466 1.745336
v 1.662890 -3.779007 1.799223
v 1.722753 -2.335175 1.272041
v 1.916152 2.696903 2.809926
v 1.737470 -1.076729 2.448376
v 1.644452 -2.544499 1.866197
v 1.637924 -4.203903 1.844470
v 1.685122 0.547360 2.735049
v 1.624375 -4.025920 1.779193
v 1.851768 -2.382431 1.125812
v 1.739511 -2.456126 0.693670
v 1.662022 -2.740061 0.416347
v 2.018063 2.497863 1.897302
v 1.925459 -2.605624 0.642933
v 1.697940 0.218456 2.668594
v 1.741415 1.228069 1.974115
v 1.842072 1.540103 2.304558
v 1.877704 2.092863 1.677258
v 1.889091 -2.816187 1.026091
v 1.923797 1.934766 2.850139
v 1.878599 -2.645623 1.404111
v 1.836241 -2.342420 1.551392
v 1.810725 1.563181 2.655887
v 1.850563 1.571064 1.890979
v 1.917273 -2.360695 1.330369
v 2.082138 1.595043 2.763104
v 1.960409 1.504562 2.720664
v 2.037965 1.581137 2.346851
v 2.174564 2.413943 2.690326
v 2.154479 2.625590 2.161786
v 1.933102 1.437225 2.489032
v 2.023788 1.865976 1.790913
v 2.085926 1.793265 2.498717
v 2.229381 2.645523 2.335132
v 2.038922 1.934564 1.960614
v 2.193739 2.110796 1.761605
v 2.150603 1.525984 2.516804
v 2.226570 2.620809 1.852598
v 2.204075 2.352918 1.792852
v 2.238160 2.123805 2.620305
v 2.219009 1.961666 2.417505
v 2.296393 2.311865 1.900225
v 2.284523 2.347506 2.171614
v 2.441117 2.400194 2.004000
v 2.452866 2.578610 1.998002
v 2.429698 2.498506 1.834959
v -1.970907 -2.102321 2.656489
v -1.333871 0.783354 -1.934866
v -0.726950 2.370182 -1.493747
v -0.723384 0.812953 -3.374534
v -0.301985 2.225984 -1.661796
v 0.184306 0.704714 0.471271
v 0.505878 -1.102335 2.595630
v 0.552339 -0.890574 2.609263
v 0.970015 -2.617468 1.589730
v 1.027951 -2.069628 2.677709
v 1.095555 -2.666008 1.432320
v 1.168065 -2.620956 1.538023
v 1.198303 -2.709173 1.389508
v 1.195789 -2.518864 1.690676
v 1.211348 -2.563823 1.622819
v 1.303503 -2.699552 1.572810
v 1.314643 -2.760244 1.491920
v 1.402264 -2.768033 1.553869
vn -0.9983 0.0411 -0.0411
vn -0.8087 -0.1183 -0.5763
vn -0.5851 0.6864 0.4319
vn -0.5859 -0.8100 0.0243
vn -0.1786 -0.0583 0.9822
vn -0.0409 -0.5406 0.8403
vn -0.8813 0.0931 -0.4632
vn -0.9635 0.1138 0.2422
vn -0.9057 -0.4238 0.0096
vn -0.6888 -0.0323 -0.7242
vn -0.5747 0.8179 -0.0277
vn -0.1457 0.2618 0.9541
vn -0.5579 -0.5737 -0.5997
vn -0.6063 0.2163 -0.7653
vn 0.0247 -0.6459 0.7631
vn -0.1842 0.7789 0.5994
vn -0.4549 -0.8787 0.1450
vn -0.8006 -0.1414 -0.5823
vn 0.5684 0.3206 0.7577
vn -0.6257 -0.7800 0.0118
vn -0.7744 -0.3328 -0.5380
vn -0.6837 -0.4540 -0.5714
vn 0.3182 0.7665 0.5579
vn 0.2131 -0.8223 -0.5277
vn -0.7920 0.2832 -0.5408
vn 0.8594 0.5000 -0.1069
vn 0.2473 -0.8493 0.4665
vn -0.9328 0.1694 0.3182
vn 0.2752 0.9581 -0.0799
vn -0.5923 -0.0490 -0.8042
vn -0.2234 -0.9487 0.2239
vn 0.3587 -0.8271 0.4327
vn -0.9332 -0.2074 0.2935
vn -0.9417 0.1658 -0.2926
vn -0.9009 0.2255 -0.3707
vn -0.9603 0.1611 -0.2280
vn -0.8424 -0.5062 0.1847
vn -0.7682 -0.1925 -0.6106
vn -0.6366 -0.5245 -0.5653
vn -0.9535 -0.2738 0.1259
vn -0.8848 0.3746 -0.2773
vn -0.1756 -0.5436 -0.8208
vn -0.4399 -0.7178 0.5397
vn -0.8632 -0.5008 -0.0631
vn -0.5390 0.5410 -0.6456
vn 0.0205 -0.3867 0.9220
vn -0.6960 0.2305 0.6800
vn -0.9473 0.0988 -0.3048
vn 0.2857 -0.8494 -0.4438
vn -0.4771 -0.1527 0.8655
vn -0.9596 0.1486 0.2391
vn -0.2660 -0.5724 0.7756
vn -0.8824 0.3516 0.3125
vn -0.9056 0.2726 -0.3249
vn -0.2924 0.7392 0.6067
vn 0.5389 -0.8411 0.0461
vn 0.0086 -0.6499 -0.7600
vn -0.9704 0.2414 -0.0035
vn -0.8887 -0.4561 0.0480
vn 0.4326 0.3716 0.8214
vn -0.9650 0.2187 -0.1447
vn -0.6374 0.4968 -0.5890
vn -0.0236 -0.9964 0.0813
vn -0.5829 0.2074 -0.7856
vn -0.5998 -0.4708 -0.6470
vn -0.9040 0.4094 0.1234
vn -0.8626 0.1492 -0.4833
vn -0.6827 -0.6586 0.3164
vn -0.8819 0.0246 -0.4709
vn -0.5837 -0.1256 -0.8022
vn -0.9606 0.0163 -0.2774
vn 0.5204 -0.4544 -0.7230
vn -0.7019 -0.1778 0.6897
vn -0.1542 0.0014 0.9880
vn -0.6838 0.4748 -0.5541
vn -0.7753 -0.0669 -0.6280
vn -0.6147 0.6898 0.3826
vn -0.8419 0.3291 0.4276
vn -0.3071 0.5449 -0.7802
vn -0.2717 0.4554 0.8478
vn 0.3929 0.9020 0.1786
vn -0.9842 0.1426 -0.1050
vn -0.9446 0.0343 -0.3264
vn -0.2324 -0.7990 -0.5546
vn -0.6042 -0.0802 -0.7928
vn -0.6276 0.1231 -0.7687
vn -0.9234 0.3142 -0.2206
vn -0.0661 0.8668 0.4942
vn -0.9217 0.1589 -0.3538
vn -0.9982 -0.0023 0.0606
vn -0.7767 -0.2278 0.5872
vn -0.2306 0.0719 -0.9704
vn 0.0780 -0.5109 0.8561
vn -0.7975 -0.1346 -0.5881
vn -0.8715 -0.1975 0.4489
vn -0.7675 0.0906 -0.6346
vn -0.9179 -0.3962 -0.0218
vn -0.6742 -0.4024 0.6194
vn -0.8262 0.5352 0.1763
vn -0.7672 0.0803 -0.6364
vn -0.6942 -0.7197 0.0071
vn -0.8752 -0.2186 -0.4317
vn -0.9901 -0.0982 -0.1001
vn -0.6372 0.4818 -0.6016
vn -0.8288 0.0372 -0.5582
vn -0.8937 0.4246 0.1450
vn -0.7155 0.5615 0.4156
vn 0.3793 0.0884 0.9211
vn -0.1555 0.3823 0.9109
vn 0.5867 0.3266 0.7410
vn -0.2929 -0.3899 0.8730
vn -0.9233 0.2803 0.2626
vn -0.9525 0.1298 -0.2756
vn -0.9324 0.3153 0.1766
vn 0.2481 0.5432 -0.8021
vn -0.7031 0.4081 0.5824
vn -0.8989 -0.2522 -0.3583
vn -0.7669 0.6160 0.1801
vn -0.8086 0.5596 -0.1817
vn -0.9289 0.0366 -0.3685
vn -0.8004 -0.2964 -0.5211
vn -0.9784 0.0614 -0.1972
vn -0.9315 0.2366 -0.2764
vn -0.9380 -0.0050 -0.3466
vn -0.8669 0.4704 0.1648
vn -0.5152 -0.0309 0.8565
vn -0.7782 0.0732 -0.6237
vn -0.7334 -0.4528 -0.5071
vn -0.9932 0.1013 -0.0576
vn -0.9992 0.0193 0.0349
vn -0.9510 -0.1747 -0.2549
vn -0.8080 -0.0039 0.5892
vn -0.8986 0.4367 0.0423
vn -0.8874 0.4608 0.0136
vn -0.2260 -0.9741 0.0023
vn 0.0443 0.9022 -0.4290
vn -0.3826 -0.8883 0.2541
vn -0.3967 0.1844 -0.8992
vn -0.7141 0.5439 -0.4408
vn -0.2780 0.8658 0.4160
vn -0.9381 -0.3150 0.1439
vn -0.6741 -0.5909 -0.4432
vn -0.9889 0.1434 -0.0387
vn -0.8935 0.3705 -0.2539
vn -0.9995 -0.0147 -0.0290
vn -0.9963 0.0863 0.0014
vn -0.8863 0.3772 -0.2686
vn -0.9972 -0.0223 0.0717
vn 0.1492 -0.7931 0.5905
vn -0.8315 0.4080 -0.3771
vn -0.9263 -0.3247 -0.1909
vn -0.9561 -0.2244 0.1886
vn -0.9648 -0.1808 0.1912
vn -0.9967 -0.0784 0.0205
vn -0.9402 -0.2835 -0.1888
vn -0.7661 -0.1682 -0.6203
vn -0.9840 0.0917 -0.1528
vn -0.8844 -0.4268 0.1888
vn -0.9981 -0.0582 0.0198
vn -0.9925 0.1205 -0.0229
vn -0.9732 0.2009 0.1115
vn -0.8736 0.4358 -0.2166
vn -0.9587 -0.2695 -0.0907
vn -0.9910 -0.0468 0.1254
vn -0.7120 0.1211 -0.6917
vn 0.7434 0.3069 -0.5944
vn -0.9723 0.0970 -0.2127
vn -0.8524 -0.2790 -0.4422
vn -0.7432 0.6305 -0.2241
vn -0.8635 -0.5043 -0.0022
vn -0.9522 -0.3056 -0.0039
vn -0.8595 0.4955 -0.1252
vn -0.8760 0.2793 0.3932
vn -0.7444 -0.2872 -0.6028
vn -0.4461 0.5749 -0.6859
vn -0.3365 0.1781 -0.9247
vn -0.6687 -0.1299 -0.7321
vn -0.8780 0.3876 -0.2807
vn -0.9218 0.3691 -0.1184
vn -0.8743 -0.4216 0.2406
vn -0.8333 -0.5409 0.1141
vn -0.7897 -0.5908 -0.1651
vn -0.8657 -0.2714 0.4206
vn -0.7236 0.4659 -0.5093
vn -0.8193 -0.3495 -0.4545
vn -0.8444 0.2588 -0.4691
vn 0.1254 -0.9919 0.0204
vn -0.2056 -0.6551 0.7270
vn -0.7556 0.4673 0.4590
vn -0.7039 0.6361 -0.3160
vn -0.7946 -0.6067 0.0217
vn -0.3663 0.1944 -0.9100
vn -0.9959 0.0590 0.0690
vn -0.9769 -0.1618 0.1399
vn -0.7567 -0.6505 -0.0659
vn -0.8098 -0.0165 0.5865
vn -0.7632 -0.5896 -0.2645
vn -0.6325 -0.0132 -0.7745
vn -0.7796 0.4840 -0.3974
vn -0.9257 0.0889 0.3676
vn -0.6313 -0.7615 -0.1469
vn -0.9496 0.1599 -0.2696
vn -0.7307 0.5739 -0.3697
vn 0.0969 -0.9796 0.1761
vn -0.5276 0.1172 0.8414
vn -0.6297 -0.6739 -0.3865
vn -0.7174 0.6680 -0.1977
vn -0.9923 -0.0171 0.1224
vn -0.8609 -0.4165 0.2922
vn -0.7800 -0.5474 0.3031
vn -0.6547 0.6989 -0.2879
vn -0.6328 -0.4879 0.6013
vn 0.0087 -0.9389 -0.3441
vn -0.8801 0.4516 -0.1468
vn -0.7996 0.3320 0.5004
vn -0.7630 0.5733 -0.2985
vn 0.3164 -0.6909 -0.6500
vn -0.4732 -0.7211 -0.5060
vn -0.8354 0.0308 0.5489
vn -0.9368 0.3498 -0.0049
vn -0.4934 -0.8665 -0.0762
vn -0.7217 0.6461 -0.2483
vn -0.8960 -0.3426 0.2823
vn -0.5624 0.6821 -0.4674
vn -0.7588 -0.5160 0.3976
vn -0.8979 0.4177 -0.1386
vn -0.7386 0.6349 0.2268
vn -0.7402 0.2542 0.6225
vn -0.8556 0.4123 0.3129
vn 0.0940 -0.9675 -0.2347
vn -0.7417 -0.4246 -0.5193
vn -0.6004 0.7936 -0.0983
vn -0.4189 -0.5305 -0.7370
vn -0.6823 0.6774 -0.2750
vn -0.6904 0.6060 -0.3952
vn -0.7169 -0.5170 -0.4677
vn -0.0592 -0.5402 -0.8395
vn 0.4800 -0.2915 0.8274
vn -0.8025 -0.5923 0.0725
vn -0.5259 0.7478 -0.4053
vn -0.8816 0.4638 0.0870
vn 0.1884 -0.4780 -0.8579
vn -0.6471 -0.4323 0.6280
vn -0.5174 -0.2825 -0.8077
vn -0.1054 -0.6446 0.7572
vn -0.0960 -0.1016 0.9902
vn -0.2572 0.1544 0.9539
vn -0.4481 -0.7394 0.5025
vn -0.4311 0.8185 -0.3799
vn -0.6751 -0.6400 0.3670
vn -0.8274 0.5211 -0.2095
vn -0.5815 -0.7210 0.3768
vn 0.6984 -0.3049 -0.6475
vn -0.6632 0.7456 0.0658
vn -0.9022 0.3056 -0.3045
vn -0.5008 -0.4886 0.7145
vn -0.6048 0.6218 -0.4976
vn -0.6136 0.2798 -0.7384
vn -0.8533 0.5188 0.0518
vn -0.9254 0.3691 0.0866
vn -0.0782 0.2810 -0.9565
vn -0.8368 -0.4313 0.3373
vn -0.3197 0.9306 -0.1784
vn -0.6235 0.5850 -0.5187
vn -0.6111 0.3766 -0.6962
vn -0.7887 0.5902 -0.1723
vn -0.6134 -0.7553 0.2309
vn -0.5292 0.7719 -0.3523
vn -0.6069 -0.4177 -0.6761
vn -0.3986 -0.7480 -0.5307
vn -0.2572 0.3688 0.8932
vn -0.6167 0.6741 0.4066
vn -0.6134 0.6982 -0.3691
vn -0.5250 0.7895 0.3178
vn -0.7101 0.5465 -0.4439
vn -0.3808 -0.6438 0.6637
vn -0.5140 -0.8569 0.0391
vn 0.0120 -0.2958 -0.9552
vn 0.5379 -0.6391 0.5498
vn -0.4447 0.3842 -0.8091
vn -0.1429 0.2977 0.9439
vn -0.0743 0.0094 0.9972
vn -0.7985 -0.1329 0.5872
vn -0.6703 0.6953 -0.2595
vn -0.6907 -0.7180 -0.0855
vn -0.9345 0.0382 0.3539
vn -0.6715 0.3844 -0.6334
vn -0.7403 0.1476 -0.6558
vn -0.9869 0.1460 -0.0688
vn -0.0379 0.8227 0.5672
vn -0.0351 0.9508 -0.3078
vn -0.7350 -0.2300 0.6378
vn 0.2425 0.0263 -0.9698
vn -0.5951 -0.6851 0.4201
vn -0.7779 -0.2616 -0.5714
vn -0.5485 -0.7508 0.3680
vn -0.4525 -0.8043 0.3851
vn -0.4273 -0.7656 0.4809
vn -0.5044 0.8606 -0.0695
vn -0.5047 0.0165 0.8631
vn -0.8619 -0.3401 0.3761
vn -0.7303 0.6823 0.0344
vn -0.7974 -0.5952 -0.0998
vn 0.0088 -0.2988 0.9543
vn 0.3733 0.0357 0.9270
vn -0.6975 0.6617 0.2751
vn -0.9637 0.2235 0.1458
vn -0.7193 0.6013 -0.3478
vn -0.6956 0.5673 -0.4408
vn -0.7947 0.3998 0.4568
vn -0.5904 -0.7031 -0.3963
vn -0.9195 0.2799 0.2758
vn -0.8763 -0.4795 0.0461
vn 0.4606 0.4442 -0.7684
vn -0.7672 0.5238 -0.3702
vn -0.3916 -0.7824 0.4842
vn -0.8258 0.2197 0.5194
vn -0.7121 0.0104 -0.7020
vn -0.1343 0.6290 -0.7657
vn -0.6526 -0.5782 -0.4897
vn -0.7136 0.3228 -0.6218
vn -0.5992 0.3576 0.7163
vn -0.8732 0.4400 -0.2097
vn -0.7915 0.2505 0.5575
vn -0.5171 0.6431 0.5648
vn -0.7513 -0.1872 -0.6329
vn -0.9079 -0.3988 -0.1294
vn -0.7529 0.2156 -0.6219
vn -0.3948 -0.3256 0.8591
vn 0.7939 -0.1190 -0.5963
vn -0.3534 -0.8394 -0.4130
vn -0.4392 -0.4134 -0.7976
vn -0.9766 -0.0319 0.2125
vn -0.8798 0.4562 -0.1335
vn -0.8667 -0.4207 0.2682
vn -0.7286 -0.6562 -0.1963
vn -0.8983 0.4275 0.1020
vn -0.7156 -0.4123 -0.5638
vn -0.9787 0.1335 0.1562
vn -0.8980 0.3262 -0.2953
vn -0.1511 -0.8758 -0.4585
vn -0.3716 -0.8539 0.3643
vn -0.9739 0.2134 0.0776
vn -0.4275 0.8512 0.3045
vn -0.5584 -0.7017 -0.4424
vn -0.3793 0.1319 0.9158
vn -0.5381 0.4840 -0.6900
vn -0.4614 -0.5587 -0.6892
vn -0.8142 -0.5636 0.1396
vn 0.0939 0.1010 0.9904
vn -0.5451 -0.2658 0.7951
vn -0.7044 0.1044 0.7021
vn -0.5256 -0.7238 -0.4471
vn -0.7855 0.0935 -0.6118
vn -0.8279 -0.4202 0.3713
vn -0.6978 0.6560 -0.2877
vn -0.6405 -0.6680 -0.3788
vn -0.9077 0.3867 0.1630
vn -0.8021 -0.4645 -0.3753
vn -0.9177 -0.3918 -0.0657
vn -0.2894 0.2769 0.9163
vn -0.7649 -0.2532 0.5923
vn -0.4582 0.5353 0.7096
vn 0.2750 0.1457 -0.9503
vn -0.5647 0.8252 0.0068
vn -0.8548 0.0951 -0.5102
vn -0.0530 0.8767 -0.4782
vn 0.0360 0.1530 0.9876
vn -0.9028 0.3878 0.1861
vn -0.5312 0.2537 0.8084
vn -0.9171 -0.3721 -0.1430
vn 0.6257 -0.5586 0.5445
vn 0.5489 0.0097 -0.8358
vn -0.5899 0.6623 0.4619
vn -0.2862 -0.9573 0.0413
vn -0.4261 -0.9043 0.0259
vn -0.1986 -0.9554 -0.2185
vn -0.3229 -0.9435 -0.0744
vn -0.9494 -0.0402 -0.3116
vn -0.2176 0.9707 0.1017
vn -0.9581 -0.0580 0.2804
vn -0.8885 0.2208 -0.4023
vn -0.1402 -0.9095 -0.3913
vn -0.7147 0.2960 -0.6337
vn -0.8455 -0.0050 0.5339
vn -0.4592 0.0956 0.8832
vn -0.5613 -0.5453 0.6225
vn 0.4546 0.4484 -0.7696
vn -0.6539 0.7529 -0.0740
vn 0.0002 0.8395 -0.5434
vn -0.2341 -0.9719 0.0260
vn -0.7085 -0.2825 -0.6467
vn -0.7209 0.6877 0.0854
vn -0.1466 -0.9890 -0.0215
vn 0.0283 -0.4311 0.9019
vn 0.0408 -0.3998 0.9157
vn -0.0523 -0.0099 -0.9986
vn -0.7059 0.5317 -0.4679
vn -0.4356 0.7028 -0.5624
vn -0.7269 -0.4445 0.5235
vn -0.9752 0.2211 -0.0032
vn -0.1501 0.9487 0.2783
vn -0.7501 -0.4227 0.5087
vn -0.7397 0.4356 -0.5130
vn -0.0746 -0.0956 -0.9926
vn -0.6630 0.4597 -0.5908
vn 0.0077 -0.9998 -0.0206
vn -0.0819 0.8836 -0.4610
vn -0.4400 0.8224 -0.3607
vn -0.8975 0.2168 0.3841
vn 0.3239 0.3400 0.8829
vn 0.2280 0.0112 0.9736
vn -0.6898 -0.2768 -0.6690
vn -0.8999 0.4206 0.1156
vn -0.6508 0.6177 -0.4414
vn -0.9339 0.3112 -0.1761
vn -0.5696 -0.6426 0.5124
vn -0.3431 -0.8231 0.4525
vn -0.9305 -0.1790 0.3197
vn 0.0195 -0.2721 0.9621
vn -0.5969 0.6821 -0.4224
vn -0.7133 -0.1580 -0.6828
vn -0.2700 -0.8803 -0.3901
vn -0.8601 0.4884 -0.1476
vn -0.4395 -0.0063 0.8982
vn -0.4174 -0.3754 0.8276
vn -0.6773 0.2786 0.6809
vn -0.4676 -0.0093 0.8839
vn -0.3192 0.8365 0.4454
vn -0.8816 0.4719 -0.0057
vn -0.1905 0.9615 0.1978
vn -0.3329 0.3937 -0.8568
vn -0.0662 0.0811 -0.9945
vn -0.6497 -0.2554 -0.7160
vn -0.4686 0.8506 0.2385
vn -0.4872 -0.1016 0.8673
vn -0.0145 0.7216 0.6922
vn -0.8858 -0.3991 -0.2366
vn -0.9897 0.1352 0.0467
vn 0.0368 -0.8790 0.4753
vn 0.0540 -0.9932 0.1028
vn -0.2619 0.4975 -0.8270
vn 0.2390 -0.8233 -0.5148
vn 0.4296 -0.8908 -0.1481
vn 0.0970 -0.8028 -0.5883
vn -0.0966 -0.3612 -0.9275
vn -0.2261 -0.3338 -0.9151
vn -0.1637 0.1353 -0.9772
vn -0.6981 -0.6066 -0.3804
vn -0.2559 -0.8032 -0.5379
vn -0.4333 0.1181 -0.8935
vn -0.6254 0.7769 0.0726
vn 0.4770 0.5840 -0.6568
vn -0.8891 0.4133 -0.1967
vn -0.9915 -0.0745 -0.1066
vn -0.9584 -0.2560 0.1264
vn -0.2943 -0.9106 0.2902
vn -0.1466 0.6433 -0.7515
vn -0.8297 0.5490 -0.1015
vn -0.1516 0.3542 -0.9228
vn -0.4045 0.3884 0.8279
vn -0.6797 0.1616 -0.7154
vn -0.0181 -0.1552 -0.9877
vn -0.7032 0.7101 0.0360
vn -0.5310 0.4181 -0.7371
vn -0.4267 0.7445 -0.5134
vn -0.1528 -0.1182 0.9812
vn -0.3971 0.0970 0.9126
vn -0.1830 -0.9253 0.3323
vn -0.7732 -0.4897 0.4030
vn -0.2561 -0.8112 0.5257
vn -0.1706 -0.3188 0.9323
vn 0.7521 -0.3456 0.5612
vn 0.0042 -0.8469 -0.5317
vn 0.0052 0.3742 -0.9273
vn 0.1799 -0.6482 -0.7399
vn -0.1587 -0.8466 -0.5080
vn 0.4130 -0.8834 -0.2213
vn 0.3407 -0.8962 -0.2841
vn -0.4127 0.8289 -0.3775
vn -0.7748 -0.1529 -0.6135
vn -0.0541 -0.9345 0.3519
vn 0.0560 0.9580 -0.2812
vn -0.0480 0.4441 -0.8947
vn -0.3767 0.6403 -0.6694
vn -0.5886 -0.5984 0.5435
vn 0.2804 0.8567 0.4329
vn -0.8584 0.4632 -0.2206
vn -0.0831 -0.8599 0.5036
vn -0.2148 -0.9237 0.3172
vn 0.4636 -0.8831 0.0727
vn -0.6345 -0.6967 -0.3346
vn 0.2991 0.0683 -0.9518
vn 0.5291 -0.4980 0.6870
vn -0.8755 -0.2804 0.3935
vn -0.0339 0.6964 -0.7168
vn -0.7688 0.5638 -0.3017
vn 0.3694 0.5008 0.7828
vn 0.6064 -0.0901 -0.7900
vn -0.3514 0.7277 -0.5890
vn -0.4077 0.3907 -0.8253
vn -0.6345 -0.3138 0.7063
vn -0.2957 -0.7938 0.5314
vn -0.5914 0.4176 -0.6898
vn -0.2628 -0.8716 0.4139
vn -0.3837 -0.7390 0.5538
vn -0.5485 0.7544 -0.3605
vn -0.4193 -0.8078 0.4143
vn -0.7000 -0.4724 0.5356
vn 0.0853 -0.6919 0.7169
vn -0.1293 0.8241 -0.5514
vn 0.1489 -0.9184 -0.3666
vn -0.0469 0.8336 -0.5504
vn 0.5586 -0.3424 -0.7555
vn -0.6862 0.4733 -0.5523
vn 0.4669 -0.2030 -0.8607
vn 0.4661 -0.8567 -0.2210
vn -0.2754 0.1240 0.9533
vn -0.9476 0.1999 0.2493
vn -0.7817 -0.5781 0.2341
vn -0.6312 -0.7264 0.2721
vn -0.9747 0.1759 0.1382
vn -0.9798 -0.0511 -0.1936
vn 0.3549 -0.2534 0.8999
vn -0.0434 0.6815 -0.7305
vn 0.1628 -0.8570 -0.4889
vn -0.3702 0.5225 -0.7681
vn 0.0195 0.9213 0.3885
vn -0.4790 0.7087 -0.5180
vn 0.0678 -0.5665 0.8213
vn -0.1451 0.7191 -0.6796
vn -0.0670 0.8674 -0.4931
vn -0.5577 0.5437 -0.6271
vn -0.1080 0.7740 -0.6239
vn 0.2218 0.1724 -0.9597
vn 0.5676 -0.0230 -0.8230
vn -0.2644 -0.5540 0.7894
vn -0.3401 -0.7032 0.6243
vn 0.2925 -0.6890 -0.6631
vn -0.7190 0.6873 0.1029
vn -0.6719 -0.5214 0.5260
vn -0.3062 -0.7783 0.5482
vn -0.1663 -0.7304 0.6625
vn 0.5125 -0.8125 0.2779
vn -0.9539 -0.0596 -0.2941
vn 0.6959 -0.4223 -0.5808
vn 0.9419 0.1390 0.3057
vn -0.2957 -0.7984 0.5246
vn -0.6068 0.6508 -0.4563
vn -0.8873 -0.4308 0.1649
vn -0.0072 -0.7917 -0.6108
vn 0.7861 0.2140 -0.5798
vn -0.8961 0.4387 0.0671
vn 0.0613 0.2388 0.9691
vn -0.5412 -0.2878 0.7901
vn -0.6466 0.7111 -0.2760
vn -0.6400 0.6581 -0.3967
vn -0.7111 0.6363 -0.2989
vn -0.2373 0.7324 -0.6381
vn 0.6621 0.4467 -0.6017
vn 0.5846 0.2226 -0.7802
vn 0.5750 0.1239 -0.8087
vn 0.6357 0.0409 -0.7709
vn -0.2016 0.2729 0.9407
vn 0.3474 0.7648 0.5426
vn -0.5690 -0.6887 -0.4494
vn -0.2023 -0.6409 -0.7405
vn -0.1332 -0.5501 -0.8244
vn -0.5422 0.8399 -0.0248
vn -0.7610 0.6231 -0.1807
vn 0.1432 -0.9411 0.3062
vn -0.6650 -0.5959 0.4502
vn 0.0754 -0.6791 0.7302
vn -0.4590 -0.8001 0.3863
vn 0.0216 0.8391 -0.5435
vn -0.9947 0.0561 -0.0866
vn -0.8084 -0.0619 -0.5854
vn 0.2925 -0.7997 -0.5244
vn 0.0209 -0.0046 0.9998
vn 0.7481 -0.3312 -0.5750
vn 0.9178 -0.3968 0.0133
vn 0.6793 0.2503 -0.6899
vn 0.1640 -0.8557 -0.4908
vn 0.0064 -0.9216 0.3881
vn 0.3063 -0.9338 0.1848
vn 0.6370 0.3507 -0.6865
vn 0.7080 -0.2068 -0.6753
vn -0.6183 0.0360 -0.7851
vn -0.6805 0.2550 -0.6869
vn 0.0101 0.0300 0.9995
vn 0.2096 0.9279 -0.3084
vn -0.7695 -0.5679 -0.2920
vn 0.1151 0.7861 -0.6073
vn -0.1397 0.9370 -0.3201
vn -0.8985 0.0165 0.4387
vn -0.9930 -0.0600 0.1021
vn -0.4007 0.7349 -0.5472
vn 0.3414 0.0838 0.9362
vn 0.7206 -0.1019 -0.6858
vn -0.5898 0.3528 -0.7264
vn 0.3504 0.2817 -0.8932
vn 0.8577 -0.3312 -0.3933
vn -0.0310 0.3903 0.9202
vn -0.4769 0.2951 0.8280
vn -0.4886 0.8251 0.2838
vn -0.2462 -0.9666 0.0713
vn -0.2807 0.6925 -0.6645
vn -0.8142 -0.4673 0.3446
vn 0.5484 0.5653 -0.6162
vn 0.4378 0.4212 0.7943
vn -0.5012 0.7280 0.4678
vn 0.5905 -0.6322 -0.5016
vn -0.0357 -0.7815 0.6228
vn -0.8889 -0.2920 0.3530
vn 0.4310 0.6642 -0.6108
vn -0.8121 -0.3658 0.4545
vn 0.8360 -0.2503 -0.4883
vn 0.2726 0.9533 -0.1304
vn -0.3377 0.2790 -0.8990
vn 0.0368 0.0219 0.9991
vn -0.6410 0.7030 -0.3080
vn -0.0089 -0.8351 0.5500
vn 0.8151 -0.5710 0.0975
vn -0.8226 -0.4826 -0.3006
vn 0.5824 0.6336 -0.5092
vn 0.6624 -0.5626 -0.4946
vn 0.3927 0.2691 -0.8794
vn 0.7039 -0.2289 0.6724
vn 0.5067 -0.1330 0.8518
vn 0.5364 -0.1381 0.8326
vn -0.4851 0.8499 -0.2060
vn 0.1255 0.8870 -0.4444
vn -0.3992 -0.7979 0.4517
vn -0.8829 0.1294 0.4514
vn 0.0294 -0.8265 0.5622
vn -0.0893 0.7729 -0.6283
vn 0.1407 0.4566 0.8785
vn 0.6113 0.6390 -0.4669
vn -0.7414 -0.2705 -0.6142
vn -0.7617 0.5803 0.2883
vn 0.6167 -0.4513 -0.6450
vn -0.4447 -0.8714 0.2070
vn 0.6484 -0.2970 -0.7010
vn 0.2254 0.9612 -0.1589
vn 0.0011 0.8595 -0.5112
vn -0.0326 -0.7808 0.6240
vn 0.1420 -0.9600 0.2414
vn -0.3622 0.7591 -0.5409
vn -0.1778 0.7842 -0.5945
vn -0.4352 -0.5365 0.7230
vn 0.5596 0.7016 -0.4411
vn 0.3119 -0.3753 0.8728
vn -0.5072 -0.8203 -0.2644
vn -0.2658 -0.4498 -0.8527
vn -0.3144 -0.2205 0.9233
vn -0.0189 -0.8943 0.4471
vn 0.4110 -0.8479 0.3349
vn 0.5664 0.6534 0.5023
vn 0.7515 0.5257 -0.3986
vn -0.8992 0.4247 0.1054
vn -0.5852 0.0523 -0.8092
vn 0.0324 0.2756 -0.9607
vn 0.5134 0.0632 -0.8558
vn -0.0405 0.9981 0.0455
vn 0.4395 0.7737 -0.4564
vn -0.7474 -0.2155 0.6284
vn 0.4533 -0.8496 0.2697
vn 0.2068 0.7092 -0.6741
vn -0.1699 0.2784 -0.9453
vn -0.1767 0.3461 0.9214
vn 0.4544 0.7664 -0.4540
vn 0.2570 0.8559 -0.4488
vn -0.5837 -0.8029 0.1211
vn 0.3207 -0.9469 0.0218
vn 0.9663 0.1455 -0.2125
vn -0.8545 -0.5062 0.1164
vn 0.0093 -0.1092 0.9940
vn -0.1033 0.6144 -0.7822
vn -0.1007 0.7117 0.6953
vn 0.0265 -0.7295 0.6835
vn -0.6418 -0.2626 -0.7205
vn 0.1097 -0.6363 -0.7636
vn -0.2034 -0.0200 -0.9789
vn 0.6921 0.6911 -0.2084
vn 0.8785 -0.4275 -0.2134
vn 0.1453 -0.8954 0.4210
vn -0.2396 0.5088 -0.8269
vn 0.6278 -0.1909 -0.7546
vn -0.6586 -0.0452 -0.7511
vn 0.0433 -0.8325 0.5523
vn 0.2798 0.5707 -0.7721
vn -0.3903 -0.6910 0.6085
vn -0.2977 0.8258 -0.4790
vn 0.7043 0.6191 -0.3474
vn 0.6405 0.0837 0.7634
vn 0.2262 0.7957 -0.5619
vn 0.4906 0.6086 -0.6236
vn 0.5312 -0.2696 -0.8032
vn 0.2508 0.0127 0.9680
vn -0.7347 -0.6283 -0.2561
vn -0.8532 0.4321 -0.2921
vn -0.6197 -0.7322 0.2825
vn -0.2267 0.9591 0.1696
vn -0.2012 -0.7916 0.5769
vn 0.0686 -0.9256 0.3723
vn -0.8487 -0.5233 0.0769
vn -0.4069 -0.6951 0.5928
vn 0.6694 -0.6586 -0.3437
vn 0.5671 0.7217 -0.3970
vn 0.0485 -0.0812 0.9955
vn 0.2656 -0.3415 0.9016
vn 0.3819 0.9207 0.0798
vn 0.5835 -0.4016 -0.7058
vn -0.9176 -0.3794 -0.1187
vn 0.4919 -0.6915 0.5290
vn 0.8340 0.4542 -0.3132
vn 0.2185 0.5703 -0.7918
vn 0.5299 0.4379 -0.7263
vn -0.4683 0.4644 -0.7517
vn -0.2832 0.6687 0.6875
vn 0.0015 -0.3032 -0.9529
vn 0.6223 0.6987 -0.3530
vn -0.5535 0.4790 -0.6813
vn 0.5308 -0.6094 -0.5889
vn 0.1552 0.4259 -0.8913
vn 0.5113 0.3401 -0.7893
vn -0.4123 0.6375 -0.6509
vn -0.7171 -0.3438 -0.6063
vn 0.6064 -0.2156 -0.7653
vn 0.0015 -0.4388 0.8986
vn -0.3689 -0.7817 0.5029
vn 0.0132 0.9542 -0.2989
vn 0.6282 0.6505 -0.4268
vn 0.5342 -0.7587 0.3727
vn 0.4270 0.7596 -0.4906
vn -0.1064 -0.4444 0.8895
vn -0.3656 -0.8940 0.2590
vn -0.1550 -0.5711 -0.8061
vn -0.2194 0.3779 -0.8995
vn 0.6273 0.2933 -0.7214
vn 0.1723 0.6025 -0.7793
vn -0.2550 0.6330 0.7309
vn -0.0160 0.8983 -0.4391
vn -0.5878 -0.6895 -0.4231
vn -0.2226 0.8875 0.4035
vn 0.2230 0.9720 -0.0748
vn 0.5939 -0.6614 0.4580
vn -0.1542 0.9662 -0.2065
vn 0.5746 -0.7101 0.4069
vn -0.8742 -0.2718 0.4023
vn 0.8790 0.3840 -0.2826
vn 0.6256 -0.2804 0.7280
vn 0.0766 -0.5004 0.8624
vn 0.6280 -0.7002 -0.3397
vn 0.1164 0.1333 -0.9842
vn -0.2908 0.5310 -0.7959
vn 0.1238 0.1084 0.9864
vn -0.1100 0.9784 -0.1751
vn 0.8091 0.3561 -0.4675
vn 0.7609 -0.0993 0.6412
vn 0.7245 0.5828 -0.3680
vn -0.4158 -0.9094 -0.0118
vn 0.5298 0.8469 -0.0461
vn -0.8523 -0.4801 -0.2073
vn -0.0151 -0.0623 0.9979
vn -0.1478 0.1696 0.9744
vn -0.0998 -0.7926 0.6015
vn -0.3315 -0.8227 -0.4618
vn 0.3839 -0.8766 0.2900
vn 0.1846 -0.8254 -0.5334
vn -0.1950 0.9346 -0.2974
vn 0.4252 -0.8703 0.2486
vn 0.6475 0.5867 -0.4864
vn 0.6659 0.7158 -0.2101
vn 0.0132 0.7250 -0.6886
vn 0.4289 -0.8145 0.3908
vn -0.4639 -0.6716 0.5777
vn 0.0554 -0.8713 0.4876
vn 0.5614 0.6510 -0.5109
vn -0.4639 -0.7237 0.5110
vn -0.4811 -0.6822 0.5507
vn -0.5900 0.1326 -0.7964
vn -0.0298 -0.0020 0.9996
vn 0.2756 0.9506 0.1429
vn 0.5467 0.7941 -0.2655
vn 0.1079 0.6874 -0.7182
vn -0.6396 -0.7222 -0.2633
vn 0.6128 -0.1005 0.7839
vn -0.8365 0.3754 -0.3991
vn -0.5179 -0.5447 0.6596
vn -0.5116 -0.7038 -0.4928
vn 0.2526 0.8420 0.4766
vn 0.0304 -0.9744 0.2227
vn 0.4802 0.8039 -0.3510
vn 0.5388 -0.7931 0.2840
vn 0.5798 0.6962 -0.4233
vn 0.7846 -0.6199 -0.0058
vn 0.3887 -0.9153 -0.1058
vn 0.0039 -0.3200 0.9474
vn -0.2441 -0.5196 -0.8188
vn 0.2722 0.4862 0.8303
vn -0.4251 -0.8470 -0.3192
vn -0.5731 -0.8153 0.0823
vn 0.9444 -0.2892 -0.1562
vn 0.9617 -0.0274 0.2728
vn 0.5567 -0.7430 0.3715
vn -0.6251 -0.6875 -0.3696
vn -0.3357 -0.2496 -0.9083
vn -0.8163 -0.0755 -0.5726
vn -0.0259 0.9930 0.1150
vn 0.6224 -0.7567 0.2002
vn 0.6848 0.6352 -0.3573
vn 0.4523 0.8014 -0.3914
vn 0.5392 0.7489 -0.3852
vn 0.2041 -0.3444 0.9164
vn -0.3664 -0.7091 0.6024
vn -0.1858 0.3259 -0.9270
vn -0.7564 0.6449 0.1094
vn 0.3153 0.7391 0.5953
vn -0.3335 0.9138 0.2320
vn 0.6520 0.3917 -0.6492
vn 0.8809 -0.4586 0.1172
vn -0.7687 0.3392 0.5422
vn 0.6575 -0.3926 0.6431
vn -0.4705 0.1174 0.8746
vn -0.2646 -0.5155 0.8150
vn -0.3406 0.3009 -0.8908
vn -0.0102 0.6109 0.7916
vn 0.1734 -0.4635 0.8690
vn -0.1294 0.7339 0.6668
vn 0.9129 -0.3660 0.1809
vn 0.4636 0.8289 -0.3131
vn 0.5855 -0.7348 0.3423
vn 0.5538 0.8313 0.0481
vn 0.9900 0.0045 -0.1413
vn 0.1033 -0.0856 0.9910
vn 0.4068 -0.3383 -0.8486
vn 0.5312 -0.6113 -0.5866
vn 0.0250 -0.0866 -0.9959
vn -0.5946 -0.7285 -0.3402
vn 0.8627 -0.4871 0.1357
vn 0.6143 0.6206 -0.4873
vn 0.5511 -0.8327 0.0539
vn 0.9729 0.0941 -0.2111
vn -0.8072 0.1882 -0.5595
vn -0.1523 0.3033 -0.9406
vn 0.2801 -0.2707 0.9210
vn 0.1542 0.6347 0.7572
vn 0.5482 -0.7753 -0.3137
vn 0.1957 0.3751 0.9061
vn -0.0908 0.5849 0.8060
vn 0.0283 0.9320 0.3615
vn 0.5797 -0.5664 -0.5857
vn 0.9744 -0.0011 0.2247
vn 0.7275 -0.6859 -0.0173
vn 0.6956 -0.6020 0.3921
vn -0.7491 0.0712 -0.6587
vn 0.8838 -0.4310 0.1820
vn 0.2440 0.1157 -0.9629
vn 0.2292 -0.0315 -0.9729
vn 0.1643 0.9862 0.0184
vn 0.5535 -0.7894 -0.2654
vn 0.9167 -0.3930 0.0718
vn 0.4533 -0.1089 -0.8847
vn -0.8484 0.1431 0.5096
vn 0.1093 0.9284 -0.3551
vn 0.7495 -0.6107 0.2556
vn 0.2218 0.6588 -0.7189
vn 0.9708 0.1240 0.2052
vn 0.6654 -0.7232 0.1851
vn -0.1909 -0.5653 -0.8025
vn -0.8076 -0.4655 0.3621
vn 0.8281 -0.4648 0.3135
vn -0.0257 0.9677 0.2508
vn 0.2950 0.8520 -0.4325
vn -0.0037 -0.9380 -0.3465
vn 0.9369 -0.1252 0.3265
vn 0.7658 -0.4304 -0.4779
vn 0.2086 0.1158 0.9711
vn -0.4706 0.4751 -0.7435
vn 0.1665 0.0895 -0.9820
vn 0.3500 -0.8632 0.3639
vn 0.2447 0.5353 -0.8084
vn 0.2626 0.8671 -0.4233
vn 0.9222 0.2852 0.2612
vn 0.7572 -0.6420 0.1205
vn 0.8162 0.3723 -0.4418
vn 0.4369 0.4486 0.7796
vn -0.3700 0.9289 -0.0141
vn -0.8184 0.0238 -0.5741
vn -0.5445 -0.1131 -0.8311
vn 0.8030 -0.5648 0.1904
vn 0.5765 -0.8133 -0.0783
vn 0.4292 0.7541 -0.4972
vn 0.6525 -0.6358 0.4122
vn 0.7517 0.5439 0.3729
vn -0.7038 0.5245 -0.4791
vn 0.7415 -0.4836 0.4651
vn -0.3464 0.1549 -0.9252
vn -0.7478 -0.6443 0.1604
vn -0.9533 0.0235 -0.3010
vn -0.0483 -0.8275 0.5594
vn 0.2986 0.5969 -0.7447
vn 0.7611 0.6016 -0.2423
vn 0.8196 -0.0379 -0.5716
vn 0.0117 -0.2492 0.9684
vn 0.3583 -0.3491 -0.8659
vn 0.6409 -0.6816 -0.3530
vn -0.4876 -0.0183 -0.8729
vn 0.8469 0.2189 -0.4847
vn 0.1273 -0.5586 -0.8196
vn 0.8763 -0.4085 -0.2553
vn -0.0307 0.6526 0.7570
vn -0.5188 -0.0062 -0.8549
vn 0.9203 -0.3783 -0.0999
vn 0.7694 -0.4184 -0.4826
vn 0.4242 0.8848 -0.1930
vn 0.4088 0.5788 -0.7056
vn 0.7583 -0.5233 0.3887
vn 0.8770 -0.3986 -0.2683
vn 0.6146 0.6321 -0.4719
vn -0.2606 0.0781 0.9623
vn -0.5181 0.0756 0.8520
vn 0.9842 0.1141 -0.1353
vn 0.4075 -0.5546 0.7255
vn 0.6723 -0.5648 0.4785
vn 0.5039 -0.5183 0.6910
vn -0.0635 0.2691 -0.9610
vn 0.7970 -0.5953 0.1021
vn -0.7038 -0.0039 -0.7104
vn -0.8215 0.3030 -0.4830
vn -0.6296 -0.4804 -0.6105
vn 0.5284 0.5504 -0.6464
vn -0.0744 -0.6198 -0.7812
vn -0.0065 -0.1219 0.9925
vn -0.0844 0.3615 -0.9285
vn 0.5971 -0.7795 0.1894
vn -0.9450 0.2578 -0.2015
vn 0.7822 -0.4045 0.4739
vn 0.1069 -0.1991 0.9741
vn 0.7296 0.3748 -0.5720
vn 0.6313 0.0306 -0.7749
vn 0.5477 0.4772 0.6872
vn -0.5485 0.3544 -0.7574
vn 0.3151 -0.2917 0.9031
vn 0.0688 0.9154 0.3966
vn 0.3997 -0.6594 -0.6367
vn -0.4078 0.8743 0.2632
vn 0.7580 -0.6369 0.1406
vn 0.9401 0.0435 0.3382
vn 0.7910 0.4986 -0.3544
vn -0.4364 0.2905 -0.8515
vn -0.3337 -0.5232 -0.7842
vn -0.4913 -0.3761 -0.7856
vn 0.8283 0.3021 -0.4719
vn -0.1320 -0.0135 -0.9912
vn 0.4506 0.4417 0.7758
vn -0.5088 -0.8609 0.0030
vn 0.1580 0.8894 0.4290
vn -0.1535 -0.9858 0.0682
vn 0.3400 0.8589 -0.3829
vn -0.3937 -0.9079 0.1441
vn 0.7538 0.6551 -0.0515
vn 0.7492 0.4669 -0.4698
vn 0.8162 -0.5583 -0.1489
vn 0.9200 -0.0523 -0.3884
vn 0.9013 -0.0939 0.4229
vn 0.9109 -0.3259 -0.2532
vn 0.5839 0.0025 0.8118
vn 0.6330 0.4005 0.6625
vn 0.0410 0.0279 0.9988
vn 0.4193 -0.8171 0.3957
vn 0.6899 -0.6733 0.2661
vn -0.7470 0.6633 -0.0460
vn -0.7823 0.4096 -0.4693
vn 0.7466 0.0069 -0.6652
vn 0.7842 -0.3899 -0.4826
vn 0.6728 0.5820 -0.4567
vn 0.4132 -0.7468 0.5211
vn -0.4027 -0.3603 -0.8415
vn -0.6243 -0.5161 -0.5864
vn 0.7357 -0.6302 -0.2484
vn 0.8191 -0.1499 0.5537
vn -0.1140 0.5896 -0.7996
vn -0.5591 0.3886 -0.7324
vn 0.6009 -0.4379 -0.6687
vn -0.1137 0.6801 -0.7242
vn 0.8822 0.3644 -0.2983
vn 0.9279 -0.3427 0.1470
vn 0.7291 -0.4041 0.5523
vn -0.5469 0.2479 -0.7996
vn 0.8747 0.1001 -0.4741
vn 0.8238 -0.5205 -0.2245
vn 0.4067 0.9078 0.1028
vn 0.1488 0.0681 0.9865
vn 0.1985 0.2142 0.9564
vn -0.3394 0.9169 -0.2101
vn 0.2510 0.9622 0.1058
vn 0.9635 -0.1871 0.1913
vn 0.6810 0.5509 -0.4823
vn 0.2340 0.1278 0.9638
vn 0.4640 0.6029 0.6490
vn 0.1038 0.1786 0.9784
vn 0.5227 0.3606 0.7725
vn -0.9098 0.1634 0.3815
vn 0.9605 0.2598 -0.0998
vn 0.0680 -0.9785 -0.1947
vn 0.4888 -0.8717 0.0352
vn 0.6111 0.6605 -0.4363
vn 0.9718 0.2350 -0.0191
vn 0.9723 -0.1305 0.1938
vn 0.6595 0.4181 -0.6247
vn 0.8203 0.3512 -0.4514
vn 0.4369 0.0240 0.8992
vn 0.7586 -0.5365 0.3699
vn 0.0605 -0.2155 -0.9746
vn 0.3546 0.0252 0.9347
vn -0.6517 0.5277 -0.5448
vn 0.3854 -0.0138 -0.9227
vn 0.1839 0.7520 0.6329
vn 0.4222 -0.8145 0.3980
vn 0.3302 -0.2020 -0.9220
vn 0.7215 -0.6749 0.1548
vn -0.7724 -0.0054 0.6351
vn 0.9897 -0.0853 0.1151
vn 0.3306 -0.8687 -0.3689
vn 0.2384 0.9589 -0.1536
vn 0.1470 0.3536 0.9238
vn 0.8607 -0.4714 0.1925
vn 0.9626 -0.2656 -0.0532
vn 0.5239 -0.1827 -0.8320
vn 0.3279 0.5154 -0.7917
vn 0.3672 0.8846 -0.2874
vn 0.7472 0.5694 -0.3426
vn 0.9774 0.2113 -0.0038
vn 0.9987 0.0104 -0.0503
vn 0.8979 -0.1948 -0.3948
vn 0.0944 0.6342 -0.7674
vn 0.2501 0.5565 -0.7923
vn -0.1866 0.1965 0.9626
vn -0.0110 -0.7047 -0.7094
vn 0.3453 -0.6003 0.7214
vn -0.8953 -0.2128 -0.3913
vn 0.2416 0.9163 0.3194
vn 0.4806 -0.3175 -0.8174
vn 0.9730 -0.2275 -0.0400
vn 0.6119 0.3849 -0.6910
vn 0.9589 0.1640 -0.2318
vn 0.9983 -0.0071 -0.0581
vn 0.9811 0.0398 -0.1892
vn 0.9695 0.0771 -0.2328
vn 0.9291 -0.3599 0.0853
vn 0.9074 -0.4145 0.0690
vn -0.6798 0.0763 -0.7294
vn 0.2064 0.3311 -0.9207
vn -0.3840 0.0319 -0.9228
vn 0.2989 -0.0037 -0.9543
vn 0.8938 -0.1746 -0.4130
vn -0.7846 -0.5372 0.3096
vn 0.8255 -0.5605 0.0661
vn 0.9633 -0.2601 0.0665
vn 0.9673 -0.2515 -0.0327
vn 0.9915 -0.0972 -0.0865
vn 0.0486 -0.0547 0.9973
vn 0.0044 -0.3515 -0.9362
vn -0.4742 0.6601 -0.5826
vn 0.5848 -0.4916 -0.6452
vn 0.5613 -0.1259 -0.8180
vn 0.1169 -0.9153 0.3854
vn -0.6990 -0.7140 -0.0393
vn -0.7812 0.5703 0.2541
vn 0.9960 -0.0795 0.0405
vn 0.4979 -0.6065 -0.6199
vn 0.9370 0.1439 -0.3184
vn 0.1525 0.5401 0.8277
vn -0.2347 0.9478 -0.2160
vn -0.6170 0.2761 -0.7369
vn 0.8931 -0.4367 -0.1085
vn 0.9481 -0.3174 0.0160
vn 0.7048 0.4371 0.5587
vn -0.7171 0.0850 -0.6917
vn 0.7161 0.2261 -0.6604
vn 0.1560 0.9359 -0.3158
vn 0.7478 0.0670 -0.6605
vn 0.1348 0.1654 0.9770
vn 0.6730 -0.6493 0.3542
vn -0.1903 0.1392 0.9718
vn 0.5839 0.6796 0.4440
vn 0.8621 -0.3717 -0.3445
vn 0.6916 0.2009 -0.6938
vn 0.3132 -0.4963 0.8097
vn 0.0558 0.9902 0.1276
vn -0.9358 0.3503 0.0381
vn -0.9855 0.1019 0.1355
vn 0.1739 0.9712 -0.1627
vn 0.6674 -0.5769 0.4709
vn -0.4299 0.5953 -0.6788
vn 0.3099 0.1115 -0.9442
vn 0.8161 -0.0482 0.5758
vn 0.8891 -0.3985 -0.2253
vn 0.9047 -0.4245 0.0373
vn 0.3902 -0.0674 -0.9183
vn -0.0724 0.9623 -0.2620
vn 0.2846 -0.9475 0.1455
vn 0.7686 -0.6363 0.0663
vn 0.9883 -0.1335 -0.0735
vn 0.7555 0.3105 0.5769
vn 0.9354 -0.2799 0.2161
vn 0.7613 0.5664 -0.3155
vn -0.3980 0.2693 -0.8770
vn 0.2878 0.0779 0.9545
vn 0.5093 0.8535 -0.1101
vn 0.5056 0.5943 -0.6254
vn 0.9648 -0.2520 0.0757
vn -0.1268 0.2981 0.9461
vn 0.5308 0.1409 -0.8357
vn 0.8260 -0.0131 -0.5636
vn 0.3654 0.8603 0.3555
vn 0.4526 0.8644 0.2192
vn -0.6939 0.6991 0.1723
vn 0.5311 0.8193 -0.2160
vn 0.5947 0.7889 -0.1546
vn 0.9099 -0.4113 -0.0544
vn -0.2796 -0.0346 -0.9595
vn -0.1998 0.0718 -0.9772
vn 0.7976 0.5399 -0.2689
vn 0.5384 0.6302 0.5594
vn -0.5863 -0.7591 0.2828
vn 0.9219 -0.3872 -0.0167
vn -0.1234 0.3647 0.9229
vn 0.7063 0.6357 -0.3113
vn -0.0705 -0.0498 0.9963
vn 0.0333 -0.4702 0.8819
vn -0.0656 -0.5455 0.8355
vn 0.4220 0.4825 0.7675
vn -0.6991 0.4638 0.5442
vn -0.8795 -0.2779 -0.3864
vn -0.6578 0.3042 -0.6891
vn -0.9105 0.3495 0.2208
vn 0.7661 0.3496 -0.5393
vn 0.8866 0.3467 -0.3062
vn 0.5474 -0.5756 0.6075
vn -0.2855 -0.1224 0.9505
vn -0.3232 0.0003 -0.9463
vn -0.4407 -0.1341 -0.8876
vn 0.8463 -0.5257 -0.0858
vn 0.8923 -0.4455 -0.0736
vn 0.1622 0.2609 0.9516
vn 0.8872 -0.3537 0.2962
vn 0.1635 0.0948 -0.9820
vn -0.1192 0.6816 0.7220
vn 0.1164 -0.4863 -0.8660
vn 0.5402 0.0049 -0.8415
vn 0.9748 -0.2006 -0.0971
vn 0.6521 0.4994 -0.5704
vn 0.8771 -0.3734 -0.3020
vn 0.9579 -0.2870 -0.0092
vn -0.5401 -0.0769 0.8381
vn 0.4524 -0.7854 0.4225
vn -0.8879 0.4558 -0.0625
vn 0.2667 0.7464 -0.6098
vn 0.3140 -0.5230 -0.7924
vn 0.9020 0.2736 -0.3340
vn 0.9182 0.2616 -0.2975
vn 0.4424 0.7203 0.5342
vn -0.6181 0.0781 -0.7822
vn 0.9129 -0.2373 0.3322
vn 0.3659 0.1376 -0.9204
vn 0.1497 0.1969 -0.9689
vn 0.5131 -0.2300 -0.8269
vn -0.9109 -0.1525 0.3834
vn -0.9847 -0.1719 0.0274
vn -0.7145 0.5889 -0.3777
vn -0.3242 -0.8991 0.2941
vn -0.2948 0.4643 -0.8352
vn 0.2862 0.7866 -0.5471
vn 0.1626 0.3409 0.9259
vn 0.1617 -0.0199 0.9866
vn 0.8919 -0.4461 -0.0741
vn 0.8734 -0.4150 -0.2548
vn 0.9294 0.3613 -0.0749
vn -0.9893 0.0463 -0.1381
vn 0.9862 -0.0872 -0.1410
vn 0.9154 0.0009 -0.4026
vn -0.2775 -0.2264 0.9337
vn 0.9395 -0.3307 -0.0898
vn 0.8139 -0.0754 -0.5761
vn 0.5442 -0.1726 -0.8210
vn -0.9185 0.1032 -0.3817
vn -0.7715 0.4912 -0.4044
vn 0.4914 0.8546 0.1681
vn -0.2786 -0.9316 0.2333
vn 0.2939 0.1102 0.9495
vn -0.3562 0.7668 -0.5340
vn -0.3426 0.9336 -0.1049
vn 0.5330 0.3084 0.7879
vn -0.0844 0.2505 0.9644
vn -0.2555 -0.8706 0.4204
vn -0.5107 0.8133 -0.2788
vn 0.1797 0.3129 -0.9326
vn 0.8599 -0.3301 -0.3895
vn -0.0050 0.1827 -0.9832
vn 0.1314 -0.9628 0.2361
vn 0.3741 0.9273 -0.0087
vn 0.3984 0.8657 -0.3030
vn 0.2299 -0.4148 -0.8804
vn 0.2063 0.6473 -0.7338
vn 0.0834 -0.6537 -0.7521
vn -0.4995 -0.1503 -0.8532
vn 0.7267 0.3440 -0.5946
vn 0.8762 -0.4814 0.0225
vn 0.2746 0.1743 -0.9456
vn 0.8950 -0.3920 -0.2129
vn 0.2026 0.1570 0.9666
vn 0.3526 0.1303 -0.9267
vn -0.6551 -0.5617 -0.5053
vn 0.7131 0.4870 -0.5044
vn 0.2172 0.8166 -0.5348
vn 0.2242 -0.2027 -0.9532
vn -0.5063 -0.0593 -0.8603
vn 0.8865 -0.3244 -0.3301
vn 0.3114 0.8446 0.4356
vn 0.4017 0.9148 -0.0434
vn 0.4426 -0.0673 -0.8942
vn -0.4004 0.3320 0.8541
vn -0.4553 0.4370 0.7757
vn 0.7235 0.4487 -0.5246
vn 0.2688 -0.9573 -0.1067
vn 0.9653 -0.1147 -0.2346
vn 0.6844 -0.5932 -0.4239
vn 0.0967 0.7204 -0.6868
vn 0.8712 -0.3957 -0.2907
vn 0.9929 -0.0547 -0.1058
vn 0.2931 -0.0823 -0.9525
vn 0.3287 -0.0377 0.9437
vn 0.9079 -0.4180 -0.0310
vn 0.9172 0.0993 -0.3858
vn -0.7522 0.6565 -0.0569
vn 0.5826 -0.2647 0.7684
vn 0.0218 0.1161 0.9930
vn 0.3028 0.0639 -0.9509
vn 0.7083 -0.1589 -0.6878
vn 0.9722 -0.0567 -0.2274
vn 0.1095 0.9545 0.2774
vn 0.1302 0.3602 -0.9238
vn 0.3049 0.8610 -0.4072
vn 0.4824 -0.7177 -0.5022
vn -0.8386 -0.0122 -0.5446
vn 0.7814 -0.5822 0.2245
vn 0.4477 -0.1096 -0.8875
vn 0.6123 -0.1592 -0.7744
vn 0.5338 0.8368 -0.1221
vn 0.5326 -0.8391 -0.1101
vn 0.8272 -0.5401 -0.1549
vn 0.7280 -0.2467 -0.6396
vn -0.1544 -0.1522 0.9762
vn 0.0713 -0.0904 0.9934
vn 0.0508 -0.1405 0.9888
vn -0.0823 0.7080 0.7014
vn -0.0071 -0.2991 0.9542
vn 0.5684 0.3335 0.7521
vn -0.1717 -0.6720 0.7204
vn 0.1427 -0.8813 0.4506
vn 0.7673 0.3064 -0.5633
vn 0.7597 0.6110 -0.2225
vn 0.9163 0.0906 -0.3900
vn -0.1695 -0.9319 -0.3208
vn 0.8948 -0.4014 0.1955
vn 0.9381 -0.2906 -0.1887
vn 0.4862 -0.3565 -0.7978
vn 0.2782 0.1860 0.9423
vn -0.8303 -0.3412 0.4406
vn -0.0567 0.5407 -0.8393
vn 0.7000 -0.7123 -0.0508
vn 0.5076 -0.2529 -0.8236
vn 0.5956 0.0838 -0.7989
vn -0.6383 -0.7675 0.0598
vn -0.9817 -0.1350 0.1340
vn 0.9413 -0.2644 -0.2099
vn 0.3695 -0.2580 -0.8927
vn 0.7688 0.5115 0.3839
vn 0.1679 0.8062 -0.5674
vn 0.7636 0.2103 -0.6104
vn -0.0972 0.9885 -0.1157
vn -0.2065 0.2686 -0.9409
vn 0.7199 -0.3244 -0.6137
vn 0.4617 0.1079 0.8804
vn 0.9133 -0.2721 -0.3030
vn 0.7646 -0.2032 -0.6116
vn 0.2665 0.8310 0.4883
vn -0.6124 0.3106 0.7270
vn 0.7213 0.2892 -0.6294
vn -0.3864 0.9181 0.0887
vn 0.3230 -0.2184 -0.9209
vn 0.3054 -0.4191 -0.8550
vn 0.2849 0.2500 0.9254
vn -0.9430 -0.1947 0.2699
vn 0.7328 0.5855 0.3467
vn 0.8567 0.3771 -0.3521
vn 0.3463 -0.1503 0.9260
vn 0.0147 0.3423 -0.9395
vn 0.1138 0.2763 0.9543
vn -0.8765 -0.2701 0.3985
vn -0.4762 -0.8457 0.2410
vn 0.7041 0.7012 0.1120
vn 0.8895 0.4530 -0.0601
vn 0.1907 0.6086 -0.7702
vn -0.6772 -0.1144 -0.7268
vn 0.4183 -0.4367 -0.7964
vn -0.3814 0.8200 0.4268
vn -0.5583 -0.8296 0.0114
vn -0.2124 0.8905 -0.4025
vn -0.3582 0.6404 0.6794
vn 0.4962 -0.3575 -0.7912
vn -0.8713 -0.3284 0.3648
vn -0.9080 -0.1772 0.3797
vn -0.1640 0.2591 0.9518
vn 0.8648 -0.2005 -0.4604
vn 0.3296 -0.2164 0.9190
vn -0.4682 -0.3901 0.7929
vn 0.7216 -0.0453 0.6909
vn 0.7521 0.4940 0.4362
vn -0.1865 0.3355 0.9234
vn 0.2410 -0.0652 -0.9683
vn -0.1467 -0.9872 -0.0631
vn 0.8458 0.2878 -0.4492
vn 0.9259 -0.1364 -0.3523
vn 0.5062 0.6337 -0.5850
vn 0.4190 -0.3274 -0.8469
vn 0.3304 -0.0466 0.9427
vn 0.9192 -0.3633 0.1523
vn 0.7210 0.3916 0.5716
vn -0.2015 0.3909 0.8981
vn -0.3469 0.0192 0.9377
vn -0.4469 -0.7967 0.4069
vn -0.5299 -0.7848 0.3214
vn 0.9034 -0.2971 -0.3092
vn 0.9577 -0.1063 -0.2673
vn 0.7152 -0.0577 0.6966
vn 0.2937 -0.6705 0.6813
vn -0.1887 -0.0332 0.9815
vn 0.7087 0.5772 -0.4057
vn 0.3990 0.4132 -0.8186
vn 0.8554 0.4089 -0.3178
vn -0.0897 0.0333 0.9954
vn 0.9258 -0.3399 0.1654
vn 0.1695 0.0455 -0.9845
vn 0.6177 -0.4604 -0.6375
vn 0.7583 0.3381 -0.5573
vn 0.5931 -0.7490 -0.2951
vn 0.9283 0.3425 -0.1447
vn 0.6123 -0.6398 -0.4646
vn 0.0986 -0.8813 -0.4621
vn 0.4318 0.8222 0.3709
vn 0.3094 -0.1477 -0.9394
vn -0.5419 0.5643 0.6229
vn 0.4246 -0.2432 -0.8721
vn 0.3614 0.7448 0.5610
vn 0.4840 -0.3639 -0.7958
vn 0.8071 0.3573 -0.4700
vn -0.2074 0.8083 0.5510
vn 0.4024 -0.3958 -0.8254
vn 0.6735 -0.0506 0.7374
vn -0.6880 -0.1350 0.7130
vn -0.5288 0.7522 -0.3931
vn -0.0616 0.1802 -0.9817
vn 0.3036 0.8135 -0.4960
vn -0.2752 -0.1025 -0.9559
vn 0.1795 0.3006 0.9367
vn 0.3027 0.8644 0.4014
vn 0.0297 -0.2578 0.9657
vn 0.5260 -0.4121 -0.7440
vn 0.6645 -0.3328 -0.6691
vn -0.0569 -0.2619 -0.9634
vn 0.6333 0.7645 -0.1203
vn 0.1291 0.4207 0.8980
vn 0.6495 0.2322 0.7240
vn -0.8627 0.3426 -0.3720
vn -0.8593 0.4074 -0.3093
vn 0.1062 0.8443 -0.5252
vn 0.3659 0.9120 -0.1851
vn 0.5272 -0.4756 -0.7042
vn 0.9337 0.2724 -0.2324
vn 0.8141 0.1569 -0.5591
vn -0.1431 -0.1599 -0.9767
vn 0.8466 0.1594 -0.5077
vn 0.4030 0.1672 0.8998
vn 0.1198 0.9572 -0.2633
vn 0.2473 0.4994 0.8303
vn 0.2935 0.9548 -0.0481
vn -0.8027 -0.5617 -0.2004
vn -0.9113 -0.3143 -0.2661
vn -0.8612 -0.1404 0.4885
vn 0.8845 0.0839 -0.4590
vn 0.7193 -0.2147 0.6607
vn 0.9220 -0.3601 -0.1426
vn 0.0956 -0.4435 0.8912
vn 0.3505 -0.1162 -0.9293
vn 0.6403 0.5379 -0.5483
vn -0.8208 -0.5431 -0.1769
vn 0.9546 -0.2397 -0.1766
vn 0.8856 -0.3008 -0.3539
vn 0.2357 -0.3367 -0.9116
vn 0.2066 -0.1778 -0.9621
vn 0.7369 -0.3246 0.5930
vn 0.8990 0.4159 0.1370
vn 0.1949 -0.7654 0.6133
vn 0.3020 -0.4552 -0.8376
vn 0.6999 -0.2142 -0.6814
vn 0.7748 0.6304 0.0481
vn 0.6611 0.3313 -0.6732
vn -0.9768 -0.1620 -0.1402
vn 0.6845 -0.5871 -0.4321
vn 0.6701 0.3608 0.6487
vn -0.8964 0.2715 0.3503
vn 0.5144 0.4918 -0.7026
vn 0.7030 -0.2375 -0.6704
vn -0.1543 0.2912 0.9441
vn -0.1231 0.7083 -0.6951
vn 0.4725 -0.3333 -0.8159
vn 0.3130 -0.6494 -0.6930
vn -0.8173 0.4965 -0.2924
vn -0.5010 0.8393 0.2109
vn 0.7686 0.2119 0.6036
vn 0.5695 0.6846 0.4549
vn -0.5202 -0.7765 0.3555
vn 0.0535 -0.0289 -0.9982
vn 0.0434 -0.4480 -0.8930
vn -0.1700 0.9597 -0.2237
vn 0.6805 -0.7008 -0.2142
vn -0.7024 -0.7029 0.1121
vn -0.1659 -0.9343 -0.3154
vn 0.5468 0.3669 -0.7526
vn 0.6331 -0.2851 -0.7197
vn 0.1250 0.1105 0.9860
vn 0.7151 -0.3043 0.6293
vn 0.1792 0.8498 0.4957
vn 0.6691 -0.4289 -0.6069
vn 0.6976 -0.0604 -0.7139
vn 0.8368 -0.3718 -0.4019
vn 0.4455 -0.3766 0.8122
vn 0.3517 -0.9246 -0.1464
vn 0.8745 0.3571 -0.3282
vn 0.8537 0.3456 0.3895
vn 0.9332 -0.0121 -0.3593
vn -0.0616 0.5225 -0.8504
vn 0.6280 -0.5787 -0.5202
vn -0.7289 -0.6272 0.2743
vn 0.6660 0.6462 0.3725
vn -0.3412 -0.6343 0.6937
vn 0.0682 -0.7311 0.6789
vn 0.6477 0.7618 -0.0137
vn -0.1544 -0.8897 0.4297
vn 0.6918 0.6895 -0.2146
vn -0.9231 -0.3631 0.1267
vn 0.1549 0.6246 -0.7654
vn 0.2617 0.7776 -0.5717
vn 0.8837 -0.4544 0.1124
vn 0.5013 -0.7726 0.3895
vn -0.8399 -0.4584 0.2905
vn 0.6023 -0.7961 0.0594
vn 0.0415 0.9665 -0.2533
vn 0.4493 -0.7387 0.5025
vn 0.9977 0.0078 -0.0668
vn 0.4554 -0.8356 0.3073
vn 0.0218 -0.9132 0.4069
vn 0.9035 0.4284 0.0090
vn 0.2617 -0.0637 0.9630
vn -0.2367 0.8472 -0.4756
vn 0.6611 -0.4981 -0.5611
vn 0.7856 0.1468 -0.6010
vn -0.6024 0.3413 0.7215
vn -0.2600 0.9452 -0.1974
vn 0.6725 -0.6671 0.3207
vn 0.8123 0.3096 -0.4944
vn 0.9359 0.2917 -0.1975
vn 0.7790 0.2321 -0.5825
vn 0.6445 -0.4087 0.6462
vn -0.5052 -0.1706 0.8460
vn 0.0310 0.6356 0.7714
vn 0.7060 0.5378 -0.4608
vn 0.9289 0.3626 -0.0759
vn 0.6313 0.5198 -0.5756
vn -0.6742 -0.7129 0.1931
vn 0.3634 -0.5198 0.7731
vn 0.5782 0.0449 0.8147
vn 0.8555 0.3949 0.3350
vn -0.2623 -0.4758 0.8395
vn -0.0741 -0.9681 0.2393
vn -0.0680 0.9965 0.0477
vn 0.6177 0.6414 -0.4551
vn 0.5422 0.8402 -0.0107
vn 0.1695 0.8297 -0.5319
vn 0.8740 0.4527 -0.1765
vn -0.1071 -0.7461 -0.6572
vn -0.4870 -0.8056 0.3373
vn -0.3706 0.1421 0.9179
vn -0.3414 0.8056 0.4843
vn -0.1371 -0.8801 0.4546
vn 0.5639 0.8050 -0.1843
vn 0.8503 -0.2173 -0.4793
vn 0.7734 -0.4749 -0.4199
vn 0.4181 0.6841 0.5977
vn -0.3230 -0.2632 -0.9091
vn 0.8971 0.3461 -0.2747
vn 0.4638 0.8830 -0.0718
vn 0.3773 0.1636 -0.9115
vn 0.4266 0.0638 0.9022
vn 0.3812 0.4671 0.7978
vn 0.9149 0.1177 -0.3862
vn 0.6216 0.3159 -0.7168
vn 0.9503 -0.0027 -0.3114
vn 0.0537 -0.9985 0.0116
vn 0.6577 0.7370 0.1554
vn 0.6477 -0.1112 0.7537
vn -0.2482 -0.8067 0.5363
vn 0.8651 -0.2752 -0.4193
vn 0.2336 -0.7871 0.5709
vn 0.8225 0.3052 -0.4799
vn 0.6362 -0.0272 -0.7711
vn 0.3603 0.9021 -0.2374
vn 0.8134 -0.1039 -0.5724
vn 0.5292 -0.0892 0.8438
vn 0.7867 -0.2938 -0.5429
vn 0.7022 -0.0549 -0.7098
vn 0.3214 -0.9086 -0.2668
vn 0.4693 -0.4340 -0.7690
vn 0.2546 0.8500 -0.4611
vn 0.8118 0.3970 -0.4282
vn 0.6835 0.4455 -0.5782
vn -0.1178 -0.9223 0.3681
vn -0.2132 0.3463 0.9136
vn 0.6638 0.1180 0.7385
vn 0.5026 0.4762 0.7215
vn 0.2548 0.3859 -0.8867
vn 0.7150 -0.4297 -0.5515
vn 0.7402 -0.2272 -0.6329
vn 0.8194 -0.3866 -0.4233
vn -0.5298 -0.7015 0.4767
vn 0.8420 -0.5394 -0.0102
vn 0.8077 0.4882 -0.3304
vn 0.5795 0.5359 -0.6141
vn 0.8953 -0.4050 -0.1854
vn 0.1380 0.9103 -0.3904
vn 0.5583 0.8039 -0.2050
vn 0.5111 -0.7529 -0.4146
vn 0.9145 -0.3310 -0.2325
vn 0.9408 0.2246 0.2539
vn 0.9027 0.4152 -0.1132
vn 0.6484 -0.2563 -0.7168
vn 0.8997 0.3576 -0.2502
vn 0.8749 0.0394 0.4827
vn 0.9500 -0.1369 0.2808
vn 0.9233 -0.0196 -0.3837
vn 0.7803 -0.5115 0.3598
vn 0.6274 -0.4664 -0.6236
vn 0.4014 -0.7630 0.5067
vn 0.2705 -0.9272 0.2590
vn 0.4158 0.9072 -0.0640
vn 0.6737 -0.3063 -0.6725
vn 0.8872 0.1340 0.4416
vn 0.1356 0.9881 0.0729
vn 0.9671 0.2544 -0.0001
vn 0.1863 0.8489 -0.4947
vn 0.4651 -0.7216 -0.5129
vn 0.8975 0.1955 -0.3954
vn 0.5381 -0.5288 -0.6564
vn 0.9127 0.0373 -0.4070
vn 0.6250 0.1307 0.7696
vn 0.1107 0.8378 0.5347
vn 0.7867 -0.1092 0.6076
vn 0.6376 0.4999 0.5861
vn 0.8912 0.2462 0.3810
vn 0.3180 0.4326 -0.8437
vn 0.6296 0.1906 -0.7532
vn 0.9552 -0.1495 -0.2554
vn 0.8775 -0.1454 0.4570
vn 0.2362 -0.7532 0.6138
vn 0.0402 -0.9971 0.0646
vn 0.8974 0.2374 -0.3720
vn 0.9800 0.0340 -0.1963
vn 0.4509 0.8912 0.0494
vn 0.2909 0.6202 0.7286
vn 0.9415 0.1725 -0.2893
vn 0.6103 -0.5835 0.5358
vn 0.9399 -0.3415 -0.0054
vn 0.9820 0.0775 0.1723
vn 0.9825 -0.0735 -0.1713
vn 0.5179 0.8310 -0.2029
vn 0.3671 0.8823 -0.2946
vn 0.6074 -0.4593 -0.6481
vn -0.0573 0.6158 -0.7858
vn 0.9144 0.1312 -0.3830
vn 0.9429 -0.3251 0.0724
vn 0.9122 -0.3644 -0.1875
vn -0.2790 -0.9599 -0.0289
vn 0.0488 0.1667 -0.9848
vn 0.8619 -0.5062 0.0305
vn 0.2770 -0.2489 0.9281
vn 0.8866 -0.3569 0.2941
vn 0.6995 0.7111 0.0710
vn -0.7581 -0.3837 0.5273
vn 0.8304 -0.5537 -0.0619
vn 0.7975 0.6017 0.0437
vn 0.6411 -0.2604 0.7219
vn -0.1179 -0.7405 0.6616
vn 0.7388 -0.5401 -0.4031
vn 0.7691 0.1936 0.6091
vn 0.0774 0.9719 -0.2224
vn -0.1601 -0.9790 -0.1262
vn 0.8556 -0.3324 -0.3968
vn 0.9793 -0.1851 0.0825
vn 0.7194 0.6716 0.1773
vn 0.9338 -0.3553 -0.0418
vn 0.7427 -0.3284 -0.5836
vn 0.8822 -0.4565 -0.1153
vn -0.1024 0.7823 -0.6145
vn 0.2489 0.1237 -0.9606
vn 0.8782 -0.1730 0.4460
vn 0.8884 -0.4581 -0.0285
vn 0.7608 -0.5854 -0.2801
vn 0.9206 -0.3270 0.2135
vn 0.8582 -0.4934 0.1416
vn 0.8340 0.5476 0.0681
vn 0.6970 0.0967 -0.7106
vn 0.1150 0.9708 0.2105
vn 0.5804 -0.5434 0.6065
vn 0.2222 -0.2913 0.9305
vn -0.2095 -0.3834 0.8995
vn -0.0890 0.3216 0.9427
vn 0.5758 0.5221 -0.6292
vn -0.6521 -0.1682 0.7393
vn -0.1923 0.8186 0.5412
vn -0.9945 0.0162 -0.1039
vn -0.2265 -0.6053 0.7631
vn -0.5773 -0.8060 0.1309
vn -0.7118 -0.5501 0.4367
vn -0.4448 -0.7877 0.4262
vn -0.6956 -0.5235 0.4920
vn -0.0232 -0.8358 0.5485
vn -0.3925 -0.8603 0.3254
vn -0.4505 -0.8197 0.3537
vn -0.2682 -0.8864 0.3773
s 1
f 5//5 3//3 1//1
f 4//4 1//1 2//2
f 6//6 1//1 4//4
f 2//2 1//1 7//7
f 1631//1626 3//3 5//5
f 5//5 1//1 6//6
f 3//3 1631//1626 1//1
f 1631//1626 5//5 19//19
f 10//10 9//9 8//8
f 1//1 1631//1626 7//7
f 15//15 6//6 4//4
f 7//7 1631//1626 16//16
f 12//12 8//8 9//9
f 10//10 8//8 11//11
f 7//7 16//16 9//9
f 12//12 11//11 8//8
f 10//10 13//13 9//9
f 19//19 5//5 6//6
f 16//16 12//12 9//9
f 19//19 16//16 1631//1626
f 23//23 11//11 12//12
f 26//26 23//23 12//12
f 10//10 11//11 14//14
f 2//2 20//20 4//4
f 14//14 22//22 10//10
f 28//28 18//18 17//17
f 21//21 2//2 7//7
f 9//9 13//13 7//7
f 26//26 29//29 11//11
f 10//10 22//22 13//13
f 24//24 17//17 18//18
f 25//25 57//57 37//37
f 29//29 14//14 11//11
f 6//6 15//15 19//19
f 4//4 20//20 15//15
f 11//11 23//23 26//26
f 41//41 71//71 28//28
f 32//32 37//37 27//27
f 7//7 13//13 21//21
f 27//27 37//37 57//57
f 12//12 29//29 26//26
f 52//52 28//28 17//17
f 18//18 71//71 42//42
f 18//18 42//42 24//24
f 55//55 14//14 29//29
f 48//48 33//33 47//47
f 33//33 48//48 34//34
f 14//14 45//45 30//30
f 46//46 40//40 31//31
f 71//71 18//18 28//28
f 41//41 78//78 35//35
f 35//35 36//36 71//71
f 38//38 21//21 13//13
f 41//41 28//28 78//78
f 71//71 36//36 42//42
f 47//47 33//33 50//50
f 47//47 53//53 48//48
f 33//33 44//44 43//43
f 2//2 21//21 20//20
f 38//38 13//13 22//22
f 55//55 45//45 14//14
f 14//14 30//30 39//39
f 49//49 17//17 24//24
f 37//37 36//36 25//25
f 27//27 57//57 32//32
f 44//44 33//33 34//34
f 14//14 39//39 22//22
f 52//52 63//63 28//28
f 42//42 49//49 24//24
f 37//37 32//32 36//36
f 55//55 77//77 45//45
f 46//46 98//98 40//40
f 49//49 56//56 17//17
f 43//43 50//50 33//33
f 48//48 53//53 58//58
f 73//73 54//54 59//59
f 45//45 77//77 62//62
f 40//40 98//98 114//114
f 51//51 78//78 28//28
f 51//51 28//28 63//63
f 78//78 107//107 133//133
f 56//56 52//52 17//17
f 36//36 32//32 42//42
f 67//67 34//34 48//48
f 12//12 60//60 29//29
f 34//34 61//61 44//44
f 51//51 63//63 40//40
f 25//25 36//36 64//64
f 73//73 66//66 54//54
f 60//60 16//16 19//19
f 34//34 67//67 61//61
f 65//65 20//20 21//21
f 76//76 69//69 44//44
f 61//61 76//76 44//44
f 41//41 35//35 71//71
f 36//36 82//82 64//64
f 72//72 32//32 57//57
f 69//69 101//101 44//44
f 21//21 38//38 65//65
f 75//75 76//76 61//61
f 70//70 38//38 22//22
f 31//31 40//40 63//63
f 36//36 35//35 82//82
f 64//64 57//57 25//25
f 15//15 74//74 19//19
f 12//12 16//16 60//60
f 61//61 67//67 75//75
f 51//51 40//40 114//114
f 35//35 133//133 82//82
f 64//64 72//72 57//57
f 50//50 43//43 93//93
f 59//59 111//111 73//73
f 43//43 44//44 101//101
f 79//79 54//54 66//66
f 15//15 20//20 74//74
f 81//81 77//77 55//55
f 70//70 22//22 39//39
f 46//46 1632//1627 98//98
f 108//108 50//50 93//93
f 88//88 66//66 73//73
f 58//58 89//89 48//48
f 67//67 48//48 167//167
f 85//85 54//54 79//79
f 59//59 54//54 85//85
f 86//86 75//75 67//67
f 55//55 29//29 80//80
f 81//81 62//62 77//77
f 31//31 63//63 46//46
f 95//95 87//87 84//84
f 87//87 92//92 84//84
f 66//66 88//88 79//79
f 60//60 19//19 74//74
f 90//90 59//59 85//85
f 94//94 39//39 30//30
f 114//114 99//99 51//51
f 78//78 51//51 99//99
f 107//107 214//214 133//133
f 35//35 78//78 133//133
f 64//64 82//82 83//83
f 109//109 53//53 47//47
f 74//74 20//20 68//68
f 68//68 20//20 65//65
f 65//65 38//38 70//70
f 62//62 81//81 45//45
f 188//188 98//98 1632//1627
f 114//114 106//106 99//99
f 63//63 52//52 56//56
f 87//87 95//95 134//134
f 135//135 95//95 84//84
f 116//116 58//58 53//53
f 48//48 89//89 167//167
f 102//102 67//67 167//167
f 29//29 60//60 80//80
f 91//91 114//114 98//98
f 107//107 78//78 99//99
f 83//83 82//82 133//133
f 64//64 83//83 100//100
f 90//90 85//85 96//96
f 86//86 67//67 102//102
f 102//102 167//167 103//103
f 55//55 140//140 81//81
f 97//97 69//69 119//119
f 101//101 69//69 97//97
f 105//105 97//97 119//119
f 199//199 100//100 83//83
f 116//116 53//53 109//109
f 89//89 58//58 90//90
f 103//103 167//167 112//112
f 39//39 94//94 117//117
f 104//104 30//30 45//45
f 94//94 30//30 104//104
f 103//103 112//112 113//113
f 112//112 118//118 113//113
f 121//121 103//103 113//113
f 187//187 46//46 63//63
f 83//83 133//133 190//190
f 42//42 32//32 72//72
f 199//199 83//83 190//190
f 135//135 100//100 95//95
f 87//87 115//115 92//92
f 126//126 111//111 59//59
f 126//126 59//59 90//90
f 116//116 90//90 58//58
f 79//79 138//138 192//192
f 140//140 55//55 80//80
f 139//139 76//76 75//75
f 104//104 45//45 81//81
f 130//130 122//122 164//164
f 122//122 130//130 123//123
f 91//91 125//125 114//114
f 106//106 114//114 125//125
f 200//200 95//95 100//100
f 115//115 87//87 134//134
f 136//136 79//79 88//88
f 79//79 192//192 85//85
f 86//86 127//127 75//75
f 117//117 70//70 39//39
f 141//141 94//94 120//120
f 128//128 103//103 121//121
f 130//130 153//153 129//129
f 183//183 130//130 164//164
f 148//148 164//164 124//124
f 131//131 148//148 124//124
f 91//91 98//98 188//188
f 72//72 49//49 42//42
f 110//110 136//136 88//88
f 136//136 138//138 79//79
f 137//137 43//43 101//101
f 218//218 68//68 65//65
f 103//103 128//128 102//102
f 117//117 94//94 141//141
f 141//141 120//120 142//142
f 143//143 144//144 145//145
f 129//129 152//152 146//146
f 153//153 152//152 129//129
f 146//146 147//147 129//129
f 153//153 130//130 183//183
f 130//130 129//129 147//147
f 122//122 123//123 186//186
f 124//124 164//164 122//122
f 1632//1627 46//46 187//187
f 100//100 135//135 217//217
f 93//93 43//43 149//149
f 89//89 90//90 96//96
f 76//76 139//139 69//69
f 120//120 94//94 157//157
f 94//94 220//220 143//143
f 157//157 94//94 143//143
f 157//157 151//151 120//120
f 151//151 143//143 145//145
f 146//146 180//180 160//160
f 146//146 160//160 226//226
f 171//171 159//159 161//161
f 154//154 148//148 155//155
f 130//130 147//147 123//123
f 155//155 148//148 131//131
f 156//156 131//131 124//124
f 122//122 165//165 124//124
f 100//100 199//199 200//200
f 47//47 50//50 108//108
f 101//101 97//97 137//137
f 81//81 140//140 104//104
f 65//65 70//70 117//117
f 239//239 137//137 97//97
f 94//94 104//104 220//220
f 118//118 150//150 113//113
f 170//170 97//97 105//105
f 151//151 157//157 143//143
f 145//145 172//172 159//159
f 158//158 145//145 159//159
f 180//180 194//194 160//160
f 146//146 226//226 162//162
f 161//161 154//154 171//171
f 171//171 154//154 163//163
f 161//161 148//148 154//154
f 164//164 148//148 173//173
f 212//212 91//91 188//188
f 122//122 186//186 165//165
f 200//200 134//134 95//95
f 115//115 134//134 166//166
f 253//253 135//135 84//84
f 253//253 84//84 92//92
f 109//109 47//47 108//108
f 116//116 126//126 90//90
f 128//128 168//168 102//102
f 119//119 69//69 139//139
f 170//170 105//105 202//202
f 169//169 264//264 105//105
f 145//145 178//178 172//172
f 152//152 180//180 146//146
f 159//159 172//172 161//161
f 225//225 152//152 153//153
f 161//161 173//173 148//148
f 163//163 154//154 155//155
f 155//155 131//131 185//185
f 132//132 91//91 212//212
f 125//125 91//91 132//132
f 187//187 188//188 1632//1627
f 56//56 204//204 63//63
f 253//253 92//92 115//115
f 88//88 73//73 110//110
f 85//85 192//192 176//176
f 207//207 112//112 167//167
f 218//218 65//65 206//206
f 86//86 102//102 168//168
f 65//65 117//117 206//206
f 220//220 104//104 140//140
f 141//141 142//142 201//201
f 105//105 119//119 169//169
f 144//144 143//143 222//222
f 151//151 145//145 158//158
f 193//193 160//160 194//194
f 193//193 179//179 160//160
f 145//145 144//144 178//178
f 158//158 159//159 181//181
f 123//123 147//147 184//184
f 156//156 124//124 198//198
f 99//99 189//189 107//107
f 214//214 190//190 133//133
f 166//166 134//134 216//216
f 176//176 96//96 85//85
f 167//167 89//89 96//96
f 113//113 150//150 177//177
f 210//210 209//209 194//194
f 181//181 159//159 171//171
f 153//153 183//183 225//225
f 182//182 195//195 171//171
f 163//163 182//182 171//171
f 196//196 183//183 164//164
f 196//196 164//164 173//173
f 131//131 156//156 174//174
f 198//198 124//124 165//165
f 64//64 242//242 72//72
f 215//215 216//216 134//134
f 60//60 74//74 247//247
f 149//149 43//43 137//137
f 207//207 167//167 96//96
f 86//86 168//168 127//127
f 75//75 127//127 139//139
f 119//119 139//139 169//169
f 239//239 97//97 170//170
f 222//222 220//220 254//254
f 143//143 220//220 222//222
f 142//142 120//120 151//151
f 121//121 113//113 177//177
f 209//209 223//223 193//193
f 194//194 209//209 193//193
f 250//250 151//151 158//158
f 210//210 194//194 180//180
f 226//226 160//160 203//203
f 147//147 146//146 162//162
f 182//182 163//163 197//197
f 186//186 123//123 287//287
f 187//187 63//63 204//204
f 49//49 72//72 237//237
f 64//64 100//100 217//217
f 73//73 274//274 110//110
f 126//126 116//116 109//109
f 110//110 274//274 136//136
f 74//74 68//68 205//205
f 68//68 191//191 205//205
f 138//138 136//136 175//175
f 80//80 60//60 247//247
f 117//117 141//141 206//206
f 207//207 118//118 112//112
f 208//208 170//170 202//202
f 105//105 264//264 202//202
f 223//223 208//208 193//193
f 208//208 202//202 193//193
f 202//202 251//251 193//193
f 179//179 203//203 160//160
f 162//162 226//226 234//234
f 185//185 131//131 174//174
f 187//187 204//204 188//188
f 213//213 204//204 56//56
f 200//200 199//199 260//260
f 134//134 200//200 215//215
f 218//218 191//191 68//68
f 150//150 118//118 232//232
f 170//170 208//208 223//223
f 233//233 121//121 177//177
f 142//142 151//151 221//221
f 178//178 144//144 224//224
f 180//180 152//152 225//225
f 161//161 172//172 227//227
f 197//197 163//163 155//155
f 155//155 185//185 236//236
f 125//125 228//228 229//229
f 228//228 125//125 132//132
f 165//165 186//186 258//258
f 214//214 199//199 190//190
f 243//243 339//339 244//244
f 243//243 244//244 230//230
f 175//175 136//136 274//274
f 137//137 248//248 149//149
f 128//128 231//231 168//168
f 193//193 251//251 179//179
f 224//224 240//240 178//178
f 173//173 161//161 227//227
f 236//236 197//197 155//155
f 286//286 228//228 132//132
f 123//123 184//184 287//287
f 213//213 56//56 49//49
f 214//214 260//260 199//199
f 242//242 237//237 72//72
f 217//217 135//135 253//253
f 176//176 261//261 96//96
f 262//262 239//239 170//170
f 223//223 262//262 170//170
f 233//233 128//128 121//121
f 296//296 209//209 210//210
f 147//147 162//162 235//235
f 200//200 260//260 241//241
f 200//200 241//241 215//215
f 64//64 217//217 242//242
f 93//93 149//149 245//245
f 80//80 219//219 140//140
f 96//96 261//261 207//207
f 239//239 248//248 137//137
f 220//220 140//140 254//254
f 231//231 128//128 233//233
f 144//144 222//222 224//224
f 252//252 250//250 158//158
f 203//203 179//179 211//211
f 172//172 178//178 240//240
f 257//257 184//184 147//147
f 259//259 106//106 125//125
f 99//99 106//106 259//259
f 238//238 93//93 245//245
f 246//246 126//126 109//109
f 176//176 192//192 138//138
f 255//255 169//169 139//139
f 267//267 158//158 181//181
f 171//171 195//195 181//181
f 256//256 183//183 300//300
f 283//283 205//205 191//191
f 176//176 138//138 175//175
f 206//206 141//141 201//201
f 201//201 142//142 341//341
f 264//264 169//169 275//275
f 211//211 179//179 266//266
f 257//257 147//147 235//235
f 286//286 229//229 228//228
f 212//212 286//286 132//132
f 186//186 287//287 258//258
f 189//189 99//99 259//259
f 214//214 107//107 358//358
f 243//243 329//329 339//339
f 243//243 230//230 279//279
f 274//274 73//73 282//282
f 219//219 80//80 247//247
f 175//175 274//274 291//291
f 254//254 263//263 222//222
f 150//150 232//232 265//265
f 177//177 150//150 265//265
f 251//251 202//202 273//273
f 179//179 251//251 273//273
f 266//266 179//179 273//273
f 180//180 225//225 298//298
f 268//268 234//234 226//226
f 256//256 225//225 183//183
f 269//269 236//236 185//185
f 185//185 174//174 269//269
f 337//337 125//125 229//229
f 358//358 107//107 189//189
f 49//49 270//270 213//213
f 305//305 282//282 73//73
f 111//111 126//126 246//246
f 272//272 140//140 324//324
f 254//254 140//140 272//272
f 139//139 168//168 255//255
f 169//169 255//255 275//275
f 273//273 202//202 264//264
f 211//211 266//266 273//273
f 158//158 267//267 252//252
f 284//284 234//234 268//268
f 225//225 256//256 276//276
f 285//285 195//195 182//182
f 335//335 286//286 212//212
f 288//288 165//165 258//258
f 303//303 188//188 204//204
f 198//198 165//165 318//318
f 241//241 216//216 215//215
f 278//278 242//242 217//217
f 278//278 217//217 253//253
f 339//339 280//280 244//244
f 108//108 93//93 238//238
f 271//271 109//109 281//281
f 282//282 290//290 274//274
f 246//246 109//109 271//271
f 291//291 274//274 290//290
f 140//140 219//219 324//324
f 176//176 293//293 261//261
f 139//139 127//127 168//168
f 341//341 142//142 221//221
f 221//221 151//151 316//316
f 151//151 250//250 316//316
f 298//298 210//210 180//180
f 195//195 277//277 181//181
f 173//173 227//227 325//325
f 301//301 307//307 286//286
f 125//125 337//337 259//259
f 302//302 289//289 259//259
f 189//189 259//259 322//322
f 322//322 358//358 189//189
f 244//244 330//330 230//230
f 304//304 238//238 245//245
f 247//247 205//205 386//386
f 247//247 74//74 205//205
f 345//345 191//191 218//218
f 245//245 149//149 248//248
f 168//168 354//354 255//255
f 209//209 294//294 223//223
f 294//294 209//209 296//296
f 273//273 264//264 275//275
f 224//224 222//222 249//249
f 240//240 299//299 172//172
f 325//325 227//227 299//299
f 300//300 183//183 196//196
f 301//301 286//286 335//335
f 310//310 312//312 229//229
f 303//303 204//204 213//213
f 259//259 289//289 322//322
f 330//330 279//279 230//230
f 108//108 281//281 109//109
f 219//219 247//247 292//292
f 175//175 314//314 176//176
f 239//239 262//262 248//248
f 118//118 207//207 306//306
f 294//294 262//262 223//223
f 233//233 177//177 295//295
f 227//227 172//172 299//299
f 268//268 226//226 203//203
f 196//196 173//173 325//325
f 235//235 162//162 234//234
f 235//235 309//309 257//257
f 229//229 286//286 310//310
f 280//280 339//339 340//340
f 314//314 293//293 176//176
f 168//168 231//231 354//354
f 265//265 232//232 315//315
f 268//268 203//203 211//211
f 225//225 276//276 298//298
f 236//236 311//311 197//197
f 317//317 312//312 310//310
f 212//212 188//188 313//313
f 174//174 156//156 269//269
f 326//326 156//156 198//198
f 241//241 260//260 214//214
f 323//323 216//216 241//241
f 237//237 242//242 278//278
f 253//253 115//115 166//166
f 175//175 291//291 314//314
f 207//207 261//261 319//319
f 353//353 206//206 201//201
f 306//306 232//232 118//118
f 222//222 263//263 249//249
f 210//210 298//298 297//297
f 301//301 333//333 307//307
f 270//270 303//303 213//213
f 270//270 327//327 303//303
f 216//216 328//328 166//166
f 372//372 329//329 243//243
f 361//361 205//205 283//283
f 362//362 219//219 292//292
f 353//353 218//218 206//206
f 332//332 231//231 233//233
f 347//347 275//275 255//255
f 275//275 399//399 273//273
f 277//277 267//267 181//181
f 195//195 285//285 277//277
f 333//333 343//343 307//307
f 307//307 343//343 334//334
f 286//286 307//307 310//310
f 321//321 258//258 287//287
f 359//359 327//327 270//270
f 328//328 216//216 323//323
f 385//385 339//339 329//329
f 243//243 279//279 372//372
f 280//280 330//330 244//244
f 387//387 245//245 248//248
f 293//293 364//364 261//261
f 319//319 365//365 207//207
f 221//221 316//316 407//407
f 296//296 210//210 297//297
f 182//182 197//197 336//336
f 349//349 212//212 313//313
f 312//312 317//317 337//337
f 229//229 312//312 337//337
f 497//497 302//302 259//259
f 327//327 371//371 303//303
f 241//241 214//214 323//323
f 360//360 237//237 278//278
f 278//278 253//253 166//166
f 352//352 324//324 362//362
f 290//290 437//437 291//291
f 388//388 293//293 314//314
f 347//347 255//255 354//354
f 295//295 177//177 366//366
f 177//177 265//265 366//366
f 367//367 240//240 224//224
f 355//355 301//301 335//335
f 349//349 335//335 212//212
f 236//236 320//320 311//311
f 337//337 317//317 369//369
f 269//269 320//320 236//236
f 313//313 188//188 303//303
f 302//302 344//344 289//289
f 371//371 327//327 359//359
f 49//49 237//237 270//270
f 385//385 329//329 1634//1629
f 339//339 385//385 340//340
f 350//350 108//108 238//238
f 362//362 324//324 219//219
f 261//261 364//364 319//319
f 341//341 331//331 201//201
f 354//354 231//231 332//332
f 342//342 252//252 267//267
f 333//333 381//381 343//343
f 336//336 285//285 182//182
f 374//374 317//317 310//310
f 317//317 1633//1628 369//369
f 350//350 238//238 304//304
f 108//108 350//350 281//281
f 351//351 283//283 191//191
f 282//282 437//437 290//290
f 205//205 361//361 386//386
f 246//246 271//271 346//346
f 201//201 331//331 353//353
f 262//262 294//294 417//417
f 332//332 233//233 348//348
f 316//316 250//250 252//252
f 342//342 316//316 252//252
f 211//211 273//273 409//409
f 325//325 300//300 196//196
f 235//235 234//234 356//356
f 307//307 334//334 310//310
f 235//235 356//356 308//308
f 497//497 259//259 337//337
f 326//326 198//198 318//318
f 344//344 370//370 289//289
f 358//358 415//415 214//214
f 415//415 323//323 214//214
f 279//279 330//330 372//372
f 361//361 283//283 351//351
f 304//304 245//245 436//436
f 324//324 363//363 272//272
f 364//364 293//293 388//388
f 197//197 311//311 357//357
f 308//308 309//309 235//235
f 317//317 368//368 1633//1628
f 317//317 374//374 368//368
f 322//322 289//289 370//370
f 330//330 280//280 373//373
f 305//305 73//73 111//111
f 386//386 292//292 247//247
f 291//291 437//437 388//388
f 232//232 389//389 315//315
f 381//381 333//333 301//301
f 356//356 234//234 284//284
f 335//335 349//349 355//355
f 336//336 197//197 357//357
f 375//375 313//313 303//303
f 392//392 338//338 269//269
f 318//318 165//165 288//288
f 377//377 376//376 371//371
f 371//371 376//376 303//303
f 378//378 377//377 371//371
f 378//378 371//371 359//359
f 328//328 323//323 384//384
f 328//328 384//384 406//406
f 360//360 278//278 379//379
f 329//329 395//395 1634//1629
f 372//372 395//395 396//396
f 324//324 352//352 363//363
f 314//314 291//291 388//388
f 345//345 218//218 353//353
f 272//272 380//380 254//254
f 295//295 348//348 233//233
f 224//224 249//249 390//390
f 382//382 184//184 257//257
f 320//320 269//269 338//338
f 303//303 376//376 391//391
f 288//288 258//258 321//321
f 378//378 359//359 383//383
f 359//359 270//270 394//394
f 384//384 323//323 424//424
f 166//166 328//328 278//278
f 395//395 329//329 396//396
f 340//340 385//385 416//416
f 340//340 416//416 397//397
f 437//437 282//282 305//305
f 111//111 246//246 346//346
f 417//417 248//248 262//262
f 306//306 207//207 365//365
f 254//254 380//380 263//263
f 366//366 265//265 315//315
f 381//381 419//419 401//401
f 343//343 381//381 401//401
f 403//403 301//301 355//355
f 313//313 375//375 349//349
f 391//391 375//375 303//303
f 269//269 156//156 392//392
f 156//156 326//326 392//392
f 412//412 370//370 344//344
f 393//393 323//323 415//415
f 360//360 379//379 385//385
f 385//385 379//379 416//416
f 329//329 372//372 396//396
f 280//280 340//340 397//397
f 111//111 346//346 428//428
f 380//380 272//272 429//429
f 319//319 364//364 398//398
f 417//417 294//294 418//418
f 389//389 232//232 306//306
f 342//342 267//267 277//277
f 343//343 401//401 488//488
f 334//334 343//343 488//488
f 490//490 471//471 355//355
f 490//490 355//355 349//349
f 310//310 334//334 374//374
f 457//457 490//490 349//349
f 411//411 1633//1628 368//368
f 369//369 1633//1628 410//410
f 382//382 257//257 309//309
f 184//184 382//382 404//404
f 376//376 444//444 391//391
f 288//288 405//405 318//318
f 423//423 383//383 359//359
f 323//323 393//393 424//424
f 394//394 270//270 237//237
f 237//237 360//360 394//394
f 427//427 271//271 281//281
f 468//468 427//427 281//281
f 427//427 346//346 271//271
f 341//341 221//221 539//539
f 400//400 419//419 381//381
f 381//381 301//301 400//400
f 325//325 299//299 402//402
f 420//420 256//256 300//300
f 1633//1628 472//472 410//410
f 357//357 311//311 320//320
f 184//184 404//404 287//287
f 436//436 350//350 304//304
f 417//417 387//387 248//248
f 408//408 249//249 263//263
f 390//390 249//249 408//408
f 367//367 224//224 390//390
f 419//419 439//439 401//401
f 268//268 211//211 409//409
f 430//430 374//374 334//334
f 441//441 457//457 349//349
f 374//374 421//421 431//431
f 375//375 441//441 349//349
f 321//321 287//287 404//404
f 447//447 392//392 326//326
f 288//288 413//413 405//405
f 415//415 358//358 414//414
f 359//359 394//394 423//423
f 360//360 385//385 394//394
f 328//328 406//406 278//278
f 465//465 416//416 379//379
f 437//437 452//452 388//388
f 221//221 407//407 539//539
f 399//399 275//275 347//347
f 419//419 456//456 439//439
f 420//420 276//276 256//256
f 431//431 368//368 374//374
f 473//473 1633//1628 411//411
f 444//444 375//375 391//391
f 433//433 288//288 462//462
f 424//424 393//393 435//435
f 394//394 385//385 1634//1629
f 581//581 372//372 330//330
f 426//426 436//436 245//245
f 429//429 272//272 363//363
f 365//365 319//319 398//398
f 348//348 295//295 438//438
f 273//273 399//399 507//507
f 470//470 456//456 419//419
f 521//521 277//277 285//285
f 334//334 488//488 421//421
f 430//430 334//334 421//421
f 320//320 338//338 445//445
f 460//460 321//321 432//432
f 412//412 344//344 498//498
f 462//462 288//288 460//460
f 413//413 288//288 433//433
f 326//326 434//434 447//447
f 370//370 358//358 322//322
f 326//326 318//318 434//434
f 318//318 405//405 422//422
f 463//463 318//318 422//422
f 416//416 449//449 397//397
f 387//387 426//426 245//245
f 386//386 502//502 292//292
f 438//438 295//295 455//455
f 295//295 366//366 455//455
f 455//455 366//366 454//454
f 456//456 455//455 439//439
f 541//541 301//301 403//403
f 471//471 489//489 355//355
f 421//421 374//374 430//430
f 309//309 308//308 458//458
f 459//459 337//337 369//369
f 382//382 309//309 442//442
f 404//404 485//485 432//432
f 377//377 444//444 376//376
f 460//460 288//288 321//321
f 392//392 447//447 446//446
f 434//434 318//318 463//463
f 278//278 406//406 448//448
f 280//280 397//397 373//373
f 330//330 373//373 581//581
f 449//449 416//416 450//450
f 466//466 450//450 416//416
f 351//351 191//191 486//486
f 388//388 452//452 453//453
f 398//398 306//306 365//365
f 539//539 331//331 341//341
f 366//366 315//315 454//454
f 296//296 297//297 469//469
f 482//482 297//297 298//298
f 401//401 439//439 454//454
f 440//440 298//298 276//276
f 342//342 277//277 521//521
f 541//541 400//400 301//301
f 411//411 368//368 431//431
f 369//369 410//410 459//459
f 309//309 458//458 442//442
f 474//474 320//320 443//443
f 337//337 459//459 497//497
f 382//382 485//485 404//404
f 338//338 477//477 476//476
f 475//475 344//344 302//302
f 377//377 378//378 479//479
f 414//414 515//515 415//415
f 378//378 383//383 479//479
f 393//393 415//415 464//464
f 384//384 501//501 406//406
f 465//465 379//379 278//278
f 494//494 1634//1629 395//395
f 466//466 451//451 450//450
f 426//426 467//467 436//436
f 363//363 352//352 425//425
f 425//425 352//352 362//362
f 111//111 428//428 564//564
f 389//389 306//306 540//540
f 354//354 504//504 347//347
f 418//418 294//294 296//296
f 439//439 455//455 454//454
f 483//483 402//402 299//299
f 495//495 355//355 489//489
f 457//457 441//441 491//491
f 472//472 1633//1628 473//473
f 382//382 442//442 485//485
f 302//302 497//497 475//475
f 321//321 404//404 432//432
f 446//446 338//338 392//392
f 446//446 477//477 338//338
f 370//370 461//461 358//358
f 478//478 377//377 479//479
f 414//414 358//358 461//461
f 536//536 433//433 462//462
f 384//384 424//424 501//501
f 494//494 395//395 372//372
f 281//281 350//350 468//468
f 425//425 362//362 292//292
f 564//564 305//305 111//111
f 364//364 388//388 480//480
f 398//398 364//364 480//480
f 438//438 455//455 456//456
f 506//506 316//316 342//342
f 482//482 298//298 440//440
f 509//509 419//419 400//400
f 401//401 454//454 488//488
f 542//542 276//276 530//530
f 530//530 276//276 420//420
f 420//420 300//300 637//637
f 495//495 403//403 355//355
f 457//457 491//491 490//490
f 534//534 308//308 356//356
f 492//492 336//336 357//357
f 308//308 484//484 458//458
f 442//442 458//458 513//513
f 320//320 445//445 443//443
f 478//478 444//444 377//377
f 432//432 493//493 460//460
f 536//536 462//462 460//460
f 516//516 463//463 422//422
f 394//394 1634//1629 494//494
f 427//427 468//468 518//518
f 487//487 452//452 437//437
f 354//354 332//332 481//481
f 409//409 273//273 507//507
f 470//470 419//419 509//509
f 325//325 637//637 300//300
f 510//510 495//495 489//489
f 484//484 308//308 534//534
f 431//431 421//421 511//511
f 524//524 473//473 411//411
f 357//357 320//320 551//551
f 444//444 441//441 375//375
f 476//476 445//445 338//338
f 485//485 535//535 432//432
f 413//413 433//433 499//499
f 500//500 424//424 435//435
f 450//450 517//517 449//449
f 425//425 292//292 502//502
f 427//427 428//428 346//346
f 566//566 191//191 345//345
f 453//453 452//452 487//487
f 538//538 417//417 503//503
f 539//539 567//567 331//331
f 503//503 417//417 418//418
f 570//570 389//389 540//540
f 354//354 481//481 504//504
f 407//407 316//316 506//506
f 297//297 482//482 469//469
f 509//509 400//400 541//541
f 268//268 409//409 284//284
f 440//440 276//276 542//542
f 545//545 336//336 492//492
f 410//410 472//472 579//579
f 640//640 459//459 410//410
f 512//512 357//357 551//551
f 553//553 414//414 461//461
f 434//434 463//463 514//514
f 434//434 514//514 447//447
f 516//516 422//422 405//405
f 405//405 413//413 499//499
f 415//415 515//515 464//464
f 393//393 611//611 435//435
f 424//424 527//527 501//501
f 466//466 416//416 465//465
f 582//582 450//450 451//451
f 519//519 486//486 191//191
f 487//487 437//437 305//305
f 387//387 417//417 538//538
f 306//306 398//398 540//540
f 418//418 296//296 505//505
f 347//347 504//504 399//399
f 520//520 438//438 456//456
f 456//456 470//470 520//520
f 508//508 506//506 342//342
f 299//299 240//240 367//367
f 508//508 342//342 521//521
f 543//543 635//635 403//403
f 543//543 403//403 495//495
f 550//550 522//522 523//523
f 534//534 356//356 496//496
f 525//525 498//498 344//344
f 383//383 423//423 526//526
f 581//581 494//494 372//372
f 466//466 582//582 451//451
f 537//537 426//426 387//387
f 519//519 191//191 566//566
f 345//345 353//353 566//566
f 429//429 528//528 380//380
f 481//481 332//332 348//348
f 505//505 296//296 469//469
f 315//315 389//389 570//570
f 399//399 529//529 507//507
f 402//402 637//637 325//325
f 356//356 284//284 532//532
f 496//496 356//356 532//532
f 544//544 490//490 491//491
f 410//410 579//579 640//640
f 320//320 474//474 551//551
f 609//609 442//442 513//513
f 609//609 485//485 442//442
f 497//497 725//723 475//475
f 535//535 485//485 552//552
f 479//479 383//383 526//526
f 393//393 464//464 611//611
f 278//278 448//448 465//465
f 546//546 581//581 373//373
f 449//449 546//546 397//397
f 397//397 546//546 373//373
f 518//518 436//436 467//467
f 604//604 428//428 427//427
f 386//386 361//361 554//554
f 487//487 305//305 547//547
f 547//547 453//453 487//487
f 353//353 331//331 567//567
f 388//388 453//453 480//480
f 706//705 505//505 469//469
f 556//556 284//284 409//409
f 454//454 549//549 488//488
f 614//614 522//522 550//550
f 543//543 495//495 510//510
f 596//596 521//521 285//285
f 284//284 531//531 532//532
f 523//523 522//522 533//533
f 544//544 471//471 490//490
f 545//545 576//576 336//336
f 491//491 441//441 444//444
f 485//485 609//609 552//552
f 560//560 432//432 535//535
f 405//405 499//499 562//562
f 518//518 350//350 436//436
f 518//518 468//468 350//350
f 554//554 361//361 351//351
f 284//284 575//575 531//531
f 285//285 336//336 576//576
f 471//471 544//544 489//489
f 524//524 579//579 473//473
f 561//561 562//562 433//433
f 561//561 433//433 536//536
f 499//499 433//433 562//562
f 405//405 562//562 563//563
f 447//447 580//580 446//446
f 447//447 514//514 599//599
f 516//516 563//563 463//463
f 406//406 501//501 448//448
f 604//604 427//427 518//518
f 540//540 398//398 480//480
f 706//705 418//418 505//505
f 592//592 348//348 438//438
f 399//399 504//504 529//529
f 621//621 315//315 570//570
f 556//556 409//409 507//507
f 299//299 367//367 483//483
f 440//440 542//542 530//530
f 488//488 549//549 421//421
f 533//533 522//522 576//576
f 511//511 421//421 559//559
f 578//578 492//492 357//357
f 579//579 472//472 473//473
f 578//578 357//357 512//512
f 475//475 525//525 344//344
f 432//432 560//560 493//493
f 460//460 586//586 561//561
f 460//460 493//493 586//586
f 477//477 446//446 617//617
f 561//561 536//536 460//460
f 630//630 412//412 498//498
f 405//405 563//563 516//516
f 514//514 463//463 563//563
f 526//526 423//423 394//394
f 517//517 450//450 582//582
f 547//547 305//305 565//565
f 566//566 353//353 567//567
f 568//568 567//567 539//539
f 539//539 407//407 583//583
f 454//454 315//315 621//621
f 557//557 454//454 621//621
f 284//284 556//556 594//594
f 573//573 541//541 403//403
f 614//614 550//550 574//574
f 284//284 558//558 575//575
f 285//285 576//576 596//596
f 522//522 596//596 576//576
f 585//585 491//491 444//444
f 513//513 458//458 609//609
f 535//535 552//552 560//560
f 447//447 599//599 580//580
f 414//414 553//553 588//588
f 515//515 414//414 589//589
f 394//394 494//494 581//581
f 449//449 517//517 546//546
f 947//945 1237//1235 467//467
f 425//425 502//502 655//655
f 453//453 547//547 565//565
f 453//453 565//565 480//480
f 408//408 263//263 591//591
f 548//548 407//407 506//506
f 592//592 438//438 520//520
f 520//520 470//470 572//572
f 558//558 284//284 594//594
f 596//596 595//595 521//521
f 650//650 574//574 550//550
f 544//544 510//510 489//489
f 533//533 576//576 545//545
f 597//597 523//523 533//533
f 411//411 431//431 1635//1630
f 493//493 560//560 586//586
f 580//580 599//599 587//587
f 514//514 563//563 599//599
f 527//527 424//424 619//619
f 602//602 517//517 582//582
f 502//502 386//386 555//555
f 537//537 387//387 538//538
f 564//564 565//565 305//305
f 540//540 480//480 605//605
f 570//570 540//540 569//569
f 571//571 469//469 647//647
f 482//482 647//647 469//469
f 470//470 509//509 572//572
f 549//549 454//454 557//557
f 556//556 593//593 594//594
f 614//614 634//634 522//522
f 674//673 614//614 574//574
f 595//595 596//596 522//522
f 545//545 492//492 578//578
f 475//475 725//723 662//662
f 617//617 476//476 477//477
f 629//629 412//412 630//630
f 515//515 589//589 600//600
f 619//619 424//424 500//500
f 428//428 604//604 564//564
f 680//679 429//429 363//363
f 683//682 539//539 583//583
f 481//481 348//348 592//592
f 734//732 556//556 507//507
f 509//509 541//541 613//613
f 595//595 522//522 634//634
f 549//549 607//607 421//421
f 544//544 543//543 510//510
f 585//585 544//544 491//491
f 445//445 641//641 443//443
f 412//412 598//598 370//370
f 580//580 587//587 446//446
f 589//589 414//414 588//588
f 464//464 515//515 600//600
f 363//363 425//425 603//603
f 503//503 418//418 656//656
f 606//606 407//407 548//548
f 706//705 469//469 571//571
f 483//483 367//367 673//672
f 508//508 521//521 633//633
f 615//615 558//558 594//594
f 534//534 496//496 638//638
f 484//484 625//625 458//458
f 652//652 579//579 524//524
f 524//524 411//411 616//616
f 476//476 643//643 641//641
f 445//445 476//476 641//641
f 476//476 617//617 643//643
f 446//446 587//587 643//643
f 617//617 446//446 643//643
f 610//610 630//630 498//498
f 653//653 478//478 479//479
f 611//611 464//464 600//600
f 501//501 527//527 619//619
f 466//466 465//465 601//601
f 555//555 386//386 554//554
f 584//584 418//418 706//705
f 622//622 541//541 573//573
f 403//403 635//635 573//573
f 635//635 623//623 573//573
f 402//402 658//658 637//637
f 575//575 558//558 615//615
f 421//421 607//607 559//559
f 650//650 550//550 608//608
f 550//550 523//523 608//608
f 484//484 534//534 625//625
f 609//609 458//458 625//625
f 626//626 551//551 474//474
f 497//497 459//459 725//723
f 598//598 461//461 370//370
f 618//618 498//498 525//525
f 561//561 627//627 562//562
f 479//479 526//526 653//653
f 435//435 611//611 665//664
f 546//546 517//517 602//602
f 680//679 363//363 603//603
f 486//486 519//519 703//702
f 529//529 645//645 507//507
f 520//520 572//572 707//706
f 734//732 507//507 632//632
f 657//657 482//482 440//440
f 622//622 613//613 541//541
f 593//593 556//556 734//732
f 549//549 557//557 648//648
f 532//532 531//531 651//651
f 638//638 532//532 659//659
f 534//534 638//638 625//625
f 523//523 577//577 639//639
f 523//523 597//597 661//661
f 577//577 523//523 661//661
f 714//712 1635//1630 431//431
f 616//616 411//411 1635//1630
f 626//626 474//474 443//443
f 620//620 425//425 590//590
f 605//605 480//480 565//565
f 583//583 407//407 606//606
f 408//408 591//591 390//390
f 621//621 570//570 631//631
f 635//635 543//543 544//544
f 575//575 651//651 531//531
f 668//667 544//544 585//585
f 676//675 533//533 545//545
f 545//545 578//578 710//708
f 626//626 578//578 512//512
f 626//626 512//512 551//551
f 459//459 640//640 725//723
f 641//641 626//626 443//443
f 600//600 665//664 611//611
f 582//582 466//466 601//601
f 732//730 467//467 426//426
f 655//655 502//502 555//555
f 683//682 568//568 539//539
f 656//656 418//418 584//584
f 631//631 570//570 569//569
f 367//367 390//390 666//665
f 508//508 633//633 693//692
f 667//666 521//521 595//595
f 636//636 549//549 649//649
f 636//636 607//607 549//549
f 574//574 650//650 675//674
f 651//651 575//575 735//733
f 650//650 608//608 738//736
f 659//659 532//532 651//651
f 638//638 496//496 532//532
f 608//608 523//523 677//676
f 559//559 669//668 511//511
f 578//578 626//626 710//708
f 552//552 609//609 560//560
f 525//525 475//475 688//687
f 444//444 478//478 642//642
f 618//618 610//610 498//498
f 612//612 654//654 394//394
f 394//394 581//581 612//612
f 670//669 448//448 501//501
f 581//581 546//546 612//612
f 425//425 620//620 603//603
f 425//425 655//655 590//590
f 644//644 263//263 380//380
f 548//548 506//506 705//704
f 591//591 672//671 390//390
f 506//506 508//508 693//692
f 509//509 646//646 572//572
f 509//509 613//613 646//646
f 638//638 659//659 651//651
f 523//523 624//624 677//676
f 561//561 586//586 627//627
f 629//629 598//598 628//628
f 412//412 628//628 598//598
f 600//600 589//589 729//727
f 501//501 619//619 670//669
f 831//829 351//351 486//486
f 707//706 481//481 592//592
f 592//592 520//520 707//706
f 632//632 507//507 645//645
f 667//666 633//633 521//521
f 647//647 482//482 657//657
f 549//549 648//648 649//649
f 530//530 717//715 440//440
f 685//684 676//675 686//685
f 710//708 676//675 545//545
f 660//660 640//640 579//579
f 624//624 523//523 639//639
f 652//652 713//711 579//579
f 687//686 444//444 642//642
f 618//618 525//525 721//719
f 599//599 563//563 663//663
f 803//801 610//610 618//618
f 653//653 526//526 701//700
f 526//526 394//394 654//654
f 731//729 612//612 546//546
f 537//537 538//538 681//680
f 722//720 565//565 564//564
f 566//566 567//567 682//681
f 691//690 769//767 538//538
f 591//591 263//263 644//644
f 504//504 692//691 529//529
f 657//657 440//440 717//715
f 658//658 402//402 483//483
f 623//623 635//635 544//544
f 696//695 420//420 637//637
f 650//650 738//736 709//707
f 718//716 685//684 686//685
f 431//431 511//511 714//712
f 586//586 560//560 720//718
f 715//713 641//641 643//643
f 525//525 688//687 721//719
f 689//688 587//587 599//599
f 700//699 630//630 610//610
f 588//588 690//689 589//589
f 679//678 619//619 500//500
f 731//729 546//546 602//602
f 937//935 554//554 831//829
f 671//670 604//604 518//518
f 604//604 671//670 564//564
f 528//528 429//429 680//679
f 380//380 528//528 786//784
f 734//732 724//722 593//593
f 593//593 695//694 594//594
f 710//708 686//685 676//675
f 711//709 533//533 676//675
f 677//676 624//624 764//762
f 712//710 660//660 579//579
f 625//625 698//697 609//609
f 524//524 678//677 652//652
f 662//662 741//739 475//475
f 642//642 478//478 653//653
f 643//643 587//587 689//688
f 562//562 627//627 663//663
f 563//563 562//562 663//663
f 689//688 599//599 663//663
f 553//553 702//701 784//782
f 731//729 582//582 601//601
f 582//582 731//729 602//602
f 351//351 831//829 554//554
f 732//730 426//426 537//537
f 538//538 503//503 691//690
f 380//380 748//746 644//644
f 504//504 684//683 692//691
f 390//390 672//671 666//665
f 716//714 707//706 572//572
f 367//367 666//665 673//672
f 752//750 634//634 614//614
f 615//615 594//594 695//694
f 615//615 735//733 575//575
f 711//709 676//675 685//684
f 697//696 511//511 669//668
f 713//711 712//710 579//579
f 588//588 553//553 784//782
f 748//746 380//380 786//784
f 540//540 605//605 704//703
f 684//683 504//504 481//481
f 707//706 716//714 481//481
f 693//692 633//633 751//749
f 595//595 634//634 667//666
f 614//614 674//673 752//750
f 694//693 648//648 557//557
f 736//734 622//622 573//573
f 615//615 695//694 735//733
f 625//625 638//638 698//697
f 524//524 616//616 1635//1630
f 585//585 444//444 687//686
f 475//475 741//739 688//687
f 790//788 598//598 629//629
f 831//829 486//486 703//702
f 703//702 519//519 566//566
f 644//644 787//785 591//591
f 548//548 705//704 733//731
f 645//645 529//529 692//691
f 572//572 646//646 795//793
f 736//734 573//573 623//623
f 686//685 806//804 753//751
f 686//685 753//751 718//716
f 661//661 597//597 727//725
f 699//698 715//713 643//643
f 553//553 461//461 744//742
f 700//699 610//610 803//801
f 665//664 600//600 729//727
f 526//526 654//654 730//728
f 722//720 564//564 671//670
f 723//721 567//567 568//568
f 540//540 704//703 569//569
f 591//591 787//785 672//671
f 481//481 716//714 684//683
f 695//694 593//593 724//722
f 763//761 711//709 685//684
f 756//754 710//708 626//626
f 640//640 660//660 725//723
f 740//738 639//639 577//577
f 726//724 626//626 641//641
f 627//627 586//586 742//740
f 618//618 721//719 728//726
f 728//726 743//741 618//618
f 461//461 759//757 744//742
f 759//757 461//461 598//598
f 702//701 553//553 744//742
f 701//700 526//526 730//728
f 435//435 665//664 745//743
f 767//765 603//603 620//620
f 565//565 722//720 747//745
f 605//605 565//565 747//745
f 567//567 723//721 682//681
f 733//731 606//606 548//548
f 749//747 705//704 506//506
f 761//759 775//773 632//632
f 734//732 632//632 724//722
f 621//621 694//693 557//557
f 673//672 666//665 796//794
f 613//613 622//622 736//734
f 718//716 753//751 776//774
f 736//734 623//623 544//544
f 717//715 530//530 420//420
f 754//752 650//650 709//707
f 718//716 763//761 685//684
f 781//779 638//638 737//735
f 711//709 597//597 533//533
f 626//626 726//724 756//754
f 661//661 757//755 577//577
f 629//629 630//630 700//699
f 690//689 729//727 589//589
f 745//743 500//500 435//435
f 500//500 745//743 679//678
f 681//680 538//538 769//767
f 770//768 583//583 606//606
f 693//692 749//747 506//506
f 716//714 572//572 772//770
f 645//645 761//759 632//632
f 632//632 775//773 724//722
f 648//648 777//775 649//649
f 650//650 755//753 675//674
f 677//676 779//777 608//608
f 609//609 720//718 560//560
f 828//826 687//686 642//642
f 643//643 689//688 699//698
f 702//701 744//742 791//789
f 601//601 465//465 448//448
f 671//670 518//518 768//766
f 566//566 682//681 746//744
f 750//748 569//569 760//758
f 569//569 750//748 631//631
f 684//683 716//714 772//770
f 693//692 751//749 749//747
f 631//631 750//748 773//771
f 692//691 823//821 645//645
f 572//572 795//793 772//770
f 774//772 571//571 647//647
f 694//693 621//621 773//771
f 667//666 634//634 867//865
f 762//760 633//633 667//666
f 674//673 574//574 675//674
f 806//804 776//774 753//751
f 755//753 650//650 754//752
f 420//420 696//695 826//824
f 779//777 738//736 608//608
f 651//651 737//735 638//638
f 597//597 711//709 765//763
f 577//577 757//755 758//756
f 577//577 758//756 740//738
f 782//780 789//787 653//653
f 782//780 653//653 701//700
f 783//781 701//700 766//764
f 766//764 701//700 730//728
f 703//702 566//566 746//744
f 691//690 503//503 656//656
f 683//682 583//583 770//768
f 656//656 584//584 771//769
f 631//631 773//771 621//621
f 762//760 751//749 633//633
f 867//865 634//634 752//750
f 797//795 646//646 613//613
f 797//795 613//613 736//734
f 737//735 651//651 735//733
f 736//734 544//544 778//776
f 709//707 738//736 754//752
f 559//559 607//607 788//786
f 719//717 559//559 788//786
f 800//798 764//762 624//624
f 801//799 713//711 652//652
f 624//624 802//800 739//737
f 678//677 524//524 1635//1630
f 586//586 720//718 742//740
f 789//787 642//642 653//653
f 790//788 759//757 598//598
f 782//780 701//700 783//781
f 783//781 766//764 804//802
f 766//764 793//791 792//790
f 704//703 605//605 747//745
f 864//862 606//606 733//731
f 761//759 645//645 823//821
f 805//803 752//750 674//673
f 878//876 674//673 675//674
f 799//797 806//804 686//685
f 717//715 420//420 826//824
f 696//695 637//637 658//658
f 780//778 779//777 677//676
f 698//697 638//638 781//779
f 660//660 712//710 827//825
f 757//755 661//661 727//725
f 828//826 642//642 789//787
f 828//826 789//787 809//807
f 728//726 819//817 743//741
f 728//726 721//719 819//817
f 793//791 766//764 730//728
f 962//960 703//702 746//744
f 528//528 680//679 794//792
f 584//584 706//705 774//772
f 706//705 571//571 774//772
f 797//795 795//793 646//646
f 483//483 673//672 796//794
f 737//735 735//733 798//796
f 675//674 755//753 807//805
f 754//752 738//736 807//805
f 779//777 808//806 738//736
f 807//805 738//736 808//806
f 559//559 719//717 669//668
f 764//762 780//778 677//676
f 714//712 511//511 697//696
f 668//667 585//585 687//686
f 802//800 624//624 639//639
f 829//827 741//739 662//662
f 817//815 809//807 818//816
f 809//807 817//815 828//826
f 810//808 612//612 731//729
f 768//766 518//518 785//783
f 732//730 537//537 681//680
f 603//603 794//792 680//679
f 746//744 682//681 811//809
f 787//785 644//644 748//746
f 733//731 705//704 813//811
f 692//691 684//683 823//821
f 761//759 823//821 775//773
f 815//813 695//694 724//722
f 824//822 762//760 806//804
f 816//814 735//733 695//694
f 776//774 834//832 718//716
f 754//752 807//805 755//753
f 837//835 675//674 807//805
f 778//776 544//544 668//667
f 779//777 780//778 808//806
f 756//754 686//685 710//708
f 688//687 741//739 721//719
f 741//739 954//952 721//719
f 759//757 790//788 971//969
f 759//757 830//828 744//742
f 820//818 791//789 744//742
f 784//782 702//701 791//789
f 745//743 665//664 729//727
f 851//849 792//790 793//791
f 768//766 785//783 1113//1111
f 569//569 704//703 812//810
f 814//812 672//671 787//785
f 823//821 684//683 866//864
f 666//665 672//671 814//812
f 666//665 814//812 906//904
f 824//822 833//831 751//749
f 825//823 762//760 667//666
f 711//709 763//761 837//835
f 765//763 711//709 837//835
f 660//660 847//845 725//723
f 726//724 641//641 715//713
f 819//817 721//719 848//846
f 744//742 915//913 820//818
f 654//654 612//612 810//808
f 670//669 619//619 679//678
f 601//601 448//448 862//860
f 746//744 811//809 842//840
f 733//731 813//811 864//862
f 569//569 822//820 760//758
f 749//747 843//841 705//704
f 833//831 749//747 751//749
f 824//822 751//749 762//760
f 806//804 762//760 776//774
f 836//834 658//658 483//483
f 835//833 736//734 778//776
f 788//786 607//607 870//868
f 808//806 780//778 856//854
f 845//843 780//778 764//762
f 765//763 889//887 597//597
f 924//922 660//660 827//825
f 838//836 712//710 713//711
f 880//878 756//754 726//724
f 839//837 639//639 740//738
f 840//838 804//802 766//764
f 448//448 670//669 861//859
f 786//784 528//528 794//792
f 747//745 722//720 832//830
f 568//568 893//891 723//721
f 683//682 983//981 568//568
f 864//862 770//768 606//606
f 787//785 963//961 814//812
f 705//704 843//841 813//811
f 833//831 865//863 843//841
f 833//831 843//841 749//747
f 772//770 866//864 684//683
f 667//666 867//865 825//823
f 855//853 878//876 675//674
f 763//761 718//716 1002//1000
f 855//853 675//674 837//835
f 798//796 844//842 737//735
f 845//843 764//762 800//798
f 800//798 624//624 739//737
f 660//660 940//938 847//845
f 801//799 652//652 678//677
f 663//663 627//627 742//740
f 872//870 809//807 789//787
f 857//855 789//787 782//780
f 858//856 783//781 804//802
f 850//848 744//742 830//828
f 700//699 803//801 1005//1003
f 840//838 858//856 804//802
f 850//848 915//913 744//742
f 722//720 671//670 853//851
f 874//872 867//865 752//750
f 796//794 666//665 906//904
f 874//872 752//750 805//803
f 724//722 775//773 896//894
f 837//835 763//761 907//905
f 807//805 808//806 856//854
f 668//667 687//686 897//895
f 609//609 698//697 720//718
f 727//725 597//597 889//887
f 757//755 727//725 846//844
f 725//723 847//845 911//909
f 911//909 662//662 725//723
f 782//780 783//781 858//856
f 791//789 820//818 859//857
f 766//764 792//790 860//858
f 730//728 841//839 793//791
f 934//932 654//654 810//808
f 731//729 601//601 862//860
f 852//850 603//603 767//765
f 723//721 893//891 682//681
f 704//703 747//745 854//852
f 787//785 748//746 863//861
f 822//820 569//569 812//810
f 584//584 774//772 771//769
f 813//811 843//841 865//863
f 906//904 814//812 990//988
f 774//772 647//647 657//657
f 776//774 762//760 919//917
f 816//814 695//694 815//813
f 974//972 797//795 736//734
f 1002//1000 718//716 834//832
f 889//887 765//763 837//835
f 909//907 829//827 662//662
f 900//898 817//815 818//816
f 809//807 872//870 818//816
f 860//858 792//790 851//849
f 864//862 813//811 865//863
f 876//874 762//760 825//823
f 772//770 795//793 797//795
f 815//813 724//722 896//894
f 483//483 796//794 836//834
f 735//733 816//814 798//796
f 871//869 837//835 807//805
f 807//805 856//854 879//877
f 856//854 780//778 845//843
f 800//798 879//877 845//843
f 924//922 940//938 660//660
f 678//677 1635//1630 1003//1001
f 889//887 846//844 727//725
f 846//844 758//756 757//755
f 818//816 872//870 900//898
f 758//756 944//942 740//738
f 890//888 830//828 759//757
f 881//879 790//788 629//629
f 588//588 784//782 690//689
f 891//889 859//857 820//818
f 730//728 654//654 841//839
f 852//850 821//819 603//603
f 873//871 770//768 864//862
f 866//864 885//883 823//821
f 775//773 823//821 885//883
f 797//795 895//893 772//770
f 868//866 694//693 773//771
f 877//875 648//648 694//693
f 869//867 824//822 806//804
f 907//905 855//853 837//835
f 636//636 870//868 607//607
f 778//776 668//667 888//886
f 871//869 889//887 837//835
f 838//836 827//825 712//710
f 940//938 993//991 847//845
f 726//724 715//713 880//878
f 872//870 789//787 857//855
f 1031//1029 782//780 858//856
f 890//888 759//757 849//847
f 849//847 759//757 971//969
f 881//879 629//629 1005//1003
f 1005//1003 629//629 700//699
f 766//764 914//912 840//838
f 690//689 784//782 892//890
f 729//727 690//689 882//880
f 793//791 841//839 851//849
f 654//654 934//932 1069//1067
f 883//881 810//808 731//729
f 831//829 703//702 962//960
f 811//809 682//681 893//891
f 748//746 786//784 863//861
f 864//862 865//863 917//915
f 865//863 833//831 875//873
f 896//894 775//773 885//883
f 824//822 875//873 833//831
f 877//875 694//693 886//884
f 805//803 674//673 878//876
f 974//972 736//734 835//833
f 967//965 686//685 756//754
f 879//877 856//854 845//843
f 714//712 697//696 923//921
f 898//896 714//712 923//921
f 889//887 871//869 846//844
f 847//845 993//991 899//897
f 828//826 817//815 900//898
f 909//907 662//662 911//909
f 639//639 839//837 802//800
f 912//910 742//740 720//718
f 911//909 847//845 901//899
f 758//756 846//844 944//942
f 721//719 954//952 930//928
f 743//741 819//817 848//846
f 743//741 1004//1002 618//618
f 690//689 892//890 933//931
f 784//782 791//789 932//930
f 882//880 745//743 729//727
f 883//881 731//729 862//860
f 862//860 448//448 861//859
f 904//902 831//829 962//960
f 794//792 603//603 821//819
f 916//914 893//891 568//568
f 938//936 982//980 811//809
f 1023//1021 691//690 656//656
f 787//785 863//861 963//961
f 866//864 772//770 949//947
f 949//947 772//770 895//893
f 965//963 796//794 906//904
f 657//657 717//715 975//973
f 871//869 807//805 879//877
f 698//697 781//779 1015//1013
f 929//927 828//826 900//898
f 910//908 739//737 802//800
f 740//738 944//942 839//837
f 899//897 901//899 847//845
f 663//663 978//976 689//688
f 848//846 721//719 930//928
f 931//929 766//764 860//858
f 892//890 784//782 932//930
f 860//858 851//849 841//839
f 938//936 811//809 893//891
f 983//981 683//682 770//768
f 656//656 771//769 884//882
f 814//812 963//961 905//903
f 917//915 865//863 894//892
f 894//892 865//863 875//873
f 939//937 774//772 657//657
f 886//884 694//693 868//866
f 834//832 776//774 919//917
f 836//834 796//794 965//963
f 777//775 648//648 877//875
f 826//824 921//919 717//715
f 967//965 799//797 686//685
f 696//695 658//658 887//885
f 871//869 879//877 941//939
f 838//836 924//922 827//825
f 879//877 800//798 941//939
f 720//718 698//697 943//941
f 687//686 928//926 897//895
f 720//718 943//941 912//910
f 828//826 928//926 687//686
f 663//663 742//740 994//992
f 857//855 782//780 1031//1029
f 1004//1002 743//741 1041//1039
f 881//879 971//969 790//788
f 915//913 850//848 945//943
f 931//929 914//912 766//764
f 915//913 891//889 820//818
f 1069//1067 841//839 654//654
f 935//933 679//678 745//743
f 960//958 903//901 936//934
f 947//945 467//467 732//730
f 811//809 982//980 842//840
f 918//916 917//915 984//982
f 950//948 876//874 825//823
f 875//873 824//822 869//867
f 887//885 658//658 836//834
f 952//950 826//824 696//695
f 697//696 669//668 923//921
f 926//924 871//869 941//939
f 924//922 925//923 940//938
f 940//938 925//923 976//974
f 1635//1630 714//712 898//896
f 928//926 927//925 897//895
f 944//942 846//844 926//924
f 929//927 928//926 828//826
f 926//924 839//837 944//942
f 829//827 909//907 911//909
f 913//911 1018//1016 902//900
f 969//967 830//828 890//888
f 914//912 858//856 840//838
f 859//857 932//930 791//789
f 892//890 932//930 933//931
f 934//932 810//808 903//901
f 934//932 903//901 960//958
f 554//554 937//935 555//555
f 1023//1021 656//656 884//882
f 999//997 963//961 863//861
f 814//812 905//903 990//988
f 737//735 953//951 781//779
f 1015//1013 781//779 953//951
f 846//844 871//869 926//924
f 838//836 713//711 942//940
f 800//798 739//737 941//939
f 739//737 910//908 941//939
f 839//837 926//924 957//955
f 839//837 957//955 802//800
f 1039//1037 699//698 689//688
f 902//900 911//909 901//899
f 742//740 912//910 994//992
f 902//900 901//899 913//911
f 901//899 1018//1016 913//911
f 689//688 978//976 968//966
f 978//976 663//663 994//992
f 900//898 872//870 857//855
f 1081//1079 900//898 857//855
f 970//968 858//856 914//912
f 882//880 690//689 955//953
f 933//931 956//954 690//689
f 860//858 841//839 995//993
f 1069//1067 995//993 841//839
f 1118//1116 745//743 882//880
f 810//808 946//944 903//901
f 681//680 769//767 981//979
f 962//960 746//744 842//840
f 747//745 832//830 948//946
f 983//981 916//914 568//568
f 762//760 876//874 919//917
f 939//937 657//657 951//949
f 799//797 869//867 806//804
f 763//761 1002//1000 907//905
f 943//941 698//697 1015//1013
f 993//991 958//956 899//897
f 699//698 1039//1037 715//713
f 911//909 902//900 1018//1016
f 741//739 829//827 954//952
f 618//618 1004//1002 803//801
f 959//957 850//848 830//828
f 971//969 969//967 849//847
f 810//808 883//881 946//944
f 794//792 821//819 961//959
f 832//830 722//720 1022//1020
f 961//959 786//784 794//792
f 981//979 769//767 691//690
f 984//982 917//915 894//892
f 1007//1005 867//865 874//872
f 657//657 975//973 951//949
f 966//964 798//796 816//814
f 844//842 953//951 737//735
f 992//990 897//895 1017//1015
f 940//938 977//975 993//991
f 898//896 1003//1001 1635//1630
f 1039//1037 880//878 715//713
f 899//897 1067//1065 901//899
f 849//847 969//967 890//888
f 1031//1029 858//856 970//968
f 891//889 986//984 859//857
f 936//934 903//901 946//944
f 1044//1042 732//730 681//680
f 786//784 961//959 863//861
f 989//987 963//961 999//997
f 864//862 917//915 873//871
f 873//871 917//915 918//916
f 964//962 874//872 805//803
f 991//989 875//873 869//867
f 717//715 921//919 975//973
f 649//649 920//918 636//636
f 636//636 920//918 870//868
f 952//950 696//695 887//885
f 668//667 897//895 888//886
f 880//878 922//920 756//754
f 942//940 713//711 908//906
f 908//906 713//711 801//799
f 957//955 926//924 941//939
f 959//957 972//970 850//848
f 955//953 690//689 956//954
f 980//978 935//933 745//743
f 679//678 935//933 670//669
f 997//995 998//996 671//670
f 1022//1020 722//720 853//851
f 747//745 948//946 854//852
f 1027//1025 894//892 875//873
f 906//904 990//988 1008//1006
f 1010//1008 797//795 974//972
f 855//853 907//905 1086//1084
f 887//885 836//834 965//963
f 1064//1062 799//797 967//965
f 922//920 967//965 756//754
f 1016//1014 925//923 924//922
f 925//923 1077//1075 976//974
f 1039//1037 922//920 880//878
f 940//938 976//974 977//975
f 957//955 941//939 910//908
f 910//908 802//800 957//955
f 1067//1065 899//897 958//956
f 689//688 968//966 1039//1037
f 1067//1065 1018//1016 901//899
f 1005//1003 803//801 1042//1040
f 969//967 971//969 985//983
f 1032//1030 914//912 931//929
f 934//932 960//958 979//977
f 670//669 935//933 861//859
f 997//995 671//670 768//766
f 655//655 555//555 937//935
f 905//903 963//961 989//987
f 873//871 918//916 1024//1022
f 834//832 919//917 1207//1205
f 649//649 777//775 920//918
f 994//992 968//966 978//976
f 848//846 930//928 1100//1098
f 830//828 969//967 959//957
f 850//848 972//970 1006//1004
f 860//858 1032//1030 931//929
f 860//858 995//993 1032//1030
f 980//978 745//743 1118//1116
f 956//954 933//931 987//985
f 936//934 946//944 988//986
f 962//960 842//840 982//980
f 873//871 983//981 770//768
f 918//916 984//982 1047//1045
f 760//758 822//820 1000//998
f 1048//1046 894//892 1027//1025
f 825//823 867//865 1007//1005
f 750//748 1085//1083 773//771
f 896//894 885//883 1034//1032
f 1009//1007 964//962 805//803
f 965//963 906//904 1012//1010
f 788//786 870//868 1049//1047
f 719//717 788//786 1049//1047
f 1013//1011 921//919 826//824
f 826//824 952//950 1013//1011
f 923//921 669//668 1014//1012
f 1016//1014 924//922 838//836
f 1053//1051 912//910 943//941
f 994//992 912//910 1052//1050
f 900//898 1080//1078 929//927
f 985//983 959//957 969//967
f 1032//1030 970//968 914//912
f 1090//1088 915//913 945//943
f 891//889 915//913 996//994
f 996//994 986//984 891//889
f 960//958 936//934 979//977
f 671//670 998//996 853//851
f 981//979 691//690 1023//1021
f 989//987 999//997 1105//1103
f 822//820 812//810 1000//998
f 1048//1046 984//982 894//892
f 874//872 1061//1059 1007//1005
f 825//823 1026//1024 950//948
f 876//874 1029//1027 919//917
f 895//893 797//795 1010//1008
f 1086//1084 907//905 1002//1000
f 844//842 798//796 1143//1141
f 888//886 835//833 778//776
f 669//668 719//717 1014//1012
f 992//990 888//886 897//895
f 943//941 1015//1013 1053//1051
f 1017//1015 897//895 1055//1053
f 954//952 829//827 911//909
f 743//741 848//846 1041//1039
f 972//970 959//957 985//983
f 1069//1067 1032//1030 995//993
f 862//860 1070//1068 1033//1031
f 862//860 861//859 1021//1019
f 785//783 518//518 467//467
f 938//936 893//891 916//914
f 1024//1022 918//916 1047//1045
f 771//769 774//772 1025//1023
f 774//772 939//937 1025//1023
f 874//872 964//962 1061//1059
f 1027//1025 875//873 1001//999
f 1029//1027 876//874 950//948
f 906//904 1008//1006 1012//1010
f 773//771 1035//1033 868//866
f 816//814 815//813 1036//1034
f 834//832 1207//1205 1002//1000
f 887//885 965//963 1037//1035
f 1063//1061 921//919 1013//1011
f 1016//1014 1077//1075 925//923
f 1054//1052 927//925 928//926
f 1051//1049 1039//1037 968//966
f 994//992 1038//1036 968//966
f 954//952 911//909 1126//1124
f 1080//1078 900//898 1081//1079
f 1041//1039 848//846 1100//1098
f 1031//1029 1081//1079 857//855
f 1042//1040 803//801 1004//1002
f 1006//1004 945//943 850//848
f 1118//1116 882//880 955//953
f 932//930 1020//1018 933//931
f 1020//1018 987//985 933//931
f 1033//1031 883//881 862//860
f 1091//1089 979//977 936//934
f 946//944 883//881 988//986
f 1048//1046 1060//1058 984//982
f 760//758 1206//1204 750//748
f 949//947 895//893 1028//1026
f 1011//1009 815//813 896//894
f 991//989 1001//999 875//873
f 975//973 921//919 1063//1061
f 1065//1063 967//965 922//920
f 953//951 1050//1048 1015//1013
f 1013//1011 952//950 1038//1036
f 1065//1063 922//920 1039//1037
f 912//910 1053//1051 1052//1050
f 801//799 678//677 1145//1143
f 1038//1036 994//992 1052//1050
f 927//925 1055//1053 897//895
f 993//991 977//975 1056//1054
f 1126//1124 911//909 1018//1016
f 1031//1029 970//968 1032//1030
f 1019//1017 985//983 971//969
f 1298//1296 852//850 767//765
f 982//980 938//936 916//914
f 999//997 863//861 1094//1092
f 1008//1006 990//988 1060//1058
f 1008//1006 1060//1058 1048//1046
f 1007//1005 1073//1071 825//823
f 1026//1024 825//823 1073//1071
f 1027//1025 1008//1006 1048//1046
f 1035//1033 773//771 1085//1083
f 1028//1026 895//893 1010//1008
f 1075//1073 878//876 855//853
f 991//989 869//867 799//797
f 798//796 1166//1164 1143//1141
f 1039//1037 1051//1049 1065//1063
f 898//896 923//921 1076//1074
f 1052//1050 1013//1011 1038//1036
f 1016//1014 838//836 1087//1085
f 1109//1107 1030//1028 898//896
f 1038//1036 952//950 1051//1049
f 1038//1036 1051//1049 968//966
f 993//991 1146//1144 958//956
f 1067//1065 1040//1038 1018//1016
f 934//932 979//977 1069//1067
f 956//954 1043//1041 955//953
f 883//881 1092//1090 988//986
f 1093//1091 831//829 904//902
f 863//861 961//959 1094//1092
f 1047//1045 984//982 1060//1058
f 1026//1024 1073//1071 950//948
f 1008//1006 1027//1025 1012//1010
f 815//813 1011//1009 1036//1034
f 1001//999 991//989 1074//1072
f 966//964 1166//1164 798//796
f 991//989 799//797 1064//1062
f 1050//1048 844//842 1143//1141
f 1064//1062 967//965 1065//1063
f 953//951 844//842 1050//1048
f 1015//1013 1050//1048 1053//1051
f 952//950 887//885 1051//1049
f 1053//1051 1013//1011 1052//1050
f 898//896 1076//1074 1109//1107
f 1098//1096 992//990 1017//1015
f 1017//1015 1055//1053 1088//1086
f 1146//1144 1079//1077 958//956
f 928//926 929//927 1080//1078
f 930//928 954//952 1100//1098
f 1111//1109 1004//1002 1041//1039
f 1082//1080 1006//1004 972//970
f 972//970 985//983 1082//1080
f 1006//1004 1082//1080 945//943
f 1090//1088 996//994 915//913
f 1119//1117 883//881 1033//1031
f 1159//1157 1091//1089 936//934
f 947//945 732//730 1044//1042
f 904//902 962//960 1071//1069
f 1072//1070 982//980 1045//1043
f 812//810 704//703 1046//1044
f 1059//1057 990//988 905//903
f 1061//1059 1096//1094 1007//1005
f 1027//1025 1001//999 1012//1010
f 966//964 816//814 1036//1034
f 1037//1035 965//963 1012//1010
f 1074//1072 991//989 1064//1062
f 920//918 777//775 1115//1113
f 1049//1047 1014//1012 719//717
f 1051//1049 887//885 1065//1063
f 1088//1086 1098//1096 1017//1015
f 977//975 976//974 1099//1097
f 1003//1001 898//896 1030//1028
f 1054//1052 1055//1053 927//925
f 1056//1054 977//975 1068//1066
f 1057//1055 1041//1039 1100//1098
f 1102//1100 1031//1029 1032//1030
f 971//969 1150//1148 1019//1017
f 1103//1101 1032//1030 1069//1067
f 932//930 859//857 1112//1110
f 1020//1018 932//930 1112//1110
f 935//933 980//978 861//859
f 937//935 831//829 1093//1091
f 948//946 832//830 1022//1020
f 1071//1069 962//960 1072//1070
f 982//980 1072//1070 962//960
f 982//980 916//914 1083//1081
f 999//997 1094//1092 1105//1103
f 1060//1058 990//988 1059//1057
f 896//894 1142//1140 1011//1009
f 919//917 1097//1095 1207//1205
f 1012//1010 1001//999 1074//1072
f 777//775 877//875 1115//1113
f 1037//1035 1064//1062 1065//1063
f 870//868 920//918 1049//1047
f 887//885 1037//1035 1065//1063
f 1125//1123 835//833 888//886
f 1050//1048 1063//1061 1053//1051
f 1053//1051 1063//1061 1013//1011
f 923//921 1014//1012 1076//1074
f 1040//1038 1067//1065 1079//1077
f 1067//1065 958//956 1079//1077
f 1146//1144 993//991 1056//1054
f 1116//1114 1081//1079 1031//1029
f 1102//1100 1116//1114 1031//1029
f 1111//1109 1101//1099 1004//1002
f 971//969 881//879 1150//1148
f 979//977 1103//1101 1069//1067
f 1091//1089 1158//1156 979//977
f 1112//1110 859//857 986//984
f 1070//1068 862//860 1021//1019
f 785//783 1237//1235 1113//1111
f 1113//1111 997//995 768//766
f 854//852 1046//1044 704//703
f 1072//1070 1095//1093 1061//1059
f 1061//1059 1095//1093 1096//1094
f 885//883 866//864 1034//1032
f 1025//1023 939//937 1062//1060
f 896//894 1636//1631 1142//1140
f 1166//1164 966//964 1036//1034
f 974//972 835//833 1107//1105
f 1074//1072 1037//1035 1012//1010
f 951//949 975//973 1063//1061
f 1037//1035 1074//1072 1064//1062
f 992//990 1125//1123 888//886
f 976//974 1077//1075 1078//1076
f 1066//1064 1145//1143 678//677
f 1018//1016 1040//1038 1079//1077
f 1150//1148 881//879 1132//1130
f 883//881 1119//1117 1092//1090
f 1112//1110 987//985 1020//1018
f 936//934 988//986 1151//1149
f 1083//1081 1045//1043 982//980
f 884//882 771//769 1025//1023
f 760//758 1114//1112 1206//1204
f 750//748 1206//1204 1085//1083
f 919//917 1029//1027 1097//1095
f 1156//1154 951//949 1108//1106
f 1050//1048 1108//1106 1063//1061
f 1089//1087 1003//1001 1030//1028
f 1068//1066 977//975 1099//1097
f 1127//1125 1056//1054 1068//1066
f 1148//1146 1080//1078 1081//1079
f 1110//1108 1148//1146 1081//1079
f 1110//1108 1081//1079 1116//1114
f 881//879 1005//1003 1132//1130
f 1082//1080 1090//1088 945//943
f 1158//1156 1103//1101 979//977
f 980//978 1133//1131 861//859
f 1070//1068 1021//1019 1190//1188
f 590//590 655//655 973//971
f 1072//1070 1045//1043 1095//1093
f 1130//1128 1072//1070 1061//1059
f 1023//1021 884//882 1106//1104
f 1058//1056 983//981 873//871
f 1062//1060 939//937 951//949
f 1108//1106 951//949 1063//1061
f 1076//1074 992//990 1109//1107
f 678//677 1003//1001 1066//1064
f 928//926 1148//1146 1054//1052
f 1148//1146 928//926 1080//1078
f 1198//1196 1082//1080 1019//1017
f 1159//1157 1158//1156 1091//1089
f 981//979 1044//1042 681//680
f 1093//1091 904//902 1071//1069
f 961//959 1138//1136 1094//1092
f 1095//1093 1162//1160 1096//1094
f 884//882 1025//1023 1106//1104
f 1073//1071 1007//1005 1141//1139
f 1131//1129 1025//1023 1062//1060
f 1029//1027 950//948 1073//1071
f 1034//1032 1084//1082 1636//1631
f 805//803 878//876 1009//1007
f 868//866 1124//1122 886//884
f 1075//1073 855//853 1086//1084
f 1143//1141 1108//1106 1050//1048
f 1181//1179 1088//1086 1055//1053
f 1018//1016 1079//1077 1147//1145
f 1082//1080 985//983 1019//1017
f 1032//1030 1103//1101 1182//1180
f 980//978 1118//1116 1128//1126
f 1159//1157 936//934 1151//1149
f 1152//1150 987//985 1112//1110
f 1134//1132 1298//1296 767//765
f 1121//1119 1046//1044 854//852
f 1007//1005 1096//1094 1162//1160
f 1141//1139 1122//1120 1073//1071
f 1084//1082 1034//1032 1155//1153
f 1062//1060 951//949 1156//1154
f 992//990 1076//1074 1125//1123
f 1144//1142 992//990 1098//1096
f 976//974 1078//1076 1099//1097
f 1018//1016 1147//1145 1126//1124
f 1055//1053 1054//1052 1148//1146
f 1127//1125 1168//1166 1056//1054
f 1100//1098 1214//1212 1057//1055
f 1170//1168 1128//1126 1118//1116
f 1158//1156 1182//1180 1103//1101
f 1133//1131 980//978 1128//1126
f 1021//1019 861//859 1104//1102
f 1021//1019 1104//1102 1190//1188
f 1135//1133 655//655 937//935
f 948//946 1022//1020 1120//1118
f 854//852 948//946 1120//1118
f 916//914 1139//1137 1083//1081
f 1095//1093 1045//1043 1162//1160
f 983//981 1058//1056 1140//1138
f 873//871 1024//1022 1058//1056
f 1114//1112 760//758 1000//998
f 1036//1034 1011//1009 1165//1163
f 1002//1000 1207//1205 1086//1084
f 1143//1141 1156//1154 1108//1106
f 920//918 1115//1113 1212//1210
f 1076//1074 1014//1012 1186//1184
f 1109//1107 992//990 1144//1142
f 1066//1064 1003//1001 1089//1087
f 1041//1039 1057//1055 1202//1200
f 1111//1109 1041//1039 1202//1200
f 1169//1167 1110//1108 1116//1114
f 1182//1180 1102//1100 1032//1030
f 1198//1196 1090//1088 1082//1080
f 861//859 1133//1131 1104//1102
f 956//954 987//985 1152//1150
f 1135//1133 937//935 1136//1134
f 1137//1135 1022//1020 853//851
f 1153//1151 961//959 821//819
f 1139//1137 916//914 983//981
f 1045//1043 1083//1081 1162//1160
f 1105//1103 1163//1161 989//987
f 1060//1058 1154//1152 1047//1045
f 1060//1058 1059//1057 1154//1152
f 1130//1128 1061//1059 1176//1174
f 1007//1005 1162//1160 1141//1139
f 1029//1027 1073//1071 1122//1120
f 1085//1083 1123//1121 1035//1033
f 1143//1141 1166//1164 1156//1154
f 1125//1123 1107//1105 835//833
f 1167//1165 1078//1076 1077//1075
f 1181//1179 1055//1053 1148//1146
f 1181//1179 1148//1146 1149//1147
f 1149//1147 1148//1146 1110//1108
f 1117//1115 1005//1003 1042//1040
f 1158//1156 1159//1157 1203//1201
f 1159//1157 1151//1149 1119//1117
f 986//984 996//994 1209//1207
f 1151//1149 1092//1090 1119//1117
f 1172//1170 1043//1041 956//954
f 937//935 1093//1091 1136//1134
f 1071//1069 1072//1070 1130//1128
f 1139//1137 983//981 1140//1138
f 1122//1120 1141//1139 1197//1195
f 1164//1162 949//947 1028//1026
f 1011//1009 1142//1140 1165//1163
f 974//972 1107//1105 1010//1008
f 1207//1205 1157//1155 1086//1084
f 1049//1047 920//918 1212//1210
f 1076//1074 1186//1184 1125//1123
f 1144//1142 1030//1028 1109//1107
f 1079//1077 1146//1144 1168//1166
f 1127//1125 1068//1066 1168//1166
f 1056//1054 1168//1166 1146//1144
f 1100//1098 954//952 1226//1224
f 1132//1130 1005//1003 1117//1115
f 1215//1213 1102//1100 1182//1180
f 1170//1168 1118//1116 955//953
f 1159//1157 1119//1117 1203//1201
f 1112//1110 1171//1169 1152//1150
f 1172//1170 956//954 1152//1150
f 988//986 1092//1090 1151//1149
f 947//945 1044//1042 1262//1260
f 1000//998 812//810 1193//1191
f 1178//1176 1122//1120 1197//1195
f 1034//1032 866//864 1155//1153
f 1142//1140 1636//1631 1084//1082
f 1124//1122 868//866 1035//1033
f 1166//1164 1036//1034 1165//1163
f 1030//1028 1144//1142 1180//1178
f 801//799 1258//1256 908//906
f 1098//1096 1088//1086 1188//1186
f 1226//1224 954//952 1126//1124
f 1100//1098 1226//1224 1214//1212
f 1110//1108 1169//1167 1149//1147
f 1215//1213 1116//1114 1102//1100
f 1170//1168 1183//1181 1128//1126
f 1112//1110 986//984 1171//1169
f 981//979 1023//1021 1161//1159
f 1047//1045 1154//1152 1210//1208
f 905//903 989//987 1177//1175
f 1197//1195 1029//1027 1122//1120
f 1185//1183 1131//1129 1062//1060
f 1185//1183 1062//1060 1156//1154
f 1166//1164 1185//1183 1156//1154
f 1115//1113 877//875 1219//1217
f 1180//1178 1259//1257 1030//1028
f 1089//1087 1030//1028 1259//1257
f 1181//1179 1188//1186 1088//1086
f 1168//1166 1068//1066 1099//1097
f 1147//1145 1079//1077 1168//1166
f 1149//1147 1111//1109 1189//1187
f 1101//1099 1111//1109 1149//1147
f 1203//1201 1182//1180 1158//1156
f 1090//1088 1209//1207 996//994
f 1637//1632 1174//1172 1173//1171
f 1153//1151 1138//1136 961//959
f 1094//1092 1138//1136 1175//1173
f 854//852 1120//1118 1121//1119
f 1184//1182 1083//1081 1139//1137
f 1184//1182 1162//1160 1083//1081
f 1192//1190 1139//1137 1140//1138
f 1154//1152 1059//1057 1211//1209
f 1061//1059 1194//1192 1176//1174
f 1238//1236 1025//1023 1131//1129
f 1166//1164 1165//1163 1185//1183
f 1014//1012 1049//1047 1186//1184
f 1004//1002 1101//1099 1242//1240
f 1216//1214 1198//1196 1019//1017
f 1223//1221 1203//1201 1119//1117
f 1070//1068 1190//1188 1223//1221
f 1137//1135 853//851 998//996
f 1637//1632 1160//1158 1196//1194
f 1106//1104 1161//1159 1023//1021
f 1105//1103 1254//1252 1163//1161
f 812//810 1046//1044 1193//1191
f 1184//1182 1141//1139 1162//1160
f 964//962 1194//1192 1061//1059
f 1187//1185 801//799 1145//1143
f 1201//1199 1168//1166 1099//1097
f 1271//1269 1188//1186 1181//1179
f 1183//1181 1133//1131 1128//1126
f 1223//1221 1119//1117 1033//1031
f 955//953 1043//1041 1208//1206
f 1033//1031 1070//1068 1223//1221
f 1153//1151 821//819 852//850
f 1638//1633 1196//1194 1160//1158
f 1191//1189 1637//1632 1196//1194
f 1174//1172 1637//1632 1191//1189
f 1139//1137 1192//1190 1184//1182
f 1184//1182 1192//1190 1197//1195
f 1184//1182 1197//1195 1141//1139
f 866//864 1164//1162 1155//1153
f 1249//1247 1009//1007 878//876
f 1213//1211 1144//1142 1098//1096
f 1258//1256 801//799 1187//1185
f 1188//1186 1213//1211 1098//1096
f 1042//1040 1004//1002 1242//1240
f 1090//1088 1224//1222 1209//1207
f 1044//1042 981//979 1264//1262
f 1130//1128 1205//1203 1071//1069
f 1059//1057 905//903 1211//1209
f 1164//1162 866//864 949//947
f 1165//1163 1142//1140 1239//1237
f 1231//1229 1131//1129 1185//1183
f 1167//1165 1077//1075 1016//1014
f 1180//1178 1144//1142 1213//1211
f 1170//1168 955//953 1208//1206
f 1246//1244 1196//1194 1638//1633
f 1191//1189 1175//1173 1174//1172
f 1174//1172 1175//1173 1138//1136
f 1191//1189 1196//1194 1204//1202
f 1175//1173 1191//1189 1204//1202
f 1105//1103 1094//1092 1254//1252
f 1231//1229 1238//1236 1131//1129
f 1165//1163 1231//1229 1185//1183
f 1249//1247 878//876 1075//1073
f 1016//1014 1087//1085 1179//1177
f 1167//1165 1016//1014 1195//1193
f 1234//1232 1213//1211 1188//1186
f 1101//1099 1149//1147 1169//1167
f 1169//1167 1116//1114 1215//1213
f 1199//1197 1019//1017 1150//1148
f 1170//1168 1243//1241 1183//1181
f 986//984 1209//1207 1236//1234
f 973//971 655//655 1135//1133
f 1237//1235 785//783 467//467
f 1264//1262 1262//1260 1044//1042
f 1153//1151 1174//1172 1138//1136
f 1200//1198 1161//1159 1106//1104
f 1205//1203 1130//1128 1176//1174
f 1024//1022 1247//1245 1058//1056
f 1218//1216 1210//1208 1154//1152
f 1142//1140 1084//1082 1239//1237
f 1164//1162 1028//1026 1232//1230
f 1165//1163 1239//1237 1231//1229
f 1097//1095 1029//1027 1248//1246
f 1248//1246 1207//1205 1097//1095
f 877//875 886//884 1219//1217
f 1049//1047 1212//1210 1268//1266
f 1087//1085 838//836 942//940
f 1126//1124 1147//1145 1221//1219
f 1147//1145 1168//1166 1222//1220
f 1189//1187 1271//1269 1181//1179
f 1189//1187 1181//1179 1149//1147
f 1189//1187 1111//1109 1202//1200
f 1198//1196 1216//1214 1224//1222
f 1090//1088 1198//1196 1224//1222
f 1223//1221 1190//1188 1245//1243
f 1171//1169 986//984 1236//1234
f 1160//1158 1637//1632 1638//1633
f 1129//1127 1022//1020 1137//1135
f 981//979 1161//1159 1264//1262
f 1120//1118 1022//1020 1129//1127
f 1154//1152 1211//1209 1218//1216
f 1231//1229 1276//1274 1238//1236
f 1266//1264 1231//1229 1239//1237
f 1281//1279 1107//1105 1125//1123
f 1186//1184 1281//1279 1125//1123
f 1186//1184 1049//1047 1268//1266
f 942//940 908//906 1258//1256
f 1213//1211 1251//1249 1180//1178
f 1066//1064 1089//1087 1145//1143
f 1220//1218 1099//1097 1078//1076
f 1214//1212 1226//1224 1282//1280
f 1271//1269 1234//1232 1188//1186
f 1226//1224 1126//1124 1221//1219
f 1227//1225 1132//1130 1117//1115
f 1150//1148 1132//1130 1228//1226
f 1182//1180 1203//1201 1215//1213
f 1244//1242 1235//1233 1183//1181
f 1235//1233 1223//1221 1245//1243
f 1043//1041 1172//1170 1288//1286
f 1172//1170 1152//1150 1171//1169
f 620//620 590//590 767//765
f 1204//1202 1229//1227 1175//1173
f 1046//1044 1121//1119 1193//1191
f 1238//1236 1106//1104 1025//1023
f 1211//1209 905//903 1177//1175
f 964//962 1009//1007 1230//1228
f 1219//1217 886//884 1124//1122
f 1212//1210 1115//1113 1219//1217
f 1260//1258 1145//1143 1089//1087
f 1167//1165 1356//1354 1078//1076
f 1168//1166 1201//1199 1222//1220
f 1132//1130 1227//1225 1228//1226
f 1199//1197 1150//1148 1228//1226
f 1216//1214 1019//1017 1199//1197
f 1245//1243 1190//1188 1104//1102
f 1293//1291 1637//1632 1173//1171
f 1255//1253 1106//1104 1238//1236
f 1248//1246 1029//1027 1197//1195
f 1099//1097 1220//1218 1225//1223
f 1201//1199 1099//1097 1225//1223
f 1222//1220 1201//1199 1240//1238
f 1241//1239 1242//1240 1101//1099
f 1117//1115 1042//1040 1242//1240
f 1241//1239 1101//1099 1169//1167
f 1183//1181 1245//1243 1133//1131
f 1272//1270 1208//1206 1043//1041
f 1171//1169 1253//1251 1172//1170
f 1246//1244 1638//1633 1637//1632
f 1174//1172 1274//1272 1173//1171
f 1177//1175 989//987 1163//1161
f 1194//1192 964//962 1230//1228
f 1010//1008 1107//1105 1256//1254
f 1233//1231 1250//1248 1286//1284
f 1180//1178 1251//1249 1259//1257
f 1057//1055 1214//1212 1202//1200
f 1202//1200 1214//1212 1287//1285
f 1291//1289 1203//1201 1223//1221
f 1245//1243 1183//1181 1235//1233
f 1133//1131 1245//1243 1104//1102
f 1024//1022 1217//1215 1247//1245
f 1000//998 1193//1191 1300//1298
f 1035//1033 1123//1121 1301//1299
f 1212//1210 1219//1217 1268//1266
f 1277//1275 1250//1248 1233//1231
f 1259//1257 1260//1258 1089//1087
f 1270//1268 1259//1257 1251//1249
f 1251//1249 1213//1211 1234//1232
f 1189//1187 1202//1200 1278//1276
f 1333//1331 1169//1167 1215//1213
f 1183//1181 1243//1241 1244//1242
f 1235//1233 1291//1289 1223//1221
f 1200//1198 1264//1262 1161//1159
f 1114//1112 1000//998 1300//1298
f 1238//1236 1276//1274 1255//1253
f 1267//1265 1085//1083 1206//1204
f 1280//1278 1286//1284 1250//1248
f 1277//1275 1269//1267 1250//1248
f 1347//1345 1087//1085 942//940
f 1287//1285 1214//1212 1282//1280
f 1147//1145 1222//1220 1297//1295
f 1333//1331 1215//1213 1291//1289
f 1208//1206 1252//1250 1170//1168
f 1224//1222 1216//1214 1261//1259
f 998//996 997//995 1289//1287
f 1137//1135 998//996 1263//1261
f 1246//1244 1275//1273 1196//1194
f 1265//1263 1071//1069 1205//1203
f 1279//1277 1338//1336 1210//1208
f 1328//1326 1266//1264 1239//1237
f 1276//1274 1231//1229 1352//1350
f 1085//1083 1267//1265 1123//1121
f 1124//1122 1035//1033 1301//1299
f 1257//1255 1249//1247 1075//1073
f 1281//1279 1256//1254 1107//1105
f 1268//1266 1281//1279 1186//1184
f 1280//1278 1250//1248 1269//1267
f 1195//1193 1016//1014 1179//1177
f 1078//1076 1356//1354 1220//1218
f 1147//1145 1297//1295 1221//1219
f 1202//1200 1287//1285 1278//1276
f 1291//1289 1215//1213 1203//1201
f 1237//1235 947//945 1304//1302
f 1273//1271 852//850 1298//1296
f 1336//1334 1325//1323 1273//1271
f 1274//1272 1174//1172 1153//1151
f 1254//1252 1094//1092 1175//1173
f 1327//1325 1200//1198 1106//1104
f 1024//1022 1047//1045 1217//1215
f 1329//1327 1084//1082 1155//1153
f 1028//1026 1010//1008 1232//1230
f 1257//1255 1086//1084 1157//1155
f 1075//1073 1086//1084 1257//1255
f 1295//1293 1286//1284 1280//1278
f 1270//1268 1251//1249 1290//1288
f 1167//1165 1195//1193 1356//1354
f 1234//1232 1290//1288 1251//1249
f 1296//1294 1282//1280 1226//1224
f 1226//1224 1221//1219 1296//1294
f 1234//1232 1271//1269 1290//1288
f 1199//1197 1261//1259 1216//1214
f 1261//1259 1199//1197 1228//1226
f 1272//1270 1043//1041 1288//1286
f 1304//1302 947//945 1262//1260
f 1246//1244 1637//1632 1293//1291
f 1325//1323 1173//1171 1274//1272
f 1176//1174 1194//1192 1205//1203
f 1247//1245 1140//1138 1058//1056
f 1210//1208 1218//1216 1279//1277
f 1231//1229 1266//1264 1285//1283
f 1230//1228 1009//1007 1249//1247
f 1157//1155 1207//1205 1248//1246
f 1248//1246 1294//1292 1157//1155
f 1280//1278 1318//1316 1295//1293
f 1333//1331 1241//1239 1169//1167
f 1227//1225 1117//1115 1242//1240
f 1264//1262 1200//1198 1317//1315
f 1275//1273 1204//1202 1196//1194
f 1120//1118 1129//1127 1283//1281
f 1306//1304 1317//1315 1200//1198
f 1229//1227 1254//1252 1175//1173
f 1327//1325 1106//1104 1255//1253
f 1197//1195 1192//1190 1284//1282
f 1239//1237 1329//1327 1328//1326
f 1084//1082 1329//1327 1239//1237
f 1155//1153 1164//1162 1311//1309
f 1281//1279 1340//1338 1256//1254
f 1313//1311 1280//1278 1269//1267
f 1189//1187 1278//1276 1271//1269
f 1240//1238 1201//1199 1225//1223
f 1291//1289 1235//1233 1244//1242
f 1358//1356 1261//1259 1228//1226
f 1358//1356 1292//1290 1261//1259
f 1317//1315 1305//1303 1264//1262
f 1325//1323 852//850 1273//1271
f 1367//1365 1275//1273 1246//1244
f 1284//1282 1192//1190 1140//1138
f 1211//1209 1310//1308 1218//1216
f 1266//1264 1328//1326 1285//1283
f 1248//1246 1197//1195 1284//1282
f 1258//1256 1347//1345 942//940
f 1259//1257 1270//1268 1260//1258
f 1302//1300 1145//1143 1260//1258
f 1187//1185 1145//1143 1302//1300
f 1296//1294 1221//1219 1303//1301
f 1244//1242 1243//1241 1252//1250
f 1170//1168 1252//1250 1243//1241
f 997//995 1113//1111 1289//1287
f 1264//1262 1305//1303 1262//1260
f 1325//1323 1153//1151 852//850
f 1327//1325 1306//1304 1200//1198
f 1255//1253 1276//1274 1352//1350
f 1219//1217 1124//1122 1301//1299
f 1219//1217 1301//1299 1268//1266
f 1195//1193 1319//1317 1356//1354
f 1271//1269 1320//1318 1290//1288
f 1278//1276 1320//1318 1271//1269
f 1314//1312 1222//1220 1240//1238
f 1241//1239 1365//1363 1242//1240
f 1332//1330 1227//1225 1242//1240
f 1316//1314 1272//1270 1288//1286
f 1253//1251 1288//1286 1172//1170
f 1171//1169 1236//1234 1253//1251
f 1237//1235 1304//1302 1323//1321
f 1389//1387 1134//1132 590//590
f 1305//1303 1299//1297 1317//1315
f 1121//1119 1283//1281 1307//1305
f 1430//1428 1047//1045 1210//1208
f 1140//1138 1247//1245 1309//1307
f 1257//1255 1157//1155 1294//1292
f 1312//1310 1295//1293 1318//1316
f 1303//1301 1221//1219 1376//1374
f 1228//1226 1227//1225 1315//1313
f 1209//1207 1224//1222 1452//1449
f 1362//1360 1209//1207 1452//1449
f 1322//1320 1262//1260 1305//1303
f 1275//1273 1326//1324 1204//1202
f 1121//1119 1120//1118 1283//1281
f 1430//1428 1210//1208 1338//1336
f 1047//1045 1430//1428 1217//1215
f 1155//1153 1384//1382 1329//1327
f 1352//1350 1231//1229 1285//1283
f 1311//1309 1164//1162 1232//1230
f 1232//1230 1010//1008 1256//1254
f 1270//1268 1348//1346 1260//1258
f 1302//1300 1258//1256 1187//1185
f 1287//1285 1282//1280 1331//1329
f 1282//1280 1296//1294 1331//1329
f 1296//1294 1303//1301 1349//1347
f 1376//1374 1221//1219 1297//1295
f 1225//1223 1314//1312 1240//1238
f 1333//1331 1365//1363 1241//1239
f 1315//1313 1227//1225 1371//1369
f 1253//1251 1316//1314 1288//1286
f 1334//1332 1273//1271 1298//1296
f 1322//1320 1305//1303 1317//1315
f 1306//1304 1337//1335 1317//1315
f 1129//1127 1137//1135 1324//1322
f 1229//1227 1204//1202 1326//1324
f 1353//1351 1328//1326 1329//1327
f 1155//1153 1311//1309 1384//1382
f 1294//1292 1248//1246 1330//1328
f 1195//1193 1179//1177 1319//1317
f 1320//1318 1270//1268 1290//1288
f 1315//1313 1358//1356 1228//1226
f 1292//1290 1224//1222 1261//1259
f 1342//1340 1136//1134 1093//1091
f 1284//1282 1140//1138 1309//1307
f 1301//1299 1123//1121 1267//1265
f 1339//1337 1232//1230 1256//1254
f 1268//1266 1340//1338 1281//1279
f 1233//1231 1286//1284 1277//1275
f 1348//1346 1270//1268 1320//1318
f 767//765 590//590 1134//1132
f 1321//1319 1389//1387 973//971
f 1135//1133 1136//1134 1342//1340
f 1093//1091 1071//1069 1342//1340
f 1247//1245 1217//1215 1345//1343
f 1430//1428 1338//1336 1279//1277
f 1300//1298 1193//1191 1308//1306
f 1205//1203 1194//1192 1230//1228
f 1267//1265 1206//1204 1114//1112
f 1354//1352 1249//1247 1257//1255
f 1268//1266 1301//1299 1340//1338
f 1269//1267 1355//1353 1313//1311
f 1376//1374 1297//1295 1364//1362
f 1359//1357 1244//1242 1252//1250
f 1321//1319 973//971 1135//1133
f 1317//1315 1337//1335 1322//1320
f 1293//1291 1173//1171 1343//1341
f 1246//1244 1293//1291 1367//1365
f 1342//1340 1071//1069 1265//1263
f 1193//1191 1121//1119 1307//1305
f 1350//1348 1351//1349 1353//1351
f 1308//1306 1193//1191 1307//1305
f 1285//1283 1328//1326 1346//1344
f 1311//1309 1232//1230 1375//1373
f 1340//1338 1339//1337 1256//1254
f 1313//1311 1318//1316 1280//1278
f 1277//1275 1355//1353 1269//1267
f 1260//1258 1348//1346 1302//1300
f 1303//1301 1357//1355 1349//1347
f 1296//1294 1349//1347 1331//1329
f 1297//1295 1222//1220 1411//1409
f 1332//1330 1242//1240 1365//1363
f 1378//1376 1358//1356 1315//1313
f 1291//1289 1244//1242 1359//1357
f 1359//1357 1252//1250 1208//1206
f 1360//1358 1292//1290 1358//1356
f 1272//1270 1316//1314 1361//1359
f 1316//1314 1253//1251 1236//1234
f 1362//1360 1236//1234 1209//1207
f 1262//1260 1322//1320 1335//1333
f 1113//1111 1237//1235 1341//1339
f 1341//1339 1237//1235 1323//1321
f 998//996 1289//1287 1263//1261
f 1640//1635 1336//1334 1273//1271
f 1324//1322 1137//1135 1263//1261
f 1275//1273 1367//1365 1368//1366
f 1229//1227 1344//1342 1392//1390
f 1327//1325 1255//1253 1352//1350
f 1329//1327 1350//1348 1353//1351
f 1328//1326 1353//1351 1346//1344
f 1230//1228 1249//1247 1415//1413
f 1415//1413 1249//1247 1354//1352
f 1319//1317 1179//1177 1087//1085
f 1403//1401 1302//1300 1348//1346
f 1403//1401 1348//1346 1320//1318
f 1370//1368 1364//1362 1297//1295
f 1377//1375 1314//1312 1225//1223
f 1304//1302 1262//1260 1335//1333
f 1381//1379 1367//1365 1293//1291
f 1327//1325 1352//1350 1450//1447
f 1218//1216 1310//1308 1393//1391
f 1374//1372 1311//1309 1375//1373
f 1301//1299 1267//1265 1385//1383
f 1375//1373 1232//1230 1339//1337
f 1415//1413 1354//1352 1257//1255
f 1312//1310 1318//1316 1395//1393
f 1320//1318 1419//1417 1403//1401
f 1314//1312 1411//1409 1222//1220
f 1227//1225 1332//1330 1371//1369
f 1359//1357 1398//1396 1291//1289
f 1289//1287 1113//1111 1341//1339
f 1380//1378 1366//1364 1363//1361
f 1381//1379 1293//1291 1366//1364
f 1229//1227 1326//1324 1344//1342
f 1392//1390 1344//1342 1383//1381
f 1384//1382 1350//1348 1329//1327
f 1279//1277 1218//1216 1641//1636
f 1267//1265 1114//1112 1300//1298
f 1310//1308 1211//1209 1177//1175
f 1286//1284 1295//1293 1418//1416
f 1419//1417 1320//1318 1278//1276
f 1331//1329 1278//1276 1287//1285
f 1360//1358 1358//1356 1372//1370
f 1292//1290 1360//1358 1224//1222
f 1452//1449 1224//1222 1360//1358
f 1389//1387 1298//1296 1134//1132
f 1446//1444 1273//1271 1334//1332
f 1373//1371 1366//1364 1293//1291
f 1640//1635 1273//1271 1446//1444
f 1381//1379 1366//1364 1380//1378
f 1390//1388 1382//1380 1367//1365
f 1283//1281 1129//1127 1408//1406
f 1129//1127 1324//1322 1408//1406
f 1368//1366 1367//1365 1382//1380
f 1449//1446 1430//1428 1338//1336
f 1384//1382 1311//1309 1374//1372
f 1301//1299 1385//1383 1396//1394
f 1396//1394 1339//1337 1340//1338
f 1301//1299 1396//1394 1340//1338
f 1397//1395 1347//1345 1302//1300
f 1347//1345 1258//1256 1302//1300
f 1303//1301 1376//1374 1357//1355
f 1357//1355 1376//1374 1387//1385
f 1363//1361 1366//1364 1373//1371
f 1289//1287 1341//1339 1399//1397
f 1379//1377 1341//1339 1323//1321
f 1323//1321 1304//1302 1391//1389
f 1380//1378 1363//1361 1390//1388
f 1343//1341 1173//1171 1325//1323
f 1380//1378 1390//1388 1381//1379
f 1390//1388 1367//1365 1381//1379
f 1326//1324 1275//1273 1368//1366
f 1254//1252 1229//1227 1412//1410
f 1639//1634 1642//1637 1641//1636
f 1450//1447 1352//1350 1285//1283
f 1286//1284 1418//1416 1386//1384
f 1388//1386 1297//1295 1411//1409
f 1398//1396 1333//1331 1291//1289
f 1359//1357 1208//1206 1398//1396
f 1272//1270 1436//1434 1208//1206
f 1361//1359 1316//1314 1236//1234
f 1341//1339 1379//1377 1407//1405
f 1293//1291 1343//1341 1373//1371
f 1412//1410 1229//1227 1392//1390
f 1163//1161 1254//1252 1412//1410
f 1285//1283 1346//1344 1450//1447
f 1163//1161 1369//1367 1177//1175
f 1641//1636 1218//1216 1393//1391
f 1248//1246 1284//1282 1330//1328
f 1318//1316 1433//1431 1395//1393
f 1277//1275 1286//1284 1386//1384
f 1419//1417 1404//1402 1403//1401
f 1387//1385 1376//1374 1405//1403
f 1388//1386 1370//1368 1297//1295
f 1389//1387 1334//1332 1298//1296
f 1307//1305 1283//1281 1408//1406
f 1345//1343 1217//1215 1413//1411
f 1308//1306 1307//1305 1408//1406
f 1639//1634 1451//1448 1642//1637
f 1423//1421 1350//1348 1384//1382
f 1300//1298 1308//1306 1267//1265
f 1423//1421 1384//1382 1374//1372
f 1393//1391 1310//1308 1394//1392
f 1402//1400 1393//1391 1394//1392
f 1394//1392 1409//1407 1414//1412
f 1294//1292 1330//1328 1481//1477
f 1312//1310 1395//1393 1425//1423
f 1295//1293 1312//1310 1425//1423
f 1355//1353 1277//1275 1386//1384
f 1302//1300 1403//1401 1397//1395
f 1419//1417 1278//1276 1331//1329
f 1331//1329 1357//1355 1419//1417
f 1405//1403 1376//1374 1364//1362
f 1364//1362 1370//1368 1406//1404
f 1416//1414 1371//1369 1332//1330
f 1378//1376 1372//1370 1358//1356
f 1379//1377 1323//1321 1391//1389
f 1351//1349 1350//1348 1400//1398
f 1430//1428 1279//1277 1451//1448
f 1339//1337 1396//1394 1375//1373
f 1425//1423 1395//1393 1417//1415
f 1466//1463 1347//1345 1397//1395
f 1403//1401 1404//1402 1397//1395
f 1357//1355 1331//1329 1349//1347
f 1405//1403 1364//1362 1410//1408
f 1410//1408 1364//1362 1406//1404
f 1377//1375 1225//1223 1388//1386
f 1377//1375 1388//1386 1411//1409
f 1411//1409 1314//1312 1377//1375
f 1407//1405 1399//1397 1341//1339
f 1640//1635 1446//1444 1428//1426
f 1382//1380 1422//1420 1368//1366
f 1353//1351 1351//1349 1401//1399
f 1353//1351 1401//1399 1346//1344
f 1644//1639 1451//1448 1639//1634
f 1369//1367 1163//1161 1457//1454
f 1267//1265 1308//1306 1385//1383
f 1415//1413 1432//1430 1230//1228
f 1465//1462 1418//1416 1295//1293
f 1365//1363 1426//1424 1332//1330
f 1315//1313 1371//1369 1416//1414
f 1426//1424 1365//1363 1333//1331
f 1416//1414 1378//1376 1315//1313
f 1416//1414 1372//1370 1378//1376
f 1389//1387 590//590 973//971
f 1304//1302 1484//1480 1391//1389
f 1263//1261 1289//1287 1420//1418
f 1427//1425 1390//1388 1363//1361
f 1641//1636 1451//1448 1279//1277
f 1394//1392 1310//1308 1424//1422
f 1394//1392 1424//1422 1414//1412
f 1433//1431 1417//1415 1395//1393
f 1294//1292 1506//1501 1257//1255
f 1465//1462 1295//1293 1425//1423
f 1434//1432 1318//1316 1313//1311
f 1434//1432 1313//1311 1355//1353
f 1435//1433 1225//1223 1220//1218
f 1435//1433 1388//1386 1225//1223
f 1388//1386 1406//1404 1370//1368
f 1398//1396 1208//1206 1436//1434
f 1372//1370 1416//1414 1360//1358
f 1272//1270 1361//1359 1436//1434
f 1484//1480 1304//1302 1335//1333
f 1373//1371 1427//1425 1363//1361
f 1289//1287 1399//1397 1420//1418
f 1407//1405 1379//1377 1438//1436
f 1512//1507 1344//1342 1429//1427
f 1327//1325 1444//1442 1306//1304
f 1401//1399 1351//1349 1400//1398
f 1457//1454 1163//1161 1412//1410
f 1310//1308 1177//1175 1431//1429
f 1424//1422 1310//1308 1431//1429
f 1424//1422 1417//1415 1433//1431
f 1425//1423 1417//1415 1424//1422
f 1332//1330 1426//1424 1416//1414
f 1426//1424 1333//1331 1398//1396
f 1443//1441 1335//1333 1322//1320
f 1325//1323 1336//1334 1437//1435
f 1324//1322 1263//1261 1439//1437
f 1439//1437 1263//1261 1420//1418
f 1344//1342 1326//1324 1429//1427
f 1421//1419 1344//1342 1512//1507
f 1327//1325 1450//1447 1444//1442
f 1430//1428 1451//1448 1644//1639
f 1639//1634 1641//1636 1456//1453
f 1642//1637 1451//1448 1641//1636
f 1489//1484 1641//1636 1393//1391
f 1440//1438 1423//1421 1374//1372
f 1396//1394 1385//1383 1480//1476
f 1414//1412 1424//1422 1433//1431
f 1434//1432 1433//1431 1318//1316
f 1319//1317 1087//1085 1347//1345
f 1442//1440 1357//1355 1387//1385
f 1361//1359 1236//1234 1362//1360
f 1326//1324 1368//1366 1429//1427
f 1344//1342 1421//1419 1383//1381
f 1644//1639 1430//1428 1449//1446
f 1400//1398 1350//1348 1423//1421
f 1463//1460 1430//1428 1644//1639
f 1463//1460 1644//1639 1639//1634
f 1463//1460 1639//1634 1456//1453
f 1642//1637 1644//1639 1451//1448
f 1445//1443 1308//1306 1408//1406
f 1308//1306 1445//1443 1385//1383
f 1414//1412 1489//1484 1394//1392
f 1441//1439 1375//1373 1396//1394
f 1427//1425 1382//1380 1390//1388
f 1478//1474 1428//1426 1446//1444
f 1324//1322 1439//1437 1455//1452
f 1455//1452 1408//1406 1324//1322
f 1217//1215 1430//1428 1448//1445
f 1346//1344 1401//1399 1450//1447
f 1451//1448 1645//1640 1644//1639
f 1205//1203 1230//1228 1432//1430
f 1393//1391 1402//1400 1489//1484
f 1385//1383 1445//1443 1480//1476
f 1441//1439 1374//1372 1375//1373
f 1489//1484 1414//1412 1433//1431
f 1489//1484 1433//1431 1501//1496
f 1415//1413 1257//1255 1506//1501
f 1387//1385 1405//1403 1442//1440
f 1360//1358 1416//1414 1452//1449
f 1453//1450 1336//1334 1640//1635
f 1438//1436 1454//1451 1407//1405
f 1337//1335 1306//1304 1444//1442
f 1643//1638 1641//1636 1458//1455
f 1330//1328 1284//1282 1488//1483
f 1294//1292 1481//1477 1506//1501
f 1508//1503 1220//1218 1356//1354
f 1322//1320 1337//1335 1468//1465
f 1399//1397 1407//1405 1454//1451
f 1382//1380 1427//1425 1459//1456
f 1391//1389 1471//1468 1379//1377
f 1379//1377 1471//1468 1438//1436
f 1525//1520 1401//1399 1400//1398
f 1463//1460 1448//1445 1430//1428
f 1217//1215 1448//1445 1413//1411
f 1464//1461 1265//1263 1205//1203
f 1408//1406 1455//1452 1445//1443
f 1646//1641 1456//1453 1641//1636
f 1489//1484 1402//1400 1394//1392
f 1506//1501 1432//1430 1415//1413
f 1425//1423 1424//1422 1431//1429
f 1425//1423 1431//1429 1465//1462
f 1404//1402 1419//1417 1507//1502
f 1419//1417 1357//1355 1442//1440
f 1410//1408 1442//1440 1405//1403
f 1475//1471 1410//1408 1406//1404
f 1388//1386 1475//1471 1406//1404
f 1467//1464 1426//1424 1398//1396
f 1452//1449 1416//1414 1426//1424
f 1443//1441 1322//1320 1468//1465
f 1343//1341 1325//1323 1437//1435
f 1470//1467 1478//1474 1446//1444
f 1484//1480 1471//1468 1391//1389
f 1342//1340 1265//1263 1462//1459
f 1472//1469 1383//1381 1421//1419
f 1448//1445 1463//1460 1456//1453
f 1400//1398 1423//1421 1473//1470
f 1463//1460 1456//1453 1646//1641
f 1500//1495 1641//1636 1489//1484
f 1510//1505 1396//1394 1480//1476
f 1356//1354 1319//1317 1508//1503
f 1436//1434 1467//1464 1398//1396
f 1361//1359 1467//1464 1436//1434
f 1467//1464 1361//1359 1362//1360
f 1482//1478 1135//1133 1342//1340
f 1446//1444 1334//1332 1470//1467
f 1422//1420 1382//1380 1459//1456
f 1368//1366 1422//1420 1459//1456
f 1512//1507 1460//1457 1421//1419
f 1471//1468 1454//1451 1438//1436
f 1470//1467 1461//1458 1478//1474
f 1400//1398 1473//1470 1515//1510
f 1463//1460 1478//1474 1461//1458
f 1247//1245 1345//1343 1309//1307
f 1641//1636 1643//1638 1646//1641
f 1480//1476 1445//1443 1479//1475
f 1643//1638 1500//1495 1458//1455
f 1458//1455 1647//1642 1643//1638
f 1641//1636 1500//1495 1643//1638
f 1481//1477 1330//1328 1488//1483
f 1404//1402 1507//1502 1397//1395
f 1220//1218 1508//1503 1486//1481
f 1420//1418 1399//1397 1483//1479
f 1373//1371 1477//1473 1427//1425
f 1469//1466 1494//1489 1428//1426
f 1469//1466 1428//1426 1478//1474
f 1463//1460 1461//1458 1448//1445
f 1450//1447 1401//1399 1525//1520
f 1457//1454 1412//1410 1497//1492
f 1509//1504 1647//1642 1458//1455
f 1284//1282 1309//1307 1488//1483
f 1500//1495 1509//1504 1458//1455
f 1490//1485 1347//1345 1466//1463
f 1397//1395 1507//1502 1466//1463
f 1452//1449 1426//1424 1467//1464
f 1362//1360 1452//1449 1467//1464
f 1491//1486 1389//1387 1321//1319
f 1476//1472 1420//1418 1483//1479
f 1427//1425 1477//1473 1459//1456
f 1470//1467 1334//1332 1492//1487
f 1446//1444 1494//1489 1640//1635
f 1428//1426 1494//1489 1446//1444
f 1472//1469 1421//1419 1460//1457
f 1392//1390 1383//1381 1472//1469
f 1525//1520 1400//1398 1487//1482
f 1462//1459 1265//1263 1464//1461
f 1177//1175 1369//1367 1431//1429
f 1419//1417 1442//1440 1527//1522
f 1442//1440 1410//1408 1475//1471
f 1475//1471 1388//1386 1435//1433
f 1640//1635 1494//1489 1453//1450
f 1493//1488 1399//1397 1454//1451
f 1368//1366 1459//1456 1429//1427
f 1463//1460 1469//1466 1478//1474
f 1487//1482 1400//1398 1515//1510
f 1413//1411 1448//1445 1534//1529
f 1412//1410 1392//1390 1497//1492
f 1643//1638 1647//1642 1646//1641
f 1418//1416 1465//1462 1498//1493
f 1220//1218 1486//1481 1435//1433
f 1321//1319 1135//1133 1482//1478
f 1502//1497 1373//1371 1343//1341
f 1439//1437 1420//1418 1503//1498
f 1495//1490 1455//1452 1439//1437
f 1499//1494 1461//1458 1470//1467
f 1525//1520 1522//1517 1450//1447
f 1448//1445 1461//1458 1499//1494
f 1455//1452 1496//1491 1445//1443
f 1464//1461 1205//1203 1432//1430
f 1480//1476 1479//1475 1510//1505
f 1441//1439 1396//1394 1510//1505
f 1355//1353 1386//1384 1532//1527
f 1334//1332 1389//1387 1491//1486
f 1334//1332 1491//1486 1492//1487
f 1502//1497 1477//1473 1373//1371
f 1468//1465 1337//1335 1444//1442
f 1448//1445 1499//1494 1534//1529
f 1496//1491 1455//1452 1495//1490
f 1469//1466 1463//1460 1504//1499
f 1473//1470 1423//1421 1543//1538
f 1543//1538 1423//1421 1440//1438
f 1498//1493 1465//1462 1431//1429
f 1483//1479 1399//1397 1493//1488
f 1420//1418 1476//1472 1503//1498
f 1521//1516 1454//1451 1471//1468
f 1469//1466 1523//1518 1494//1489
f 1444//1442 1450//1447 1522//1517
f 1531//1526 1522//1517 1525//1520
f 1392//1390 1472//1469 1497//1492
f 1532//1527 1386//1384 1418//1416
f 1507//1502 1490//1485 1466//1463
f 1507//1502 1419//1417 1527//1522
f 1527//1522 1435//1433 1486//1481
f 1475//1471 1435//1433 1527//1522
f 1539//1534 1484//1480 1514//1509
f 1463//1460 1646//1641 1504//1499
f 1479//1475 1445//1443 1496//1491
f 1548//1543 1432//1430 1506//1501
f 1481//1477 1488//1483 1573//1568
f 1441//1439 1510//1505 1517//1512
f 1374//1372 1441//1439 1517//1512
f 1518//1513 1501//1496 1433//1431
f 1520//1515 1343//1341 1437//1435
f 1499//1494 1470//1467 1492//1487
f 1479//1475 1496//1491 1516//1511
f 1504//1499 1646//1641 1647//1642
f 1457//1454 1497//1492 1505//1500
f 1479//1475 1524//1519 1510//1505
f 1517//1512 1440//1438 1374//1372
f 1481//1477 1573//1568 1506//1501
f 1369//1367 1511//1506 1431//1429
f 1511//1506 1519//1514 1431//1429
f 1498//1493 1431//1429 1519//1514
f 1347//1345 1490//1485 1513//1508
f 1574//1569 1514//1509 1335//1333
f 1321//1319 1482//1478 1491//1486
f 1502//1497 1343//1341 1520//1515
f 1554//1549 1460//1457 1512//1507
f 1444//1442 1522//1517 1529//1524
f 1515//1510 1530//1525 1522//1517
f 1504//1499 1523//1518 1469//1466
f 1488//1483 1309//1307 1535//1530
f 1548//1543 1464//1461 1432//1430
f 1517//1512 1510//1505 1524//1519
f 1369//1367 1457//1454 1505//1500
f 1501//1496 1518//1513 1489//1484
f 1433//1431 1434//1432 1518//1513
f 1508//1503 1319//1317 1513//1508
f 1553//1548 1527//1522 1486//1481
f 1484//1480 1335//1333 1514//1509
f 1437//1435 1336//1334 1453//1450
f 1495//1490 1439//1437 1503//1498
f 1429//1427 1459//1456 1540//1535
f 1541//1536 1530//1525 1515//1510
f 1473//1470 1541//1536 1515//1510
f 1648//1643 1504//1499 1647//1642
f 1513//1508 1319//1317 1347//1345
f 1442//1440 1475//1471 1527//1522
f 1429//1427 1540//1535 1512//1507
f 1529//1524 1522//1517 1530//1525
f 1522//1517 1531//1526 1487//1482
f 1515//1510 1522//1517 1487//1482
f 1525//1520 1487//1482 1531//1526
f 1472//1469 1526//1521 1497//1492
f 1546//1541 1345//1343 1413//1411
f 1345//1343 1535//1530 1309//1307
f 1536//1531 1648//1643 1647//1642
f 1517//1512 1543//1538 1440//1438
f 1574//1569 1335//1333 1443//1441
f 1483//1479 1537//1532 1476//1472
f 1491//1486 1482//1478 1557//1552
f 1533//1528 1459//1456 1477//1473
f 1471//1468 1484//1480 1528//1523
f 1496//1491 1495//1490 1547//1542
f 1541//1536 1473//1470 1543//1538
f 1535//1530 1345//1343 1546//1541
f 1516//1511 1524//1519 1479//1475
f 1536//1531 1647//1642 1509//1504
f 1573//1568 1548//1543 1506//1501
f 1507//1502 1527//1522 1552//1547
f 1493//1488 1454//1451 1544//1539
f 1512//1507 1559//1554 1554//1549
f 1462//1459 1482//1478 1342//1340
f 1516//1511 1496//1491 1547//1542
f 1524//1519 1542//1537 1517//1512
f 1369//1367 1505//1500 1549//1544
f 1486//1481 1508//1503 1553//1548
f 1533//1528 1540//1535 1459//1456
f 1545//1540 1494//1489 1523//1518
f 1528//1523 1484//1480 1539//1534
f 1528//1523 1521//1516 1471//1468
f 1526//1521 1472//1469 1460//1457
f 1541//1536 1543//1538 1542//1537
f 1517//1512 1542//1537 1543//1538
f 1536//1531 1509//1504 1500//1495
f 1550//1545 1498//1493 1519//1514
f 1551//1546 1434//1432 1355//1353
f 1580//1575 1418//1416 1498//1493
f 1532//1527 1418//1416 1580//1575
f 1490//1485 1552//1547 1513//1508
f 1507//1502 1552//1547 1490//1485
f 1503//1498 1476//1472 1537//1532
f 1520//1515 1437//1435 1556//1551
f 1468//1465 1444//1442 1529//1524
f 1495//1490 1503//1498 1567//1562
f 1462//1459 1464//1461 1591//1586
f 1497//1492 1564//1559 1505//1500
f 1500//1495 1489//1484 1518//1513
f 1518//1513 1434//1432 1551//1546
f 1551//1546 1355//1353 1532//1527
f 1498//1493 1550//1545 1580//1575
f 1520//1515 1556//1551 1559//1554
f 1512//1507 1565//1560 1559//1554
f 1462//1459 1560//1555 1482//1478
f 1548//1543 1591//1586 1464//1461
f 1524//1519 1516//1511 1555//1550
f 1549//1544 1511//1506 1369//1367
f 1513//1508 1553//1548 1508//1503
f 1556//1551 1437//1435 1566//1561
f 1502//1497 1538//1533 1575//1570
f 1477//1473 1502//1497 1575//1570
f 1492//1487 1491//1486 1557//1552
f 1558//1553 1557//1552 1482//1478
f 1545//1540 1570//1565 1494//1489
f 1554//1549 1559//1554 1556//1551
f 1499//1494 1492//1487 1568//1563
f 1530//1525 1541//1536 1561//1556
f 1526//1521 1460//1457 1554//1549
f 1568//1563 1413//1411 1534//1529
f 1536//1531 1504//1499 1648//1643
f 1563//1558 1500//1495 1518//1513
f 1537//1532 1483//1479 1493//1488
f 1494//1489 1570//1565 1453//1450
f 1538//1533 1502//1497 1576//1571
f 1477//1473 1575//1570 1533//1528
f 1554//1549 1556//1551 1571//1566
f 1554//1549 1571//1566 1545//1540
f 1565//1560 1512//1507 1540//1535
f 1499//1494 1568//1563 1534//1529
f 1547//1542 1495//1490 1569//1564
f 1523//1518 1504//1499 1562//1557
f 1585//1580 1535//1530 1546//1541
f 1536//1531 1500//1495 1563//1558
f 1488//1483 1535//1530 1573//1568
f 1505//1500 1564//1559 1549//1544
f 1550//1545 1519//1514 1511//1506
f 1570//1565 1583//1578 1453//1450
f 1599//1594 1468//1465 1529//1524
f 1557//1552 1568//1563 1492//1487
f 1454//1451 1521//1516 1544//1539
f 1560//1555 1558//1553 1482//1478
f 1413//1411 1568//1563 1546//1541
f 1560//1555 1462//1459 1591//1586
f 1562//1557 1504//1499 1536//1531
f 1524//1519 1555//1550 1542//1537
f 1593//1588 1548//1543 1573//1568
f 1552//1547 1553//1548 1513//1508
f 1527//1522 1553//1548 1552//1547
f 1437//1435 1453//1450 1566//1561
f 1589//1584 1520//1515 1559//1554
f 1565//1560 1589//1584 1559//1554
f 1530//1525 1561//1556 1581//1576
f 1590//1585 1523//1518 1562//1557
f 1516//1511 1547//1542 1579//1574
f 1555//1550 1516//1511 1579//1574
f 1511//1506 1549//1544 1550//1545
f 1595//1590 1580//1575 1550//1545
f 1574//1569 1577//1572 1514//1509
f 1599//1594 1443//1441 1468//1465
f 1577//1572 1578//1573 1514//1509
f 1576//1571 1502//1497 1520//1515
f 1576//1571 1520//1515 1589//1584
f 1545//1540 1571//1566 1570//1565
f 1586//1581 1535//1530 1585//1580
f 1573//1568 1535//1530 1586//1581
f 1497//1492 1587//1582 1564//1559
f 1539//1534 1514//1509 1578//1573
f 1521//1516 1528//1523 1584//1579
f 1554//1549 1545//1540 1582//1577
f 1548//1543 1593//1588 1591//1586
f 1577//1572 1574//1569 1578//1573
f 1566//1561 1453//1450 1583//1578
f 1529//1524 1581//1576 1599//1594
f 1581//1576 1529//1524 1530//1525
f 1589//1584 1565//1560 1540//1535
f 1545//1540 1523//1518 1582//1577
f 1585//1580 1546//1541 1568//1563
f 1541//1536 1542//1537 1572//1567
f 1573//1568 1586//1581 1593//1588
f 1537//1532 1588//1583 1503//1498
f 1575//1570 1538//1533 1533//1528
f 1528//1523 1539//1534 1578//1573
f 1561//1556 1541//1536 1600//1595
f 1558//1553 1560//1555 1591//1586
f 1585//1580 1568//1563 1586//1581
f 1582//1577 1523//1518 1590//1585
f 1579//1574 1547//1542 1597//1592
f 1596//1591 1551//1546 1532//1527
f 1568//1563 1557//1552 1558//1553
f 1581//1576 1561//1556 1600//1595
f 1558//1553 1593//1588 1586//1581
f 1593//1588 1558//1553 1591//1586
f 1562//1557 1536//1531 1563//1558
f 1564//1559 1587//1582 1594//1589
f 1550//1545 1549//1544 1595//1590
f 1596//1591 1532//1527 1580//1575
f 1604//1599 1537//1532 1493//1488
f 1578//1573 1574//1569 1592//1587
f 1581//1576 1592//1587 1599//1594
f 1538//1533 1540//1535 1533//1528
f 1568//1563 1558//1553 1586//1581
f 1590//1585 1562//1557 1582//1577
f 1497//1492 1526//1521 1587//1582
f 1549//1544 1564//1559 1595//1590
f 1580//1575 1598//1593 1596//1591
f 1581//1576 1578//1573 1592//1587
f 1601//1596 1521//1516 1584//1579
f 1547//1542 1569//1564 1597//1592
f 1572//1567 1600//1595 1541//1536
f 1554//1549 1606//1601 1526//1521
f 1592//1587 1574//1569 1599//1594
f 1574//1569 1443//1441 1599//1594
f 1566//1561 1571//1566 1556//1551
f 1589//1584 1538//1533 1576//1571
f 1540//1535 1538//1533 1589//1584
f 1600//1595 1578//1573 1581//1576
f 1551//1546 1596//1591 1598//1593
f 1606//1601 1587//1582 1526//1521
f 1563//1558 1518//1513 1551//1546
f 1595//1590 1598//1593 1580//1575
f 1503//1498 1588//1583 1567//1562
f 1528//1523 1578//1573 1600//1595
f 1554//1549 1582//1577 1606//1601
f 1555//1550 1579//1574 1602//1597
f 1572//1567 1542//1537 1555//1550
f 1603//1598 1563//1558 1551//1546
f 1569//1564 1495//1490 1567//1562
f 1595//1590 1564//1559 1598//1593
f 1571//1566 1566//1561 1570//1565
f 1615//1610 1607//1602 1544//1539
f 1544//1539 1521//1516 1601//1596
f 1584//1579 1528//1523 1608//1603
f 1528//1523 1600//1595 1608//1603
f 1608//1603 1600//1595 1572//1567
f 1562//1557 1605//1600 1582//1577
f 1594//1589 1598//1593 1564//1559
f 1588//1583 1537//1532 1604//1599
f 1604//1599 1493//1488 1544//1539
f 1566//1561 1583//1578 1570//1565
f 1606//1601 1609//1604 1587//1582
f 1605//1600 1562//1557 1563//1558
f 1594//1589 1587//1582 1609//1604
f 1615//1610 1544//1539 1601//1596
f 1605//1600 1563//1558 1603//1598
f 1611//1606 1544//1539 1607//1602
f 1584//1579 1608//1603 1601//1596
f 1611//1606 1604//1599 1544//1539
f 1555//1550 1616//1611 1608//1603
f 1579//1574 1597//1592 1602//1597
f 1608//1603 1572//1567 1555//1550
f 1606//1601 1582//1577 1609//1604
f 1609//1604 1582//1577 1605//1600
f 1603//1598 1551//1546 1598//1593
f 1616//1611 1555//1550 1602//1597
f 1604//1599 1611//1606 1610//1605
f 1567//1562 1614//1609 1569//1564
f 1609//1604 1598//1593 1594//1589
f 1588//1583 1604//1599 1613//1608
f 1615//1610 1611//1606 1607//1602
f 1612//1607 1615//1610 1601//1596
f 1609//1604 1605//1600 1598//1593
f 1598//1593 1605//1600 1603//1598
f 1601//1596 1608//1603 1612//1607
f 1621//1616 1615//1610 1612//1607
f 1616//1611 1612//1607 1608//1603
f 1604//1599 1610//1605 1617//1612
f 1597//1592 1569//1564 1614//1609
f 1615//1610 1621//1616 1611//1606
f 1588//1583 1618//1613 1567//1562
f 1616//1611 1602//1597 1620//1615
f 1621//1616 1610//1605 1611//1606
f 1619//1614 1617//1612 1612//1607
f 1619//1614 1612//1607 1616//1611
f 1597//1592 1623//1618 1602//1597
f 1612//1607 1617//1612 1621//1616
f 1614//1609 1567//1562 1618//1613
f 1604//1599 1617//1612 1624//1619
f 1617//1612 1625//1620 1624//1619
f 1617//1612 1619//1614 1625//1620
f 1622//1617 1597//1592 1614//1609
f 1618//1613 1588//1583 1613//1608
f 1613//1608 1604//1599 1624//1619
f 1621//1616 1617//1612 1610//1605
f 1623//1618 1597//1592 1622//1617
f 1602//1597 1623//1618 1620//1615
f 1619//1614 1616//1611 1620//1615
f 1618//1613 1613//1608 1624//1619
f 1627//1622 1625//1620 1619//1614
f 1626//1621 1620//1615 1623//1618
f 1627//1622 1619//1614 1626//1621
f 1619//1614 1620//1615 1626//1621
f 1622//1617 1630//1625 1623//1618
f 1627//1622 1624//1619 1625//1620
f 1627//1622 1618//1613 1624//1619
f 1618//1613 1622//1617 1614//1609
f 1628//1623 1627//1622 1626//1621
f 1630//1625 1626//1621 1623//1618
f 1618//1613 1627//1622 1628//1623
f 1622//1617 1618//1613 1629//1624
f 1618//1613 1628//1623 1629//1624
f 1622//1617 1629//1624 1630//1625
f 1626//1621 1630//1625 1628//1623
f 1629//1624 1628//1623 1630//1625
f 1325//1323 1274//1272 1153//1151
l 706 708
l 1485 1449
l 1645 1642
l 630 664
l 1447 1449
l 1644 1485
l 1474 1643
l 1642 1474
